id,title,description,content,sourceMedia,author,sourceLink,keywords
7,Sơ đồ 'Đầm lầy' Phát triển AI Agent,"Một lời nhắc dựa trên JSON chi tiết dành cho Nano Banana Pro để tạo ra sơ đồ 'Swamp' (một định dạng meme phổ biến trên internet) minh họa tính chất tuần hoàn của việc bị mắc kẹt trong quá trình phát triển AI Agent. Lời nhắc xác định cấu trúc, phong cách (đơn giản, minh họa dễ thương), bố cục (đường dẫn giới thiệu thẳng dẫn vào một vòng lặp theo chiều kim đồng hồ) và các nút cụ thể với nhân vật, hình ảnh và thuật ngữ đối thoại/suy nghĩ của sơ đồ.","diagram:
  title: ""{argument name=""diagram title"" default=""Vòng Lặp Đầm Lầy Phát Triển AI Agent Sinh Thành""}""
  style:
    character: ""simple_editorial_cute""
    tone: ""light_like_original""
    line: ""soft_round""
    shading: ""flat_minimal""
    palette: ""muted_editorial""
    background: ""light_beige_or_white""

  rule:
    first_character_only: ""Chỉ người đầu tiên là khác""
    others_same_character: ""Tất cả những người khác đều là một""
    anxiety_requires_tech_terms: true
    dialogue_tone: ""Giữ nguyên cách diễn đạt ngắn gọn, nhẹ nhàng của sơ đồ gốc""

layout:
  intro_track: ""Phần trên là một đường thẳng (từ trái sang phải), sau đó rẽ xuống để nối vào vòng lặp""
  loop_track: ""Sắp xếp thành một vòng lặp (hình tròn), với các mũi tên cong theo chiều kim đồng hồ dọc theo chu vi""

nodes:
  # ===== Upper Section: Straight Introduction =====
  - id: A
    zone: ""intro""
    position: ""upper_left""
    actor: ""Người khác (Kỹ sư cấp cao)""
    visual: ""Chỉ vào máy tính xách tay""
    item: ""Màn hình Demo AI Agent""
    says: ""Nó sẽ làm bạn hạnh phúc.""
    arrow_to: { id: B, shape: ""straight"", direction: ""right"" }

  - id: B
    zone: ""intro""
    position: ""upper_center""
    actor: ""Nhân vật chính (Cùng một người)""
    visual: ""Vẫy tay nhẹ""
    says: ""Ngay cả một agent đơn giản...""
    arrow_to: { id: C, shape: ""straight"", direction: ""right"" }

  - id: C
    zone: ""intro""
    position: ""upper_right""
    actor: ""Nhân vật chính (Cùng một người)""
    visual: ""Thực thi mã mẫu""
    item: ""Mẫu LangChain / CrewAI""
    arrow_to: { id: D, shape: ""straight"", direction: ""down"" }

  # ===== D: Awakening Point =====
  - id: D
    zone: ""connector""
    position: ""right_outer_before_loop""
    actor: ""Nhân vật chính (Cùng một người)""
    visual:
      face: ""Mắt mở to (dễ thương)""
      effect: ""Vệt sáng nhỏ của sự cảm hứng""
      posture: ""Nghiêng người về phía trước""
    state: ""Thức tỉnh""
    says: ""Agent, cái này thật điên rồ...""
    micro_text: ""(Thức tỉnh ở đây)""
    arrow_to:
      id: E
      shape: ""gentle_curve""
      direction: ""down_into_ring""

  # ===== Loop Start (Must rotate from here) =====
  - id: E
    zone: ""loop""
    position: ""loop_right_upper""
    actor: ""Nhân vật chính (Cùng một người)""
    visual: ""Ôm đầu (dễ thương)""
    state: ""Bắt đầu lo lắng/khó chịu""
    says: ""Khó chịu""
    thought_terms:
      - ""Thiết kế Prompt""
      - ""Lựa chọn công cụ""
      - ""Thiết kế bộ nhớ""
    thought_text: ""Nó không hoạt động như mong đợi...""
    arrow_to: { id: F, shape: ""curved_along_ring"", direction: ""clockwise"" }

  - id: F
    zone: ""loop""
    position: ""loop_right_lower""
    actor: ""Nhân vật chính (Cùng một người)""
    visual: ""Bị bao quanh bởi mã và nhật ký""
    state: ""Sự khó chịu lắng xuống""
    says: ""Trong trạng thái khó chịu""
    callout: ""Vòng lặp! Chạy loạn! Ảo giác!""
    thought_terms:
      - ""RAG""
      - ""Gọi hàm""
      - ""Sử dụng công cụ""
    arrow_to: { id: G, shape: ""curved_along_ring"", direction: ""clockwise"" }

  - id: G
    zone: ""loop""
    position: ""loop_bottom""
    actor: ""Nhân vật chính (Cùng một người)""
    visual: ""Bị bao phủ bởi ghi chú và sơ đồ""
    says: ""Cơ thể dần dần phát triển khả năng chịu đựng, và việc sử dụng tăng lên.""
    items:
      - ""Sơ đồ kiến trúc Agent""
      - ""Ghi nhớ phân công vai trò""
      - ""Luồng chuyển đổi trạng thái""
    arrow_to: { id: H, shape: ""curved_along_ring"", direction: ""clockwise"" }

  - id: H
    zone: ""loop""
    position: ""loop_left_lower""
    actor: ""Nhân vật chính (Cùng một người)""
    visual: ""Hoạt động tốt, nắm tay nhỏ""
    state: ""Thỏa mãn tạm thời""
    says: ""Mong muốn tạm thời được thỏa mãn""
    arrow_to: { id: I, shape: ""curved_along_ring"", direction: ""clockwise"" }

  - id: I
    zone: ""loop""
    position: ""loop_left_upper""
    actor: ""Nhân vật chính (Cùng một người)""
    visual: ""Suy nghĩ lại""
    state: ""Ám ảnh/Chiếm hữu suy nghĩ""
    says: ""Suy nghĩ về agent""","[""https://cms-assets.youmind.com/media/1766667407596_i77nzi_G8ybmHWagAUO-CF.jpg""]","{""name"":""Studio Veco|日本一ダサい画像を生成する人"",""url"":""https://x.com/studio_veco""}",https://x.com/studio_veco/status/2003147059298443496,"Chân dung, Minh họa, Tối giản, Nội thất, Nhân vật, Văn bản, UI/UX, Meme"
13,Hồ sơ / Ảnh đại diện - Chân Dung Biên Tập Chụp Ảnh Tự Sướng Ban Đêm Với Đèn Flash,"Một JSON prompt rất cụ thể để tạo ảnh chân dung selfie cận cảnh siêu chân thực được chụp vào ban đêm bằng đèn flash trực tiếp từ điện thoại, đạt được vẻ ngoài tự nhiên nhưng mang tính biên tập. Nó yêu cầu khóa nhận dạng khuôn mặt nghiêm ngặt, mô tả chi tiết ngoại hình của chủ thể (tóc đen nhánh, chuỗi ngọc trai trên đầu), và chỉ định ánh sáng cùng phông nền (phòng chờ thiếu sáng, hiệu ứng bokeh nổi bật).","{
  ""generation_request"": {
    ""meta_data"": {
      ""tool"": ""NanoBanana Pro"",
      ""task_type"": ""photoreal_selfie_flash_nightlife_editorial"",
      ""version"": ""v1.0_PEARL_HEADCHAIN_SELFIE_FLASH_NO_AI_LOOK_NO_TEXT"",
      ""priority"": ""highest""
    },

    ""references"": {
      ""reference_image_1"": {
        ""source"": ""UPLOAD_REFERENCE_IMAGE (OPTIONAL)"",
        ""purpose"": ""FACE_IDENTITY_AND_GLAM_STYLE_LOCK"",
        ""strict_lock"": true,
        ""face_similarity_priority"": ""MAX"",
        ""no_identity_blending"": true,
        ""no_beautify"": true,
        ""no_age_shift"": true,
        ""preserve_skin_texture"": true,
        ""preserve_facial_proportions"": true,
        ""preserve_expression"": true
      }
    },

    ""output_settings"": {
      ""aspect_ratio"": ""4:5"",
      ""orientation"": ""portrait"",
      ""resolution_target"": ""ultra_high_res"",
      ""render_style"": ""flash_candid_editorial"",
      ""sharpness"": ""flash_crisp_face_soft_background"",
      ""film_grain"": ""subtle_35mm"",
      ""color_grade"": ""warm_night_flash_neutral_skin"",
      ""dynamic_range"": ""natural_not_hdr"",
      ""skin_rendering"": ""real_texture_editorial_finish""
    },

    ""creative_prompt"": {
      ""scene_summary"": ""Chân dung selfie cận cảnh siêu chân thực vào ban đêm với đèn flash điện thoại trực tiếp. Một phụ nữ trẻ quyến rũ với mái tóc đen nhánh dài thẳng nhìn vào máy ảnh với vẻ tự tin, hơi bĩu môi. Cô ấy đeo một chuỗi ngọc trai và pha lê phức tạp (kiểu lưới) phủ lên đường chân tóc với những giọt nhỏ lủng lẳng, cùng với đôi bông tai ngọc trai dài. Trang phục là một chiếc váy yếm lụa óng ánh màu ngà thanh lịch với độ che phủ vừa phải và các nếp vải chân thực. Tổng thể toát lên vẻ sang trọng của cuộc sống về đêm, tự nhiên nhưng mang tính biên tập, với kết cấu da sạch và cấu trúc khuôn mặt hoàn hảo."",

      ""environment"": {
        ""location"": ""phòng chờ trong nhà/ngoài trời mờ ảo / lối vào biệt thự vào ban đêm"",
        ""background"": ""xà gỗ tối màu, ánh sáng thực tế dịu nhẹ xung quanh, độ sâu trường ảnh nông, hiệu ứng bokeh nổi bật"",
        ""lighting"": ""đèn flash điện thoại trực tiếp là nguồn sáng chính, ánh sáng lấp đầy xung quanh tối thiểu, điểm nhấn phản chiếu chân thực trên ngọc trai""
      },

      ""subject"": {
        ""appearance"": {
          ""hair"": ""tóc đen dài thẳng, bóng mượt nhưng tự nhiên, sợi tóc rõ ràng, không bị bóng nhờn"",
          ""makeup"": ""trang điểm nhẹ nhàng quyến rũ, kẻ mắt sắc nét, lông mày rõ ràng, má hồng nhẹ, môi nude bóng, lỗ chân lông chân thực"",
          ""skin"": ""kết cấu da thật, không làm mịn, không có lớp hoàn thiện bằng nhựa""
        },
        ""accessories"": {
          ""headpiece"": ""chuỗi ngọc trai và pha lê dạng lưới, hoa văn lưới đối xứng trên đỉnh đầu, những giọt ngọc trai nhỏ lủng lẳng ở trán và hai bên, lấp lánh chân thực"",
          ""earrings"": ""bông tai ngọc trai dài, thanh lịch, phản chiếu chân thực""
        },
        ""wardrobe"": {
          ""dress"": ""váy yếm lụa óng ánh màu ngà, đường viền cổ thanh lịch, độ che phủ vừa phải, rủ tự nhiên và lấp lánh nhẹ""
        },
        ""pose"": ""góc chụp selfie, cánh tay duỗi về phía máy ảnh, vai thư giãn""
      }
    }
  }
}","[""https://cms-assets.youmind.com/media/1768890662377_5diu24_G_DbnLqWoAAEqSM.jpg""]","{""name"":""Özge Döner"",""url"":""https://x.com/astronomerozge1""}",https://x.com/astronomerozge1/status/2013350554542498168,"Chân dung, Nhiếp ảnh, Điện ảnh, 3D, Nhân vật, Văn bản, Logo, UI/UX"
16,Hồ sơ / Ảnh đại diện - Lời nhắc chuyển đổi chân dung Avatar Girl Studio,"Một JSON prompt chi tiết để tạo ra bức chân dung studio siêu thực của một người phụ nữ, biến đôi tai người của cô ấy thành đôi tai avatar giả tưởng thanh lịch trong khi vẫn giữ nguyên danh tính, kết cấu da và tỷ lệ khuôn mặt dựa trên hình ảnh tham chiếu.","{
  ""JOB_TYPE"": ""image_generation"",
  ""LANGUAGE"": ""vi"",
  ""REFERENCE_IMAGES"": {
    ""REF_1_SUBJECT_IDENTITY"": ""Sử dụng hình ảnh tham chiếu ĐẦU TIÊN làm nguồn DUY NHẤT cho danh tính của người phụ nữ (khuôn mặt, kết cấu da, tàn nhang, vùng mắt, mũi, môi, đường viền hàm, tỷ lệ). Giữ nguyên danh tính của cô ấy."",
    ""REF_2_OPTIONAL"": ""Nếu sử dụng tham chiếu thứ hai, nó CHỈ dành cho tâm trạng/ánh sáng. Không thay đổi danh tính.""
  },
  ""LOCKS"": {
    ""IDENTITY_LOCK"": ""Danh tính của người phụ nữ PHẢI khớp chính xác với REF_1. Không thay đổi tuổi tác, sắc tộc, cấu trúc khuôn mặt, kiểu tàn nhang, hình dạng mắt, mũi, môi hoặc kết cấu da."",
    ""STUDIO_LOCK"": ""Phải trông giống như một bức chân dung studio chuyên nghiệp với phông nền liền mạch màu trắng tinh khiết."",
    ""FRAMING_LOCK"": ""Chân dung chụp từ eo trở lên. Đầu hiển thị đầy đủ. Bố cục căn giữa.""
  },
  ""SCENE"": {
    ""SETTING"": ""phòng chụp ảnh chuyên nghiệp"",
    ""BACKGROUND"": ""phông nền liền mạch màu trắng tinh khiết, sạch sẽ và giảm thiểu bóng"",
    ""LIGHTING"": ""ánh sáng chính softbox + ánh sáng lấp đầy nhẹ nhàng, ánh sáng studio cường độ cao, phơi sáng đều, bóng mềm"",
    ""CAMERA"": {
      ""SHOT_TYPE"": ""chân dung chụp từ eo trở lên"",
      ""ANGLE"": ""ngang tầm mắt"",
      ""LENS_LOOK"": ""kiểu ống kính chân dung, phối cảnh tự nhiên, lấy nét sắc nét vào mắt"",
      ""QUALITY"": ""độ phân giải cực cao, chi tiết sắc nét, kết cấu da tự nhiên""
    }
  },
  ""SUBJECT"": {
    ""POSE"": ""tư thế thư giãn trung tính, vai tự nhiên, đầu hơi nghiêng nếu cần, biểu cảm bình tĩnh tự tin"",
    ""GAZE"": ""nhìn vào máy ảnh"",
    ""CLOTHING"": ""áo đơn giản tối giản (tông màu trung tính), không logo, phù hợp với studio""
  },
  ""TRANSFORMATIONS"": {
    ""AVATAR_EARS"": {
      ""DESCRIPTION"": ""Thay thế tai người bằng tai avatar giả tưởng thanh lịch: thon dài, hơi nhọn, hình dạng hữu cơ mềm mại, gắn tự nhiên vào đầu, hòa trộn và tạo bóng da chân thực, đối xứng, cân đối với khuôn mặt.""
    },
    ""HAIR"": {
      ""COLOR"": ""{argument name=\""hair color\"" default=\""xám bạc gần trắng (rất nhạt), tông lạnh\""}"",
      ""STYLE"": ""tóc tết rasta gọn gàng (tóc tết dreadlock), độ dày từ mỏng đến trung bình, đường rẽ ngôi da đầu rõ ràng, các cạnh gọn gàng, tết chuyên nghiệp, chiều dài bím tóc đồng đều, rủ tự nhiên quanh đầu và vai"",
      ""DETAILS"": ""độ nét sợi tóc cao, không xù, kết cấu sợi tóc chân thực""
    }
  },
  ""RENDERING_STYLE"": {
    ""LOOK"": ""chân dung studio siêu thực với các đặc điểm giả tưởng tinh tế"",
    ""SKIN"": ""giữ nguyên lỗ chân lông và tàn nhang tự nhiên, không da nhựa, không làm mịn quá mức"",
    ""COLOR_GRADING"": ""màu trung tính sạch sẽ, tông màu studio cường độ cao""
  },
  ""NEGATIVE_PROMPT"": [
    ""người khác"",
    ""khuôn mặt bị thay đổi"",
    ""thêm tai"",
    ""tai biến dạng"",
    ""tai không đối xứng"",
    ""mờ"",
    ""độ phân giải thấp"",
    ""hoạt hình"",
    ""anime"",
    ""da quá mịn"",
    ""trang điểm đậm"",
    ""bóng gắt"",
    ""nền màu"",
    ""nền lộn xộn"",
    ""văn bản"",
    ""hình mờ"",
    ""logo"",
    ""cắt đầu"",
    ""ra khỏi khung hình""
  ],
  ""OUTPUT"": {
    ""ASPECT_RATIO"": ""1:1"",
    ""STYLE_STRENGTH"": ""medium"",
    ""REA""
  }
}","[""https://cms-assets.youmind.com/media/1768890743764_g1j1r5_G_BuF5LW0AAIXpP.jpg""]","{""name"":""manolya"",""url"":""https://x.com/manolyaai""}",https://x.com/manolyaai/status/2013230284175495545,"Chân dung, Nhiếp ảnh, Điện ảnh, 3D, Anime, Tối giản, Nhân vật, Thời trang, Logo"
20,Hồ sơ / Ảnh đại diện - E-Girl Chụp Ảnh Tự Sướng Trong Ánh Sáng Hoàng Hôn,"Một JSON prompt chi tiết cho Gemini Nano Banana Pro, tập trung vào việc tạo ra một bức ảnh selfie chân thực như ảnh chụp của một người phụ nữ theo phong cách 'e-girl' hoặc 'soft grunge'. Nó chỉ định tóc vàng bạch kim, áo corset satin trắng in hình hoạt hình, và bối cảnh là hành lang trong nhà ngập tràn ánh nắng vàng ấm áp của giờ vàng.","{
  ""prompt_description"": {
    ""subject"": {
      ""type"": ""phụ nữ"",
      ""hair"": ""tóc dài, thẳng, màu vàng bạch kim"",
      ""features"": ""tông da sáng, trang điểm nhẹ nhàng, ngón tay đặt trên môi"",
      ""tattoos"": ""hình xăm chữ nhỏ trên ngực, hình xăm 'XXX' trên cổ tay""
    },
    ""outfit"": {
      ""top"": ""áo corset satin trắng có họa tiết hoạt hình/anime màu hồng (kiểu {argument name=\""cartoon character\"" default=\""My Melody\""}), viền ren, dây buộc nơ phía trước"",
      ""bottom"": ""chân váy mini xếp ly màu đen, gấu váy cắt thô"",
      ""accessories"": ""vớ đùi cao màu đen có ren phía trên, quần tất lưới"",
      ""phone_case"": ""ốp điện thoại minh họa phong cách anime đen trắng đồ họa""
    },
    ""pose"": {
      ""type"": ""selfie gương"",
      ""stance"": ""đứng, một bên hông hếch lên"",
      ""hand_position"": ""cầm điện thoại bằng tay phải, tay trái chạm môi""
    },
    ""environment"": {
      ""location"": ""hành lang hoặc phòng ngủ trong nhà"",
      ""background"": ""tường trắng, sàn gạch xám, áp phích đóng khung trên tường"",
      ""lighting"": ""ánh sáng mặt trời hoàng hôn vàng ấm, bóng đổ mềm mại"",
      ""decor"": ""tối giản, cây cảnh trong chậu ở hậu cảnh""
    },
    ""style"": {
      ""aesthetic"": ""e-girl, soft grunge, coquette, hợp thời trang"",
      ""camera_angle"": ""ngang tầm mắt, phản chiếu"",
      ""quality"": ""độ nét cao, chân thực như ảnh, màu sắc sống động""
    }
  }
}","[""https://cms-assets.youmind.com/media/1768890708248_z2jdm2_G-_zv_DXYAAIGDC.jpg""]","{""name"":""Mira"",""url"":""https://x.com/xmiiru_""}",https://x.com/xmiiru_/status/2013095567547666866,"Chân dung, Nhiếp ảnh, Điện ảnh, Minh họa, Anime, Tối giản, Nhân vật, Xe cộ, Thời trang, Văn bản, Poster"
21,Hồ sơ / Ảnh đại diện - Lời nhắc tạo ảnh tự họa (Placeholder),Một lời nhắc giữ chỗ được sử dụng trong quy trình làm việc để tạo ảnh tự chụp bằng Gemini Nano Banana Pro. Quy trình làm việc bao gồm việc tải lên những bức ảnh rõ nét về khuôn mặt của người dùng và sau đó sử dụng lời nhắc này để tạo hình ảnh.,"Tạo một bức chân dung siêu thực của chủ thể đã tải lên theo phong cách {argument name=""style"" default=""biên tập thời trang điện ảnh""} với {argument name=""lighting"" default=""ánh sáng studio ấn tượng""} và {argument name=""background"" default=""phông nền tối giản""}.","[""https://cms-assets.youmind.com/media/1768890740648_6sohxb_G-_wqcmXEAAYHrM.jpg""]","{""name"":""七表哥"",""url"":""https://x.com/seven_cuz""}",https://x.com/seven_cuz/status/2013092400701608349,"Chân dung, Điện ảnh, Tối giản, Cổ điển, Thời trang"
22,Hồ sơ / Ảnh đại diện - E-Girl Tự Chụp Ảnh Trong Ánh Sáng Hoàng Hôn (Bản Sao),"Một JSON prompt chi tiết cho Gemini Nano Banana Pro, tập trung vào việc tạo ra một bức ảnh selfie chân thực như ảnh chụp của một người phụ nữ theo phong cách 'e-girl' hoặc 'soft grunge'. Nó chỉ định tóc vàng bạch kim, áo corset bằng sa tanh trắng có in hình hoạt hình và bối cảnh là hành lang trong nhà ngập tràn ánh nắng vàng ấm áp của giờ vàng. (Bản sao của 2013095567547666866)","{
  ""prompt_description"": {
    ""subject"": {
      ""type"": ""phụ nữ"",
      ""hair"": ""tóc dài, thẳng, vàng bạch kim"",
      ""features"": ""da sáng, trang điểm nhẹ nhàng, ngón tay đặt trên môi"",
      ""tattoos"": ""hình xăm chữ nhỏ trên ngực, hình xăm 'XXX' trên cổ tay""
    },
    ""outfit"": {
      ""top"": ""áo corset satin trắng in hình hoạt hình/anime màu hồng (kiểu {argument name=\""cartoon character\"" default=\""My Melody\""}), viền ren, dây buộc nơ phía trước"",
      ""bottom"": ""chân váy mini xếp ly màu đen, gấu váy cắt thô"",
      ""accessories"": ""vớ đùi cao màu đen có ren, quần tất lưới"",
      ""phone_case"": ""ốp điện thoại minh họa phong cách anime đen trắng đồ họa""
    },
    ""pose"": {
      ""type"": ""tự chụp ảnh qua gương"",
      ""stance"": ""đứng, một bên hông hếch lên"",
      ""hand_position"": ""cầm điện thoại bằng tay phải, tay trái chạm môi""
    },
    ""environment"": {
      ""location"": ""hành lang hoặc phòng ngủ trong nhà"",
      ""background"": ""tường trắng, sàn gạch xám, áp phích đóng khung trên tường"",
      ""lighting"": ""ánh sáng mặt trời hoàng hôn vàng ấm, bóng đổ mềm mại"",
      ""decor"": ""tối giản, cây cảnh trong chậu ở hậu cảnh""
    },
    ""style"": {
      ""aesthetic"": ""e-girl, soft grunge, coquette, hợp thời trang"",
      ""camera_angle"": ""ngang tầm mắt, phản chiếu"",
      ""quality"": ""độ nét cao, chân thực như ảnh, màu sắc sống động""
    }
  }
}","[""https://cms-assets.youmind.com/media/1768890709718_8jx82s_G-_pBv0W0AAv4gM.jpg""]","{""name"":""Sudee🥀"",""url"":""https://x.com/NameIsSudee""}",https://x.com/NameIsSudee/status/2013083792937009531,"Chân dung, Nhiếp ảnh, Điện ảnh, Minh họa, Anime, Tối giản, Nhân vật, Xe cộ, Thời trang, Văn bản, Poster"
25,Hồ sơ / Ảnh đại diện - Ảnh phong cách sống của người có ảnh hưởng cao cấp với chủ đề Cheetos,"Một JSON prompt toàn diện cho Nano Banana Pro để tạo ra một hình ảnh phong cách sống siêu chân thực, cao cấp về một người mẫu nữ có đường cong tạo dáng tinh nghịch trên bàn bếp với các phụ kiện chủ đề Cheetos, nhấn mạnh độ sắc nét và ánh sáng tự nhiên ban ngày.","{
  ""meta"": {
    ""aspect_ratio"": ""9:16"",
    ""quality"": ""ultra_photorealistic"",
    ""resolution"": ""8k"",
    ""camera"": ""Sony A7R IV"",
    ""lens"": ""50mm f/1.4 GM"",
    ""style"": ""chụp ảnh phong cách sống của người có ảnh hưởng cao cấp, lấy nét sắc nét, ánh sáng tự nhiên ban ngày, tính thẩm mỹ của tệp thô""
  },

  ""scene"": {
    ""location"": ""nhà bếp ở nhà ngoại ô"",
    ""environment"": [
      ""mặt bàn đá granite với các đốm màu be và nâu"",
      ""tủ gỗ tối màu ở phía sau"",
      ""khu vực ăn uống mờ ảo với ghế tối màu"",
      ""cửa sổ lớn có rèm cho ánh sáng tự nhiên chiếu vào"",
      ""cây xanh nhìn thấy qua cửa sổ mờ""
    ],
    ""time"": ""giữa trưa"",
    ""atmosphere"": ""vui tươi, tinh nghịch, sống động, quyến rũ giản dị""
  },

  ""lighting"": {
    ""type"": ""ánh sáng tự nhiên và ánh sáng trong nhà hỗn hợp"",
    ""key_light"": ""ánh sáng ban ngày khuếch tán mềm mại từ cửa sổ (phía sau bên phải)"",
    ""fill_light"": ""ánh sáng xung quanh phòng phản chiếu từ các bức tường sáng"",
    ""effect"": ""bóng mềm trên da, điểm sáng rực rỡ trên tóc, độ giảm tự nhiên ở hậu cảnh"",
    ""reflections"": ""phản chiếu bóng loáng trên các túi Cheetos""
  },

  ""camera_perspective"": {
    ""pov"": ""ngang tầm mắt so với chủ thể trên quầy"",
    ""framing"": ""cảnh trung bình, từ đầu gối đến đầu"",
    ""focus"": ""độ sâu trường ảnh nông (phông nền bokeh), lấy nét sắc nét vào mắt và mặt""
  },

  ""subject"": {
    ""gender"": ""nữ"",
    ""age"": ""đầu tuổi 20"",
    ""ethnicity"": ""Caucasian"",
    ""body"": {
      ""type"": ""thể hình cân đối, có đường cong"",
      ""skin"": ""da trắng, kết cấu da chân thực với lỗ chân lông có thể nhìn thấy và màu hồng tự nhiên, không chỉnh sửa bằng airbrush"",
      ""waist"": ""thon gọn"",
      ""glutes"": ""nổi bật và có đường cong (được nhấn mạnh bởi tư thế)"",
      ""legs"": ""săn chắc""
    },

    ""hair"": {
      ""color"": ""đỏ đồng rực rỡ"",
      ""length"": ""dài, đến giữa lưng"",
      ""style"": ""thẳng với kiểu tóc đuôi ngựa buộc nửa đầu cao, những sợi tóc lỏng lẻo ôm lấy khuôn mặt"",
      ""texture"": ""mượt mà nhưng chân thực, bắt sáng""
    },

    ""face"": {
      ""expression"": ""nụ cười quyến rũ, ánh mắt tự tin nhìn lại qua vai"",
      ""eyes"": ""xanh dương sáng sắc sảo"",
      ""makeup"": ""trang điểm lộng lẫy, nền lì, mascara đậm, kẻ mắt cánh, môi hồng nhạt"",
      ""details"": ""đường quai hàm sắc nét, khuyên tai vòng bạc có thể nhìn thấy""
    },

    ""pose"": {
      ""position"": ""quỳ trên đảo bếp/quầy"",
      ""orientation"": ""nhìn nghiêng/cạnh, xoay thân về phía máy ảnh"",
      ""back"": ""cong mạnh (tư thế ưỡn cột sống)"",
      ""hands"": ""đặt trên đùi/quầy để hỗ trợ"",
      ""head"": ""hơi quay sang trái để đối mặt trực tiếp với ống kính""
    },

    ""outfit"": {
      ""bikini"": {
        ""color"": ""{argument name=\""bikini color\"" default=\""bright yellow\""} với viền cam"",
        ""style"": ""áo tam giác và quần lọt khe"",
        ""fabric"": ""chất liệu đồ bơi lì, dây áo hơi căng"",
        ""details"": ""dây buộc ở cổ và hông""
      },
      ""accessories"": {
        ""socks"": ""tất mắt cá chân với họa tiết ngọn lửa kiểu Cheetos (vàng/đỏ/cam)"",
        ""jewelry"": ""khuyên tai vòng bạc lớn mỏng, del""
      }
    }
  }
}","[""https://cms-assets.youmind.com/media/1768804267806_x3g5yk_G-82wiRWIAArc6r.jpg""]","{""name"":""Bananai"",""url"":""https://x.com/aibananai""}",https://x.com/aibananai/status/2012887772235743238,"Chân dung, Nhiếp ảnh, Điện ảnh, Nhân vật, Xe cộ, Thời trang, Thành phố, Văn bản, UI/UX"
26,Hồ sơ / Ảnh đại diện - Gen Z Influencer Chụp Ảnh Tự Sướng Trong Hành Lang Màu Pastel,"Một lời nhắc tạo ảnh cực kỳ chi tiết, chân thực như ảnh chụp cho một bức ảnh selfie trước gương với phong cách của một influencer Gen Z. Nó mô tả ngoại hình của chủ thể (tóc búi không gian màu vàng bạch kim, trang điểm cụ thể), trang phục (váy ống xếp ly màu xanh pastel, giày cao gót màu cam), tư thế (quỳ gối, kéo tóc) và một môi trường hành lang trong nhà màu pastel chi tiết, bao gồm cả chi tiết điện thoại cụ thể.","{
  ""meta_data"": {
    ""prompt_version"": ""2.0"",
    ""use_case"": ""Tạo ảnh siêu thực"",
    ""main_subject_count"": 1
  },
  ""subject_layer"": {
    ""anatomy"": {
      ""demographics"": {
        ""gender"": ""Nữ"",
        ""age_group"": ""Người trẻ tuổi"",
        ""ethnicity"": ""Da trắng"",
        ""skin_tone"": ""Sáng với tông đào ấm"",
        ""build"": ""Cân đối, nhỏ nhắn""
      },
      ""face_detail"": {
        ""eyes"": {
          ""color"": ""Xanh dương"",
          ""makeup"": ""Kẻ mắt mèo đen sắc sảo, lông mi rõ nét""
        },
        ""nose"": ""Nhỏ, hình cúc áo"",
        ""mouth"": {
          ""shape"": ""Mở hình chữ 'O' (chu môi/ngạc nhiên)"",
          ""teeth_visibility"": ""Thấy răng trên"",
          ""tongue_visibility"": ""Hơi thấy lưỡi phía sau răng"",
          ""lip_color"": ""Hồng nhạt, tự nhiên""
        },
        ""complexion_accents"": ""Má hồng đậm màu hồng cánh sen trên má và sống mũi (kiểu da rám nắng)""
      },
      ""hair"": {
        ""color"": ""Tóc vàng bạch kim"",
        ""style_core"": ""Hai búi tóc không gọn gàng trên đỉnh đầu"",
        ""framing"": ""Những sợi tóc dài buông lơi ôm lấy khuôn mặt"",
        ""interaction"": ""Chủ thể đang kéo một sợi tóc dài sang một bên bằng tay trái""
      }
    },
    ""attire_layer"": {
      ""garment_main"": {
        ""item"": ""Đầm ống"",
        ""length"": ""Ngắn"",
        ""fit"": ""Ôm sát/Bodycon"",
        ""color"": ""{argument name=\""dress color\"" default=\""Xanh lá chanh pastel\""}"",
        ""texture"": ""Vải nhún, các nếp gấp ngang tự nhiên""
      },
      ""accessories"": {
        ""neck"": ""Vòng cổ choker hạt màu xanh ngọc/xanh mòng két to bản""
      },
      ""footwear"": {
        ""type"": ""Giày cao gót mũi nhọn"",
        ""visibility"": ""Một chiếc giày có thể nhìn thấy trên bàn chân nhấc lên"",
        ""color_way"": ""Cam""
      }
    },
    ""pose_dynamics"": {
      ""posture"": ""Quỳ trên sàn, đầu gối dang rộng, hơi ưỡn lưng dưới"",
      ""orientation"": ""Hướng mặt về phía gương"",
      ""limb_placement"": {
        ""right_arm"": ""Giơ lên cầm điện thoại gần mặt"",
        ""left_arm"": ""Duỗi sang bên giữ sợi tóc"",
        ""legs"": ""Quỳ gối, một bàn chân hơi nhấc lên phía sau""
      }
    }
  },
  ""environment_layer"": {
    ""setting_type"": ""Hành lang/sảnh trong nhà"",
    ""spatial_layout"": {
      ""floor"": ""Thảm trải sàn màu vàng nhạt sang trọng"",
      ""walls"": ""Sơn màu hồng nhạt, ván chân tường màu trắng"",
      ""background_left"": ""Cửa gỗ màu đỏ với tay nắm bạc, công tắc đèn màu trắng"",
      ""background_right"": ""Cầu thang với lan can màu hồng và bậc thang trải thảm màu tím""
    }
  },
  ""composition_and_tech"": {
    ""framing"": {
      ""type"": ""Ảnh tự chụp qua gương"",
      ""angle"": ""Ngang tầm mắt"",
      ""prop_device"": ""Điện thoại thông minh iPhone màu trắng ngà, ốp lưng óng ánh/cầu vồng, camera sau có thể nhìn thấy""
    },
    ""lighting"": {
      ""source"": ""Ánh sáng tự nhiên trong nhà khuếch tán"",
      ""direction"": ""Trước/Phải"",
      ""shadows"": ""Bóng mềm, tự nhiên trên tường phía sau""
    },
    ""aesthetic_style"": {
      ""visual_core"": ""Chủ nghĩa siêu thực"",
      ""vibe"": ""Gen Z Infl""
    }
  }
}","[""https://cms-assets.youmind.com/media/1768804290245_yyhrbj_G-8HddUX0AAJbA4.jpg"",""https://cms-assets.youmind.com/media/1768804290325_vsx8to_G-8w2MhWsAANB8i.jpg"",""https://cms-assets.youmind.com/media/1768804290419_4oztcw_G-8w2OvWIAAvfYU.jpg"",""https://cms-assets.youmind.com/media/1768804291792_2opmkn_G-8HddUWsAA21S7.jpg""]","{""name"":""KeorUnreal"",""url"":""https://x.com/KeorUnreal""}",https://x.com/KeorUnreal/status/2012881277297311760,"Chân dung, Nhóm người, Nhiếp ảnh, Điện ảnh, Thành phố, Văn bản, UI/UX"
27,Hồ sơ / Ảnh đại diện - Ảnh Chụp Selfie Phản Chiếu Chân Thực Với Tóc Búi Không Gian Và Váy Hồng (Bản Sao),"Một JSON prompt chi tiết cho Nano Banana Pro để tạo ra một bức ảnh selfie phản chiếu chân thực của một phụ nữ trẻ đang quỳ trên sàn trải thảm, mặc một chiếc váy ống màu hồng pastel và đi giày thể thao cổ cao, nhấn mạnh các biểu cảm khuôn mặt cụ thể, kiểu tóc (tóc búi hai bên), và bố cục môi trường chi tiết.","{
  ""meta_data"": {
    ""prompt_version"": ""2.0"",
    ""use_case"": ""Photorealistic Image Generation"",
    ""main_subject_count"": 1
  },
  ""subject_layer"": {
    ""anatomy"": {
      ""demographics"": {
        ""gender"": ""Nữ"",
        ""age_group"": ""Người trẻ tuổi"",
        ""ethnicity"": ""Da trắng"",
        ""skin_tone"": ""Sáng với tông đào ấm"",
        ""build"": ""Mảnh mai, nhỏ nhắn""
      },
      ""face_detail"": {
        ""eyes"": {
          ""color"": ""Xanh dương/Xám"",
          ""makeup"": ""Kẻ mắt mèo sắc nét màu đen, lông mi rõ ràng""
        },
        ""nose"": ""Nhỏ, hình cúc áo"",
        ""mouth"": {
          ""shape"": ""Mở hình chữ 'O' (chu môi/ngạc nhiên)"",
          ""teeth_visibility"": ""Thấy răng hàm trên"",
          ""tongue_visibility"": ""Hơi thấy lưỡi phía sau răng"",
          ""lip_color"": ""Hồng nhạt, tự nhiên""
        },
        ""complexion_accents"": ""Má hồng đậm màu hồng phấn trên má và sống mũi (kiểu da rám nắng)""
      },
      ""hair"": {
        ""color"": ""Vàng sẫm đến nâu nhạt"",
        ""style_core"": ""Hai búi tóc cao lộn xộn"",
        ""framing"": ""Những sợi tóc dài lỏng lẻo ôm lấy khuôn mặt"",
        ""interaction"": ""Chủ thể đang dùng tay trái kéo một sợi tóc dài sang một bên""
      }
    },
    ""attire_layer"": {
      ""garment_main"": {
        ""item"": ""Váy ống"",
        ""length"": ""Ngắn"",
        ""fit"": ""Ôm sát/Bodycon"",
        ""color"": ""{argument name=\""dress color\"" default=\""Hồng pastel\""}"",
        ""texture"": ""Vải nhún, các nếp gấp ngang tự nhiên""
      },
      ""accessories"": {
        ""neck"": ""Vòng cổ choker hạt màu xanh ngọc/xanh mòng két to bản""
      },
      ""footwear"": {
        ""type"": ""Giày thể thao cổ cao"",
        ""visibility"": ""Một chiếc giày có thể nhìn thấy trên bàn chân nhấc lên"",
        ""color_way"": ""Đế trắng với các mảng màu xanh navy và xám""
      }
    },
    ""pose_dynamics"": {
      ""posture"": ""Quỳ trên sàn, hai đầu gối dang rộng, hơi ưỡn lưng dưới"",
      ""orientation"": ""Hướng mặt về phía gương"",
      ""limb_placement"": {
        ""right_arm"": ""Giơ lên cầm điện thoại gần mặt"",
        ""left_arm"": ""Duỗi sang một bên giữ sợi tóc"",
        ""legs"": ""Quỳ, một bàn chân hơi nhấc lên phía sau""
      }
    }
  },
  ""environment_layer"": {
    ""setting_type"": ""Hành lang/ chiếu nghỉ trong nhà"",
    ""spatial_layout"": {
      ""floor"": ""Thảm lông màu xám nhạt trải kín sàn"",
      ""walls"": ""Sơn màu xanh lam-xám nhạt, chân tường màu trắng"",
      ""background_left"": ""Cửa gỗ màu trắng với tay nắm bạc, công tắc đèn màu trắng"",
      ""background_right"": ""Cầu thang với lan can trắng và bậc thang trải thảm xám""
    }
  },
  ""composition_and_tech"": {
    ""framing"": {
      ""type"": ""Chụp ảnh tự sướng qua gương"",
      ""angle"": ""Ngang tầm mắt"",
      ""prop_device"": ""Điện thoại thông minh màu trắng, ốp lưng màu ngọc trai/cầu vồng, có thể nhìn thấy camera sau""
    },
    ""lighting"": {
      ""source"": ""Ánh sáng tự nhiên trong nhà khuếch tán"",
      ""direction"": ""Phía trước/Bên phải"",
      ""shadows"": ""Bóng mềm mại, tự nhiên trên bức tường phía sau""
    },
    ""aesthetic_style"": {
      ""visual_core"": ""Chủ nghĩa hiện thực ảnh"",
      ""vibe"": """"
    }
  }
}","[""https://cms-assets.youmind.com/media/1768804287979_vtssaf_G-8kul8XQAEeLFK.jpg""]","{""name"":""Emer"",""url"":""https://x.com/emer_web3""}",https://x.com/emer_web3/status/2012867953574936773,"Chân dung, Nhóm người, Nhiếp ảnh, Điện ảnh, Thành phố, Văn bản, UI/UX"
28,Hồ sơ / Ảnh đại diện - Ảnh selfie chân thực như ảnh chụp gương với tóc búi hai bên và váy hồng,"Một JSON prompt chi tiết cho Nano Banana Pro để tạo ra một bức ảnh selfie chân thực như ảnh chụp của một phụ nữ trẻ đang quỳ trên sàn trải thảm, mặc một chiếc váy ống màu hồng pastel và đi giày thể thao cổ cao, nhấn mạnh các biểu cảm khuôn mặt cụ thể, kiểu tóc (tóc búi hai bên), và bố cục môi trường chi tiết.","{
  ""meta_data"": {
    ""prompt_version"": ""2.0"",
    ""use_case"": ""Photorealistic Image Generation"",
    ""main_subject_count"": 1
  },
  ""subject_layer"": {
    ""anatomy"": {
      ""demographics"": {
        ""gender"": ""Nữ"",
        ""age_group"": ""Người trẻ tuổi"",
        ""ethnicity"": ""Da trắng"",
        ""skin_tone"": ""Sáng với tông đào ấm"",
        ""build"": ""Mảnh mai, nhỏ nhắn""
      },
      ""face_detail"": {
        ""eyes"": {
          ""color"": ""Xanh dương/Xám"",
          ""makeup"": ""Kẻ mắt mèo đen sắc sảo, lông mi rõ nét""
        },
        ""nose"": ""Nhỏ, hình cúc áo"",
        ""mouth"": {
          ""shape"": ""Mở hình chữ 'O' (chu môi/ngạc nhiên)"",
          ""teeth_visibility"": ""Thấy răng hàm trên"",
          ""tongue_visibility"": ""Hơi thấy lưỡi phía sau răng"",
          ""lip_color"": ""Hồng nhạt, tự nhiên""
        },
        ""complexion_accents"": ""Má hồng đậm màu hồng phấn trên má và sống mũi (kiểu da rám nắng)""
      },
      ""hair"": {
        ""color"": ""Vàng sẫm đến nâu nhạt"",
        ""style_core"": ""Hai búi tóc cao lộn xộn"",
        ""framing"": ""Những lọn tóc dài buông lơi ôm lấy khuôn mặt"",
        ""interaction"": ""Chủ thể đang dùng tay trái kéo một lọn tóc dài sang một bên""
      }
    },
    ""attire_layer"": {
      ""garment_main"": {
        ""item"": ""Váy ống"",
        ""length"": ""Ngắn"",
        ""fit"": ""Ôm sát/Bodycon"",
        ""color"": ""{argument name=\""dress color\"" default=\""Hồng pastel\""}"",
        ""texture"": ""Vải nhún, có các nếp gấp ngang tự nhiên""
      },
      ""accessories"": {
        ""neck"": ""Vòng cổ choker hạt màu xanh ngọc/xanh mòng két to bản""
      },
      ""footwear"": {
        ""type"": ""Giày thể thao cổ cao"",
        ""visibility"": ""Một chiếc giày có thể nhìn thấy trên bàn chân nhấc lên"",
        ""color_way"": ""Đế trắng với các mảng màu xanh navy và xám""
      }
    },
    ""pose_dynamics"": {
      ""posture"": ""Quỳ trên sàn, đầu gối dang rộng, hơi ưỡn lưng dưới"",
      ""orientation"": ""Hướng mặt về phía gương"",
      ""limb_placement"": {
        ""right_arm"": ""Giơ lên cầm điện thoại gần mặt"",
        ""left_arm"": ""Duỗi sang bên giữ lọn tóc"",
        ""legs"": ""Quỳ, một bàn chân hơi nhấc lên phía sau""
      }
    }
  },
  ""environment_layer"": {
    ""setting_type"": ""Hành lang/ chiếu nghỉ trong nhà"",
    ""spatial_layout"": {
      ""floor"": ""Thảm lông màu xám nhạt trải kín sàn"",
      ""walls"": ""Sơn màu xanh xám nhạt, chân tường màu trắng"",
      ""background_left"": ""Cửa gỗ màu trắng có ô kính với tay nắm bạc, công tắc đèn màu trắng"",
      ""background_right"": ""Cầu thang với lan can màu trắng và bậc thang trải thảm xám""
    }
  },
  ""composition_and_tech"": {
    ""framing"": {
      ""type"": ""Chụp ảnh tự sướng qua gương"",
      ""angle"": ""Ngang tầm mắt"",
      ""prop_device"": ""Điện thoại thông minh màu trắng, ốp lưng màu ngọc trai/cầu vồng, có thể nhìn thấy camera sau""
    },
    ""lighting"": {
      ""source"": ""Ánh sáng tự nhiên trong nhà khuếch tán"",
      ""direction"": ""Phía trước/Bên phải"",
      ""shadows"": ""Bóng đổ mềm mại, tự nhiên trên bức tường phía sau""
    },
    ""aesthetic_style"": {
      ""visual_core"": ""Chủ nghĩa hiện thực ảnh"",
      ""vibe"": """"
    }
  }
}","[""https://cms-assets.youmind.com/media/1768804277697_9ns3jh_G-8HddUX0AAJbA4.jpg"",""https://cms-assets.youmind.com/media/1768804278178_tuzoub_G-8HddUWsAA21S7.jpg""]","{""name"":""Melisa♡"",""url"":""https://x.com/xmliisu""}",https://x.com/xmliisu/status/2012835782151594157,"Chân dung, Nhóm người, Nhiếp ảnh, Điện ảnh, Thành phố, Văn bản, UI/UX"
32,Bài đăng trên mạng xã hội - Lời nhắc tổng hợp quảng cáo trên mạng xã hội,"Một Nano Banana Pro prompt có cấu trúc chặt chẽ được thiết kế để tạo ra một hình ảnh tổng hợp, trong đó một nhân vật (dựa trên hình ảnh tham chiếu) được ghép lên một ảnh chụp màn hình trang hồ sơ mạng xã hội, đang tích cực chỉ vào nút 'Follow'. Nó chỉ định tính nhất quán về danh tính, góc chụp selfie từ trên cao và cử chỉ tay chi tiết để mô phỏng việc nhấn nút đăng ký, nhằm mục đích tạo phong cách quảng cáo của người có ảnh hưởng.","{
  ""edit_type"": ""creative_composite_layering"",

  ""source"": {
    ""_hint"": ""Logic cơ bản: Nhân vật (Tham chiếu 1) được đặt LÊN TRÊN Ảnh nền (Tham chiếu 2)."",
    ""mode"": ""EDIT"",
    ""reference_images"": {
      ""first"": ""foreground_character_person"",
      ""second"": ""background_scenery_or_pattern""
    },
    ""preserve_from_first"": {
      ""same_person_or_group"": true,
      ""same_faces"": true,
      ""same_hairstyles"": true,
      ""same_outfits"": true
    }
  },

  ""identity"": {
    ""keep_identity_consistent"": true,
    ""expression"": ""bright_engaging_smile_at_camera""
  },

  ""camera_effect"": {
    ""_hint"": ""Phong cách selfie góc cao, tạo cảm giác chiều sâu giữa bàn tay và khuôn mặt."",
    ""perspective"": ""high_angle_shot_looking_down"",
    ""style"": ""social_media_call_to_action"",
    ""depth_of_field"": ""focus_on_face_and_pointing_finger"",
    ""framing"": ""character_centered_with_space_at_top_right""
  },

  ""pose"": {
    ""_hint"": ""Hành động chính: Nằm nhưng chủ động chỉ vào khu vực nút 'Theo dõi' (Trên cùng bên phải)."",
    ""pose_style"": ""lying_down_or_reclining_on_back"",
    ""face_direction"": ""looking_directly_up_into_lens"",
    ""hand_gestures"": {
      ""right_hand_action"": ""pointing_index_finger"",
      ""target_direction"": ""upper_right_corner_45_degrees"",
      ""purpose"": ""mimicking_pressing_subscribe_button"",
      ""arm_position"": ""extended_towards_camera_top_right""
    },
    ""body_language"": ""inviting_and_energetic"",
    ""style_tags"": [
      ""kpop_idol_fan_service"",
      ""influencer_promo_style"",
      ""dynamic_perspective""
    ]
  },

  ""background_integration"": {
    ""_hint"": ""Hình ảnh tham chiếu thứ hai là nền/sàn."",
    ""method"": ""full_background_replacement"",
    ""target_area"": ""entire_canvas_behind_character"",
    ""content_source"": ""reference_image_second"",
    ""perspective_match"": ""flat_lay_style"",
    ""rules"": {
      ""character_must_be_top_layer"": true,
      ""leave_space_in_upper_right_for_ui"": true
    }
  },

  ""composition"": {
    ""_hi"": """"
  }
}","[""https://cms-assets.youmind.com/media/1768890722190_d6cx29_G_Fa-sGXwAASQrG.jpg""]","{""name"":""BeautyVerse"",""url"":""https://x.com/BeautyVerse_Lab""}",https://x.com/BeautyVerse_Lab/status/2013490554466939282,"Chân dung, Nhóm người, Nhiếp ảnh, Tối giản, Sản phẩm, Nhân vật, Thời trang, Trừu tượng, Logo, UI/UX"
33,Bài đăng trên mạng xã hội - Lời nhắc hiện thực siêu chân thực về người có ảnh hưởng đen tối,"Một lời nhắc (prompt) định dạng JSON cực kỳ chi tiết để tạo ra hình ảnh siêu chân thực của một phụ nữ đang chụp ảnh selfie trước gương trong phòng thay đồ của một căn penthouse sang trọng, nhấn mạnh phong cách hiện thực của những người có ảnh hưởng (influencer) với tông màu tối, ánh sáng yếu và kết cấu da tự nhiên.","{
  ""meta"": {
    ""aspect_ratio"": ""9:16"",
    ""quality"": ""ultra_photorealistic"",
    ""resolution"": ""8k"",
    ""camera"": ""iPhone 15 Pro"",
    ""lens"": ""26mm"",
    ""style"": ""dark influencer realism, low light iphone look, natural skin texture, subtle grain, imperfect handheld framing""
  },

  ""scene"": {
    ""location"": ""phòng thay đồ sang trọng trong căn penthouse"",
    ""environment"": [
      ""tấm gương lớn từ sàn đến trần"",
      ""cửa tủ quần áo màu đen bóng"",
      ""ghế nhung màu be ấm áp"",
      ""khay trang sức mở với các món đồ nằm rải rác"",
      ""đường chân trời thành phố mờ ảo nhìn qua cửa kính""
    ],
    ""time"": ""sau nửa đêm"",
    ""atmosphere"": ""riêng tư, đắt tiền, hơi nóng sau bữa tiệc, thân mật một cách nguy hiểm""
  },

  ""lighting"": {
    ""type"": ""ánh sáng xung quanh thấp + điểm nhấn ấm áp"",
    ""sources"": [
      ""đèn mờ ấm áp phía sau chủ thể"",
      ""dải đèn LED nhỏ bên trong các kệ tủ quần áo"",
      ""ánh sáng mờ ảo từ thành phố qua cửa sổ""
    ],
    ""direction"": ""ánh sáng viền phía sau + bên hông tạo hình hông, eo và ngực"",
    ""effect"": ""bóng sâu, điểm sáng ấm áp trên các đường cong, bóng tối điện ảnh, nhiễu hạt nhẹ kiểu iPhone""
  },

  ""subject"": {
    ""gender"": ""{argument name=\""gender\"" default=\""female\""}"",
    ""age_vibe"": ""người trẻ tuổi"",
    ""ethnicity"": ""người Đông Âu tóc vàng"",

    ""body"": {
      ""type"": ""dáng đồng hồ cát mảnh mai"",
      ""chest"": ""rất đầy đặn và nổi bật"",
      ""waist"": ""nhỏ nhắn"",
      ""hips"": ""tròn và cong"",
      ""legs"": ""dài, mịn màng, thanh lịch""
    },

    ""skin"": {
      ""tone"": ""sứ với ánh sáng ấm áp mờ ảo"",
      ""texture"": ""lỗ chân lông thật, bóng tự nhiên, không chỉnh sửa bằng airbrush""
    },

    ""hair"": {
      ""color"": ""tóc vàng bạch kim"",
      ""style"": ""tóc gợn sóng dài buông xõa"",
      ""details"": ""những lọn tóc bóng mượt bắt ánh đèn ấm áp""
    },

    ""face"": {
      ""structure"": ""rất xinh đẹp, như búp bê"",
      ""expression"": ""tự tin lạnh lùng, điềm tĩnh"",
      ""eyes"": ""mắt xanh nhạt, khép hờ"",
      ""mouth"": ""môi đầy đặn hơi hé mở"",
      ""makeup"": ""trang điểm nhẹ nhàng quyến rũ, lông mi dày, tạo khối tinh tế, môi bóng""
    }
  },

  ""pose"": {
    ""overall"": ""chụp ảnh tự sướng qua gương, đứng góc 3/4, lưng cong sâu"",

    ""lower_body"": {
      ""legs"": ""một chân thẳng, chân kia hơi cong nhẹ"",
      ""stance"": ""ổn định và có chủ ý""
    },

    ""hips"": {
      ""position"": ""đẩy ra sau và hơi nghiêng"",
      ""effect"": ""hông chiếm ưu thế khung hình với bóng đổ""
    },

    ""torso"": {
      ""arch"": ""lưng dưới cong sâu"",
      ""chest"": ""hướng về phía trước một cách tự nhiên"",
      ""posture"": ""sự thống trị thầm lặng, sự tự tin được thương mại hóa""
    },

    ""arms"": {
      ""one_arm"": ""một tay nhẹ nhàng chạm mép gương"",
      ""other_arm"": ""tay kia cầm điện thoại thấp gần hông""
    },

    ""head"": {
      ""tilt"": ""hơi nghiêng"",
      ""gaze"": ""nhìn vào màn hình điện thoại qua gương, không bận tâm""
    }
  },

  ""outfit"": {
    ""clothing"": {
      ""top"": {
        ""type"": ""áo crop top co giãn siêu mỏng màu đen"",
        ""fit"": ""ôm sát, không áo ngực, hơi trong suốt dưới ánh sáng ấm áp"",
        ""details"": ""độ căng của vải và đường nét tinh tế có thể nhìn thấy, tinh tế nhưng rõ ràng""
      },
      ""bott"": """"
    }
  }
}","[""https://cms-assets.youmind.com/media/1768890742772_2kidkw_G-fbe_DWIAEJy3e.jpg""]","{""name"":""babydoll"",""url"":""https://x.com/bananababydoll""}",https://x.com/bananababydoll/status/2013488410506179036,"Chân dung, Nhiếp ảnh, Điện ảnh, Nhân vật, Thời trang, Thành phố, Văn bản"
35,Bài đăng trên mạng xã hội - Lời nhắc tạo ảnh chân dung phong cách Glamour sòng bạc cổ điển,"Một Nano Banana prompt chi tiết để tạo ra một bức chân dung cổ điển và thanh lịch của một chủ thể đang ngồi trên ghế đẩu cao tại sàn sòng bạc. Nó chỉ định trang phục của chủ thể (váy slip dress mini màu đen với dây đeo đính đá, sandal đế xuồng chunky), môi trường (thảm họa tiết Psychedelic, ghế bar bọc đệm màu đỏ, bảng hiệu máy đánh bạc), và cài đặt máy ảnh kỹ thuật (đèn flash trực tiếp trên máy ảnh, góc cực thấp, mô phỏng máy ảnh kỹ thuật số compact những năm 2000) để đạt được một vẻ đẹp Las Vegas cổ điển, độ tương phản cao.","{
  ""image_generation_request"": {
    ""meta_settings"": {
      ""aspect_ratio"": ""9:16"",
      ""model_version"": ""v6.0"",
      ""stylize_value"": 250,
      ""quality"": ""High""
    },
    ""subject_definition"": {
      ""identity_source"": {
        ""method"": ""Image Reference"",
        ""instruction"": ""Giữ nguyên các đặc điểm khuôn mặt và tóc từ hình ảnh tham chiếu đã tải lên một cách nghiêm ngặt.""
      },
      ""body_language"": {
        ""pose"": ""Ngồi trên ghế đẩu cao, thân người nghiêng 30 độ sang trái, chân bắt chéo thanh lịch ở đầu gối để kéo dài dáng người."",
        ""hands"": ""Đặt hờ hững trên đùi trên, các ngón tay thư giãn, khoe nhẫn."",
        ""gaze"": ""Nhìn hơi xuống ống kính máy ảnh hoặc trực tiếp vào đèn flash.""
      }
    },
    ""fashion_and_styling"": {
      ""garment_main"": {
        ""item"": ""Đầm slip mini màu đen"",
        ""fabric"": ""Satin hoặc hỗn hợp lụa bóng cao"",
        ""fit"": ""Ôm sát, dáng bodycon vừa vặn"",
        ""details"": [
          ""Dây áo spaghetti làm từ đá lấp lánh"",
          ""Cổ khoét sâu"",
          ""Vạt váy mini để lộ chân""
        ]
      },
      ""footwear"": {
        ""item"": ""Sandal đế xuồng"",
        ""style"": ""Gót khối chunky, lấy cảm hứng từ thập niên 1990/Y2K"",
        ""material"": ""Da bóng hoặc satin đen"",
        ""details"": ""Quai mắt cá chân khóa bạc, hở mũi""
      }
    },
    ""jewelry"": {
      ""ears"": ""Khuyên tai vòng bạc sterling cỡ lớn"",
      ""hands"": ""Nhiều nhẫn bạc xếp chồng tinh xảo""
    },
    ""environmental_context"": {
      ""location"": ""Sàn Casino Cổ điển"",
      ""flooring"": {
        ""type"": ""Thảm hoa văn"",
        ""texture"": ""Nylon đã sờn"",
        ""design"": ""Các xoáy nước ảo giác màu xanh mòng két, cam cháy và xanh hoàng gia"",
        ""vibe"": ""Thẩm mỹ Las Vegas cổ điển""
      },
      ""furniture"": {
        ""item"": ""Ghế bar casino"",
        ""material"": ""Ghế bọc da giả màu đỏ có nút"",
        ""base"": ""Đế kim loại bằng đồng hoặc vàng bị xỉn màu với chỗ để chân""
      },
      ""props_and_background"": {
        ""primary_prop"": ""Máy đánh bạc"",
        ""prop_details"": ""Bảng hiệu được chiếu sáng với dòng chữ '{argument name=\""Slot Machine Marquee\"" default=\""TRIPLE JACKPOT GEMS\""}', các nút phát sáng, phản chiếu màn hình kính"",
        ""atmosphere"": ""Bối cảnh mờ ảo, đông đúc, khói thuốc với ánh sáng bokeh từ các máy khác""
      }
    },
    ""photography_technical"": {
      ""camera_simulation"": ""Máy ảnh kỹ thuật số compact đầu những năm 2000 (ví dụ: Sony Cybershot hoặc Canon PowerShot)"",
      ""lighting_style"": {
        ""type"": ""Đèn flash trực tiếp trên máy ảnh"",
        ""characteristics"": [
          ""Bóng đổ sắc nét ngay phía sau chủ thể"",
          ""Độ tương phản cao"",
          ""Điểm sáng quá mức trên da và vải"",
          ""Góc bị tối""
        ]
      },
      ""composition"": {
        ""angle"": ""Góc cực thấp (Góc nhìn từ dưới lên)"",
        ""focus"": ""Lấy nét sắc nét vào chủ thể, làm mờ nhẹ hậu cảnh"",
        ""framing"": ""Chụp toàn thân nhấn mạnh""
      }
    }
  }
}","[""https://cms-assets.youmind.com/media/1768890722879_12446f_G_EOXDUXMAARheL.jpg""]","{""name"":""Adam也叫吉米"",""url"":""https://x.com/Adam38363368936""}",https://x.com/Adam38363368936/status/2013406753770119423,"Chân dung, Nhiếp ảnh, Điện ảnh, Cổ điển, Nhân vật, Thời trang, Văn bản, Logo"
37,Bài đăng trên mạng xã hội - Biên tập Ảnh Chụp Bằng Điện Thoại Trên Máy Bay Riêng Của Tiếp Viên Hàng Không,"Một JSON prompt cực kỳ chi tiết để tạo ra hình ảnh chụp bằng điện thoại siêu thực (thẩm mỹ iPhone 15 Pro Max) về một nữ tiếp viên hàng không quyến rũ trên đường băng sân bay cạnh một máy bay riêng. Nó chỉ rõ trang phục của cô ấy (chân váy bút chì màu xanh navy, hé lộ áo bikini ren), tư thế năng động, ánh nắng chiều gay gắt và phong cách chụp ảnh tự nhiên như trên mạng xã hội.","[
  {
    ""metadata"": {
      ""title"": ""Ảnh biên tập tiếp viên hàng không trên máy bay riêng"",
      ""style"": ""Nhiếp ảnh di động siêu thực"",
      ""target_device"": ""iPhone 15 Pro Max""
    },
    ""subject"": {
      ""age"": ""Giữa tuổi 30"",
      ""ethnicity"": ""Pha trộn Caucasian/Địa Trung Hải"",
      ""hair"": {
        ""style"": ""Tóc gợn sóng ombre dài"",
        ""color"": ""Chân tóc nâu chuyển dần sang ngọn tóc vàng óng như nắng"",
        ""texture"": ""Bồng bềnh và mềm mại""
      },
      ""physique"": {
        ""body_type"": ""Dáng đồng hồ cát đầy đặn, săn chắc"",
        ""bust"": ""Ngực đầy đặn tự nhiên, khe ngực rõ nét"",
        ""features"": ""Hông cong sâu, eo thon, làn da rạng rỡ""
      },
      ""makeup"": ""Trang điểm tự nhiên nhẹ nhàng, mascara mềm mại, son bóng màu nude, phấn bắt sáng lấp lánh tinh tế"",
      ""expression"": ""Tự tin, quyến rũ, nụ cười hơi tinh nghịch""
    },
    ""pose"": {
      ""description"": ""Tạo dáng năng động 'girl pose'"",
      ""hand_placement"": {
        ""right_hand"": ""Đặt chắc chắn lên eo để làm nổi bật đường cong hông"",
        ""left_hand"": ""Giơ cao duyên dáng trên đầu, các ngón tay hơi xòe""
      },
      ""posture"": ""Dồn trọng lượng sang một chân, lưng hơi cong""
    },
    ""attire"": {
      ""outerwear"": ""Đồng phục tiếp viên hàng không màu xanh navy chuyên nghiệp, áo blazer được khoác hờ trên vai hoặc bỏ qua"",
      ""top"": ""Áo sơ mi trắng cài cúc sắc nét, mở cúc trên cùng để tạo khe ngực nhẹ nhàng"",
      ""undergarment"": ""Hé lộ một chút áo bikini ren đen có họa tiết lấp ló qua khe áo sơ mi"",
      ""bottom"": ""Chân váy bút chì màu xanh navy cạp cao, ôm sát"",
      ""accessories"": ""Khuyên tai vòng nhỏ bằng vàng, dây chuyền vàng tinh tế""
    },
    ""environment"": {
      ""location"": ""Sân đỗ máy bay, bên cạnh một chiếc máy bay riêng sang trọng"",
      ""jet_details"": ""Thân máy bay màu trắng kim loại bóng bẩy, các chi tiết mạ crôm, cửa cầu thang máy bay đã hạ xuống"",
      ""background"": ""Bầu trời xanh trong, hơi nóng đường băng xa xa, bê tông ngập nắng""
    },
    ""photography"": {
      ""camera_model"": ""iPhone 15 Pro, Camera chính"",
      ""focal_length"": ""Góc rộng 24mm"",
      ""lighting"": ""Ánh nắng chiều gay gắt, bóng đổ tự nhiên, độ tương phản cao, lóe sáng ống kính nhẹ"",
      ""technical_traits"": ""Độ sâu trường ảnh sâu, kết cấu da siêu sắc nét, xử lý HDR di động, độ phân giải 4k, phong cách chụp ảnh tự nhiên trên mạng xã hội"",
      ""composition"": ""Chụp toàn thân, góc máy hơi thấp để nhấn mạnh chiều cao và đường cong""
    }
  }
]","[""https://cms-assets.youmind.com/media/1768890658898_88efkj_G_D49X3W4AAqNyk.jpg"",""https://cms-assets.youmind.com/media/1768890658913_ku55jm_G_D49XqWgAApZv8.jpg""]","{""name"":""Maya"",""url"":""https://x.com/mayadelmare""}",https://x.com/mayadelmare/status/2013382894891212811,"Nhiếp ảnh, Điện ảnh, Nhân vật, Xe cộ, Thành phố, Văn bản"
38,Bài đăng trên mạng xã hội - Chân dung biên tập văn phòng lấy cảm hứng từ Ana de Armas,"Một JSON prompt cực kỳ chi tiết để tạo ra bức chân dung cận cảnh siêu thực, chất lượng ảnh bìa tạp chí về một người phụ nữ lấy cảm hứng từ Ana de Armas. Nó chỉ định trang phục hai mảnh màu đỏ rực rỡ, vóc dáng thể thao, làn da bóng bẩy với lớp mồ hôi nhẹ, và nền văn phòng mờ ảo với các chồng giấy tờ, sử dụng ánh sáng điện ảnh studio.","{
  ""type"": ""image_generation_prompt"",
  ""concept"": {
    ""description"": ""Chân dung cận cảnh siêu thực, chất lượng ảnh bìa tạp chí của một phụ nữ xinh đẹp với các đặc điểm lấy cảm hứng từ {argument name=\""celebrity name\"" default=\""Ana de Armas\""}"",
    ""intent"": ""Nhiếp ảnh thời trang cao cấp mang tính điện ảnh thực tế"",
    ""originality_note"": ""Chủ thể là người giống Ana de Armas, không phải bản sao chính xác""
  },
  ""subject"": {
    ""gender"": ""nữ"",
    ""age_range"": ""đầu những năm 30"",
    ""ethnicity"": ""Latina / lấy cảm hứng từ Cuba-Tây Ban Nha"",
    ""facial_features"": {
      ""structure"": ""khuôn mặt trái xoan mềm mại, gò má thanh tú, đường quai hàm tinh tế"",
      ""eyes"": ""đôi mắt to hình quả hạnh, màu nâu ấm áp, mí mắt thư thái"",
      ""lips"": ""môi đầy đặn, tự nhiên hơi hé mở"",
      ""expression"": ""uể oải, điềm tĩnh, quyến rũ tinh tế, tự tin thư thái""
    },
    ""body_visibility"": {
      ""framing"": ""chân dung cận cảnh kéo dài xuống dưới eo"",
      ""posture"": ""thẳng nhưng thư thái, tư thế chụp ảnh biên tập tự nhiên""
    }
  },
  ""body"": {
      ""build"": ""Thân hình săn chắc và thon gọn"",
      ""musculature"": [
        ""Cơ bụng rõ nét"",
        ""Cánh tay săn chắc"",
        ""Đùi săn chắc""
   },
  ""wardrobe"": {
    ""outfit_type"": ""trang phục hai mảnh"",
    ""color"": ""đỏ thẫm rực rỡ"",
    ""top"": {
      ""style"": ""ôm sát, tối giản, hợp thời trang"",
      ""fabric"": ""chất liệu mịn, hơi phản chiếu""
    },
    ""bottom"": {
      ""style"": ""váy ngắn"",
      ""fit"": ""ôm dáng, cắt may hiện đại"",
      ""visibility"": ""hiện rõ ràng dưới eo""
    }
  },
  ""skin_and_texture"": {
    ""skin_quality"": ""chi tiết cao, nhìn rõ lỗ chân lông tự nhiên"",
    ""finish"": ""bóng, rạng rỡ"",
    ""effect"": ""lớp mồ hôi hoặc dầu bóng nhẹ trên thân và ngực, tăng tính chân thực"",
    ""tone"": ""tông màu ấm áp, khỏe mạnh""
  },
  ""hair_and_makeup"": {
    ""hair"": {
      ""style"": ""tạo kiểu mềm mại, sóng lơi"",
      ""color"": ""nâu đậm"",
      ""texture"": ""bóng tự nhiên với chuyển động nhẹ""
    },
    ""makeup"": {
      ""style"": ""trang điểm quyến rũ kiểu biên tập"",
      ""details"": ""da căng bóng, mắt được định hình nhẹ nhàng, môi tự nhiên với một chút son bóng""
    }
  },
  ""background"": {
    ""environment"": ""bối cảnh trong nhà"",
    ""primary_elements"": [
      ""bề mặt bàn làm việc hoặc bàn"",
      ""các chồng giấy tờ""
    ],
    ""paper_details"": {
      ""brightness"": ""trắng sáng một phần"",
      ""arrangement"": ""hơi lộn xộn, các chồng giấy xếp lớp"",
      ""focus"": ""làm mờ nhẹ để duy trì sự nổi bật của chủ thể""
    },
    ""depth_of_field"": ""độ sâu trường ảnh nông, hiệu ứng bokeh điện ảnh""
  },
  ""lighting"": {
    ""style"": ""ánh sáng điện ảnh studio"",
    ""key_light"": ""mềm mại nhưng có hướng, làm nổi bật cấu trúc khuôn mặt"",
    ""fill_light"": ""ánh sáng lấp đầy nhẹ nhàng để giữ lại chi tiết da"",
    ""highlights"": ""nhấn nhá trên các vùng da bóng"",
    ""shadows"": ""mềm mại, có kiểm soát, độ tương phản kiểu tạp chí""
  },
  ""camera"": {
    ""shot_type"": ""chân dung cận cảnh"",
    ""lens"": ""ống kính cố định 85mm"",
    ""aperture"": ""f/1.8"",
    ""focus"": ""sắc nét tuyệt đối vào mắt"",
    ""sens""
  }
}","[""https://cms-assets.youmind.com/media/1768890657609_tc4s5n_G_DmfveWsAAMRrU.jpg"",""https://cms-assets.youmind.com/media/1768890657539_vhs88q_G_Dmf3UW8AEb1yc.jpg"",""https://cms-assets.youmind.com/media/1768890657668_k3r9rb_G_DmfxnXoAAlUIp.jpg"",""https://cms-assets.youmind.com/media/1768890658519_89hgql_G_Dmf7EXUAAH--v.jpg""]","{""name"":""KeorUnreal"",""url"":""https://x.com/KeorUnreal""}",https://x.com/KeorUnreal/status/2013362480471314461,"Chân dung, Nhiếp ảnh, Điện ảnh, Tối giản, Nhân vật, Thời trang, Thành phố, Văn bản, UI/UX"
39,Bài đăng trên mạng xã hội - Lời nhắc chụp ảnh selfie gương bằng iPhone để thay thế nhân vật,"Một lời nhắc định dạng JSON cực kỳ chi tiết được thiết kế để tạo ra một bức ảnh selfie gương iPhone siêu thực. Nó chỉ định các thông số kỹ thuật phức tạp như độ phân giải 8K, xử lý Apple Smart HDR và các thuộc tính chủ thể chi tiết (tư thế, quần áo, kết cấu) đồng thời yêu cầu rõ ràng thay thế chủ thể mặc định bằng một nhân vật tham chiếu được cung cấp, làm cho nó lý tưởng để tạo ra hình ảnh khóa danh tính.","{
  ""prompt_type"": ""chụp ảnh selfie qua gương bằng iPhone"",
  ""capture_device"": {
    ""device"": ""iPhone Pro"",
    ""camera_mode"": ""Selfie qua gương - Chân dung"",
    ""lens_equivalent"": ""ống kính góc rộng phía sau iPhone"",
    ""processing"": ""Apple Smart HDR + Deep Fusion"",
    ""look"": ""phản chiếu qua gương tự nhiên, rõ ràng, chân thực""
  },
  ""quality"": {
    ""resolution"": ""8K"",
    ""sharpness"": ""độ sắc nét tự nhiên cao"",
    ""detail_level"": ""chi tiết cực kỳ tinh xảo"",
    ""texture"": ""vải thật, kết cấu da thật"",
    ""noise"": ""nhiễu cảm biến iPhone tự nhiên rất nhẹ"",
    ""dynamic_range"": ""vùng sáng và vùng tối cân bằng""
  },
  ""subject"": {
    ""type"": ""nhân vật nữ"",
    ""identity"": ""{argument name=\""reference character\"" default=\""REFERENCE_CHARACTER\""}"",
    ""replacement_instruction"": ""Thay thế cô gái ban đầu bằng nhân vật tham chiếu được cung cấp trong khi vẫn giữ nguyên tư thế, tỷ lệ cơ thể, ánh sáng, phản chiếu và tính chân thực"",
    ""age"": ""người lớn"",
    ""body"": {
      ""build"": ""cân đối, nữ tính, đường cong tự nhiên"",
      ""proportions"": ""giải phẫu cơ thể người thực tế"",
      ""skin"": ""kết cấu da tự nhiên, lỗ chân lông có thể nhìn thấy, không làm mịn""
    },
    ""expression"": {
      ""emotion"": ""bình tĩnh, tự tin, thư thái"",
      ""face"": ""biểu cảm nhẹ nhàng trung tính"",
      ""gaze"": ""nhìn vào màn hình điện thoại qua gương""
    },
    ""pose"": {
      ""position"": ""ngồi trên mép giường"",
      ""legs"": ""khép lại, bàn chân chạm sàn"",
      ""arms"": ""một tay cầm điện thoại, tay còn lại đặt trên giường"",
      ""posture"": ""thẳng lưng nhưng thư giãn""
    },
    ""hair"": {
      ""style"": ""dài, gợn sóng nhẹ"",
      ""texture"": ""độ phồng tự nhiên, từng sợi tóc có thể nhìn thấy""
    }
  },
  ""clothing"": {
    ""outfit"": ""bodysuit liền thân bó sát"",
    ""design"": ""{argument name=\""bodysuit design\"" default=\""màu đen với họa tiết mạng nhện đỏ\""}"",
    ""fit"": ""ôm sát, thể thao"",
    ""fabric"": {
      ""material"": ""vải tổng hợp co giãn"",
      ""texture"": ""mịn với độ bóng nhẹ"",
      ""behavior"": ""ôm sát cơ thể một cách tự nhiên""
    }
  },
  ""environment"": {
    ""location"": ""phòng ngủ hiện đại tối giản"",
    ""mirror"": ""gương toàn thân khung gỗ"",
    ""bed"": {
      ""style"": ""khung giường gỗ đơn giản"",
      ""bedding"": ""chăn bông họa tiết trung tính""
    },
    ""floor"": ""sàn gỗ sáng màu"",
    ""decor"": ""nội thất tối giản, sạch sẽ, tông màu ấm"",
    ""atmosphere"": ""không gian trong nhà yên tĩnh, ấm cúng, riêng tư""
  },
  ""lighting"": {
    ""primary_light"": ""ánh sáng môi trường trong nhà ấm áp"",
    ""secondary_light"": ""ánh sáng trần hoặc tường dịu nhẹ"",
    ""style"": ""iPhone indoor Smart HDR"",
    ""shadows"": ""mềm mại và tự nhiên"",
    ""white_balance"": ""tông màu trung tính ấm áp trong nhà""
  },
  ""camera"": {
    ""angle"": ""góc gương thẳng"",
    ""distance"": ""toàn thân có thể nhìn thấy trong gương"",
    ""framing"": ""selfie toàn thân qua gương"",
    ""depth_of_field"": ""độ sâu trường ảnh nông tự nhiên từ xử lý chân dung"",
    ""focus"": ""lấy nét sắc nét vào phản chiếu của chủ thể""
  },
  ""style"": {
    ""genre"": ""selfie qua gương bằng iPhone chân thực"",
    ""aesthetic"": ""sạch sẽ, hiện đại, chân thực như trên mạng xã hội"",
    ""color_science"": ""màu sắc tự nhiên của Apple""
  }
}","[""https://cms-assets.youmind.com/media/1768890684295_adr050_G_Dlz8qX0AECzSk.jpg""]","{""name"":""Clara"",""url"":""https://x.com/veclaraa""}",https://x.com/veclaraa/status/2013362053948268625,"Chân dung, Nhiếp ảnh, Điện ảnh, Tối giản, Nội thất, Nhân vật, Thời trang, Văn bản, Logo, UI/UX"
43,Bài đăng trên mạng xã hội - Cảnh phim lãng mạn trên vòng quay ngựa gỗ với Identity Lock,"Một lời nhắc JSON phức tạp, có nhiều ràng buộc cho Nano Banana Pro được thiết kế để tạo ra một cảnh quay điện ảnh siêu chân thực về một cặp đôi trên vòng quay ngựa gỗ trong nhà vào ban đêm. Nó yêu cầu khóa nhận dạng nghiêm ngặt dựa trên hai hình ảnh tham chiếu đã tải lên, cài đặt máy ảnh cụ thể (35mm, f/2.0), ánh sáng tungsten ấm áp và các ràng buộc chi tiết về tư thế và môi trường để đạt được tính thẩm mỹ của thể loại romcom.","{
  ""generation_request"": {
    ""meta_data"": {
      ""tool"": ""NanoBanana Pro"",
      ""task_type"": ""photoreal_cinematic_carousel_couple_close_scene"",
      ""version"": ""v1.0_CAROUSEL_RIDE_ROMCOM_WARM_LIGHTS_POSE_LOCK"",
      ""priority"": ""highest""
    },
    ""references"": {
      ""female_reference_image"": {
        ""slot"": 1,
        ""purpose"": ""FEMALE_IDENTITY_LOCK"",
        ""strict_identity_lock"": true,
        ""no_beautify"": true
      },
      ""male_reference_image"": {
        ""slot"": 2,
        ""purpose"": ""MALE_IDENTITY_LOCK"",
        ""strict_identity_lock"": true,
        ""no_beautify"": true
      },
      ""composition_reference_image"": {
        ""source"": ""UPLOAD_REFERENCE_IMAGE (OPTIONAL)"",
        ""purpose"": ""EXACT_COMPOSITION_LIGHTING_WARDROBE_ENV_LOCK"",
        ""strict_lock"": true,
        ""no_layout_drift"": true,
        ""preserve_framing"": true
      }
    },
    ""output_settings"": {
      ""aspect_ratio"": ""4:5"",
      ""orientation"": ""portrait"",
      ""resolution"": ""ultra_high_res"",
      ""render_style"": ""ultra_photoreal_cinematic_lifestyle"",
      ""sharpness"": ""crisp_faces_natural_texture"",
      ""film_grain"": ""subtle_analog"",
      ""color_grade"": ""warm_carnival_golden""
    },
    ""hard_constraints"": [
      ""Chỉ có đúng 2 người (một nữ, một nam)."",
      ""Khuôn mặt phải khớp với ảnh tham chiếu đã tải lên với độ tương đồng tối đa (không biến dạng, không lệch nhận dạng)."",
      ""Chỉ ảnh chân thực: kết cấu da tự nhiên, không dùng bộ lọc làm đẹp, không làm mịn da nhân tạo."",
      ""Bối cảnh vòng quay ngựa gỗ: trần nhà trang trí công phu có thể nhìn thấy + bóng đèn ấm áp + cột vòng quay ngựa gỗ + ngựa gỗ được sơn."",
      ""Khớp logic tư thế tham chiếu: cặp đôi trên ngựa gỗ, nhìn nhau và mỉm cười."",
      ""Không có chữ có thể đọc được, không logo, không hình mờ."",
      ""Giải phẫu chính xác: tay nắm cột tự nhiên, tư thế ngồi trên ngựa gỗ thực tế.""
    ],
    ""camera"": {
      ""style"": ""ảnh phong cách điện ảnh"",
      ""lens"": ""35mm"",
      ""aperture"": ""f/2.0"",
      ""focus"": ""sắc nét trên cả hai khuôn mặt, làm mờ nhẹ nhàng hậu cảnh"",
      ""shutter_speed"": ""1/125"",
      ""iso"": 800,
      ""white_balance"": ""warm_tungsten_carnival""
    },
    ""lighting"": {
      ""type"": ""bóng đèn vòng quay ngựa gỗ + ánh sáng xung quanh ấm áp"",
      ""contrast"": ""trung bình"",
      ""highlights"": ""ánh sáng phản chiếu mềm mại trên tóc và vải denim, kiểm soát trên da"",
      ""shadows"": ""mềm mại, chuyển tiếp tự nhiên""
    },
    ""prompt"": {
      ""scene_summary"": ""Cảnh phim lãng mạn hài hước siêu chân thực, đậm chất điện ảnh trên vòng quay ngựa gỗ trong nhà vào ban đêm. Trần vòng quay ngựa gỗ trang trí công phu chiếm phần trên của khung hình với các chi tiết trang trí cổ điển và hàng bóng đèn phát sáng ấm áp. Ở tiền cảnh, đầu ngựa gỗ và cột vòng quay ngựa gỗ có thể nhìn thấy, với các chi tiết cổ điển phong phú (viền vàng, điểm nhấn yên ngựa đầy màu sắc). \n\nChỉ có hai người: người nam ngồi thấp hơn một chút trên ngựa gỗ, hai tay nắm cột dọc và nhìn lên người nữ với nụ cười dịu dàng. Người nữ ngồi trên con ngựa kế bên, hơi nghiêng về phía anh ấy, mỉm cười đáp lại một cách ấm áp. Khuôn mặt của họ là""
    }
  }
}","[""https://cms-assets.youmind.com/media/1768890707867_4q2zcp_G_DcduGWQAAl3Hr.jpg""]","{""name"":""Özge Döner"",""url"":""https://x.com/astronomerozge1""}",https://x.com/astronomerozge1/status/2013351484008620139,"Chân dung, Nhóm người, Nhiếp ảnh, Điện ảnh, 3D, Cổ điển, Nhân vật, Xe cộ, Văn bản, Logo, Meme"
44,Bài đăng trên mạng xã hội - Cảnh hôn trong thang máy siêu thực như phim điện ảnh,"Một JSON prompt rất cụ thể để tạo ra một bức ảnh tĩnh siêu chân thực, mang phong cách điện ảnh về một cặp đôi đang hôn nhau bên trong thang máy, được đóng khung bởi cánh cửa vàng đang khép hờ. Nó yêu cầu khóa nhận diện nghiêm ngặt (cần ảnh tham chiếu), khung hình chụp lén mang tính voyeuristic và ánh sáng vàng ấm để gợi lên không khí của một khách sạn sang trọng.","{
  ""generation_request"": {
    ""meta_data"": {
      ""tool"": ""NanoBanana Pro"",
      ""task_type"": ""photoreal_modern_romance"",
      ""version"": ""v1.0_ELEVATOR_DOORS_KISS_CINEMATIC_EN"",
      ""priority"": ""highest"",
      ""language"": ""vi""
    },
    ""references"": {
      ""reference_image_1"": {
        ""source"": ""UPLOAD_REFERENCE_IMAGE (OPTIONAL)"",
        ""purpose"": ""COMPOSITION_MOOD_ANCHOR"",
        ""strict_lock"": false,
        ""preserve_mood"": true
      },
      ""reference_image_female"": {
        ""source"": ""UPLOAD_REFERENCE_IMAGE (OPTIONAL)"",
        ""purpose"": ""FACE_IDENTITY_LOCK_FEMALE"",
        ""strict_lock"": true,
        ""face_similarity_priority"": ""MAX"",
        ""no_identity_blending"": true,
        ""no_beautify"": true,
        ""no_age_shift"": true,
        ""preserve_skin_texture"": true,
        ""preserve_facial_proportions"": true
      },
      ""reference_image_male"": {
        ""source"": ""UPLOAD_REFERENCE_IMAGE (OPTIONAL)"",
        ""purpose"": ""FACE_IDENTITY_LOCK_MALE"",
        ""strict_lock"": true,
        ""face_similarity_priority"": ""MAX"",
        ""no_identity_blending"": true,
        ""no_beautify"": true,
        ""no_age_shift"": true,
        ""preserve_skin_texture"": true,
        ""preserve_facial_proportions"": true
      }
    },
    ""global_constraints"": {
      ""rating"": ""PG-13"",
      ""no_explicit_sexual_content"": true,
      ""no_nudity"": true,
      ""no_text"": true,
      ""no_logos"": true,
      ""no_watermark"": true
    },
    ""output_settings"": {
      ""aspect_ratio"": ""9:16"",
      ""orientation"": ""portrait"",
      ""resolution_target"": ""ultra_high_res"",
      ""render_style"": ""ultra_photoreal_cinematic_film_still"",
      ""sharpness"": ""crisp_but_natural"",
      ""film_grain"": ""subtle_35mm"",
      ""color_grade"": ""warm_amber_luxury_hotel"",
      ""dynamic_range"": ""natural_not_hdr"",
      ""skin_rendering"": ""real_texture_no_retouch""
    },
    ""global_rules"": {
      ""camera_language"": ""85mm, long-shot through partially closing elevator doors, centered symmetry, voyeuristic candid framing, shallow depth of field"",
      ""lighting_language"": ""warm tungsten practicals inside elevator, dim hallway outside, cinematic contrast without HDR"",
      ""authenticity_markers"": ""no AI glow, no over-sharpening, realistic shadows, natural film halation""
    },
    ""creative_prompt"": {
      ""scene_summary"": ""Một khoảnh khắc điện ảnh, siêu chân thực được nhìn từ hành lang: một cặp đôi đang hôn nhau bên trong thang máy khi cánh cửa thang máy màu vàng gần như đã đóng lại, chỉ còn một khe hẹp theo chiều dọc để nhìn thấy họ. Bối cảnh tạo cảm giác như một tòa nhà cổ sang trọng hoặc khách sạn với những bức tường đá và thang máy bằng đồng cổ điển."",
      ""subjects"": {
        ""count"": 2,
        ""description"": ""một cặp đôi trưởng thành thực sự, thanh lịch và hiện đại"",
        ""expression"": ""đam mê nhưng tinh tế, thân mật và vui vẻ"",
        ""skin_and_face"": ""kết cấu thật, không chỉnh sửa, lỗ chân lông tự nhiên""
      },
      ""pose_and_micro_action"": ""Người đàn ông nghiêng người để hôn; một tay vòng qua eo cô gái. Người phụ nữ""
    }
  }
}","[""https://cms-assets.youmind.com/media/1768890674871_fl0e5p_G_DVyG6XQAAVcDg.jpg""]","{""name"":""Özge Döner"",""url"":""https://x.com/astronomerozge1""}",https://x.com/astronomerozge1/status/2013344143116734757,"Chân dung, Nhóm người, Nhiếp ảnh, Điện ảnh, 3D, Cổ điển, Nhân vật, Thành phố, Văn bản, Logo, UI/UX"
60,Hình thu nhỏ trên YouTube - Gợi ý tạo ảnh chân dung Ana de Armas trên thảm đỏ (váy vàng và đỏ),"Hai lời nhắc JSON cực kỳ chi tiết để tạo ra những bức chân dung siêu thực, độ phân giải 8K của Ana de Armas trên thảm đỏ. Các lời nhắc chỉ định danh tính người nổi tiếng, tư thế, chi tiết trang phục haute couture phức tạp (váy ngắn màu vàng hoặc đỏ với họa tiết hình học màu đen), ánh sáng điện ảnh (đèn flash chuyên nghiệp dịu nhẹ) và cài đặt máy ảnh kỹ thuật (ống kính 85mm, khẩu độ f/1.8, nền bokeh), cùng với danh sách lời nhắc phủ định toàn diện.","{
  ""image_prompt"": {
    ""subject"": {
      ""name"": ""{argument name=\""celebrity name\"" default=\""Ana de Armas\""}"",
      ""description"": ""người phụ nữ trẻ với mái tóc vàng óng dài ngang vai được cắt lớp, gợn sóng nhẹ, mắt xanh, trang điểm tự nhiên nhẹ nhàng với son môi hồng nude, làn da sáng mịn, vòng cổ ngọc trai"",
      ""pose"": ""nhìn thẳng vào máy ảnh, mỉm cười nhẹ, dáng đứng tự tin trên thảm đỏ, ảnh chân dung từ đầu đến vai""
    },
    ""outfit"": {
      ""item"": ""Đầm {argument name=\""outfit color\"" default=\""Yellow\""}"",
      ""details"": ""họa tiết mạng lưới hình học đính hạt đen trên nền vải xuyên thấu màu nude, cổ áo hình trái tim, thêu kim sa đen tinh xảo, không tay, phom dáng cứng cáp"",
      ""style"": ""quyến rũ, thời trang cao cấp, haute couture""
    },
    ""environment"": {
      ""setting"": ""sự kiện thảm đỏ ra mắt phim"",
      ""background"": ""tường truyền thông mờ tối với các logo trắng và đỏ không thể nhận dạng, phông nền sự kiện chuyên nghiệp"",
      ""atmosphere"": ""độc quyền, điện ảnh, có sự xuất hiện của người nổi tiếng""
    },
    ""technical_specs"": {
      ""lighting"": ""ánh sáng flash chuyên nghiệp dịu nhẹ, ánh sáng viền tóc, chiếu sáng đều khuôn mặt, không có bóng đổ gắt"",
      ""camera"": ""ống kính 85mm, khẩu độ f/1.8, lấy nét sắc nét vào mắt, hậu cảnh bokeh"",
      ""quality"": ""độ phân giải 8k, siêu thực, kết cấu chi tiết cao, ảnh thô, chủ nghĩa hiện thực ảnh, kiệt tác"",
      ""aspect_ratio"": ""9:16""
    }
  },
  ""negative_prompt"": ""hoạt hình, minh họa, tranh vẽ, bản vẽ, giải phẫu kém, mờ, chất lượng thấp, mắt méo mó, văn bản, hình mờ, logo, quá bão hòa, tóc rối, sai khuôn mặt"",
  ""parameters"": {
    ""size"": ""highest_resolution"",
    ""orientation"": ""vertical"",
    ""style_preset"": ""photographic""
  }
}

{
  ""image_prompt"": {
    ""subject"": {
      ""name"": ""Ana de Armas"",
      ""description"": ""người phụ nữ trẻ với mái tóc đen dài ngang vai được cắt lớp, gợn sóng nhẹ, mắt xanh, trang điểm tự nhiên nhẹ nhàng với son môi hồng nude, làn da sáng mịn, vòng cổ ngọc trai"",
      ""pose"": ""nhìn thẳng vào máy ảnh, mỉm cười nhẹ, dáng đứng tự tin trên thảm đỏ, toàn thân""
    },
    ""outfit"": {
      ""item"": ""Đầm mini màu đỏ"",
      ""details"": ""họa tiết mạng lưới hình học đính hạt đen trên nền vải xuyên thấu màu nude, cổ áo hình trái tim, thêu kim sa đen tinh xảo, không tay, phom dáng cứng cáp, sandal cao gót màu đỏ"",
      ""style"": ""quyến rũ, thời trang cao cấp, haute couture""
    },
    ""environment"": {
      ""setting"": ""sự kiện thảm đỏ ra mắt phim"",
      ""background"": ""tường truyền thông màu đỏ thẫm mờ với các logo trắng và đỏ không thể nhận dạng, phông nền sự kiện chuyên nghiệp"",
      ""atmosphere"": ""độc quyền, điện ảnh, có sự xuất hiện của người nổi tiếng""
    },
    ""technical_specs"": {
      ""lighting"": ""ánh sáng flash chuyên nghiệp dịu nhẹ, ánh sáng viền tóc, chiếu sáng đều khuôn mặt, không có bóng đổ gắt"",
      ""camera"": ""ống kính 85mm, khẩu độ f/1.8, lấy nét sắc nét vào mắt, hậu cảnh bokeh"",
      ""quality"": ""độ phân giải 8k, siêu thực, kết cấu chi tiết cao, ảnh thô, chủ nghĩa hiện thực ảnh, kiệt tác"",
      ""aspect_ratio"": ""9:16""
    }
  }
}","[""https://cms-assets.youmind.com/media/1768890686290_u0dby9_G_AiGT1W4AAzigm.jpg""]","{""name"":""Artificial intelligence (Ai),Open Ai"",""url"":""https://x.com/Vishnudxe""}",https://x.com/Vishnudxe/status/2013146529314545854,"Chân dung, Nhiếp ảnh, Điện ảnh, Minh họa, Anime, Thời trang, Logo"
68,Hình thu nhỏ trên YouTube - Mẫu Lịch Trình Hàng Tuần Cho VTuber,"Một lời nhắc chi tiết được thiết kế cho Nano Banana Pro để tạo một mẫu lịch trình hàng tuần tông màu pastel sạch sẽ, phẳng và dễ thương, phù hợp cho VTuber và streamer. Nó bao gồm các hướng dẫn bố cục cụ thể, thông số kỹ thuật kích thước (1920x1080, 16:9) và các quy tắc nghiêm ngặt về việc đưa văn bản vào và không gian trống để tổng hợp nhân vật sau này.","Tạo một hình ảnh mẫu ""Lịch trình hàng tuần"" cho các VTuber và streamer.
Ngang 16:9, kích thước 1920x1080, thiết kế phẳng, gọn gàng, giống bản in (phong cách vector). Tổng thể nên có tông màu pastel dễ thương (màu sắc nhẹ nhàng như hồng nhạt, xanh bạc hà, tím lavender), ưu tiên khả năng đọc mà không bị lộn xộn.

Thông số bố cục:
・Đặt phần lịch trình căn trên cùng, chiếm 60% bên trái màn hình.
・7 hàng (Các ngày trong tuần: ""Thứ Hai, Thứ Ba, Thứ Tư, Thứ Năm, Thứ Sáu, Thứ Bảy, Chủ Nhật"").
・Mỗi hàng bao gồm một ""Nhãn ngày (huy hiệu tròn nhỏ)"" + ""Ô trống ngang để viết kế hoạch.""
・Ô trống phải hoàn toàn trống. Tuyệt đối không bao gồm văn bản mẫu (ví dụ: 'Kế hoạch tại đây', 'MẪU', 'GHI CHÚ', v.v.).
・40% bên phải màn hình là không gian trống để sau này tổng hợp hình ảnh nhân vật đứng. Không vẽ người, động vật, linh vật hoặc hình bóng. Nền chỉ nên là một gradient mờ nhạt và các họa tiết trừu tượng tinh tế của các ngôi sao/trái tim/chấm nhỏ.

Thông số văn bản:
・Văn bản duy nhất cần đưa vào là ""Weekly Schedule"" và ""Mon Tue Wed Thu Fri Sat Sun"" (bằng tiếng Nhật).
・Không bao gồm bất kỳ văn bản nào khác (SNS, phạm vi ngày, cảnh báo, logo, hashtag, hình mờ).
・Phông chữ nên là kiểu Gothic bo tròn, dễ đọc và rõ ràng ngay cả trên nền trắng.

Hoàn thiện:
・Đảm bảo có đủ lề xung quanh chu vi, và các yếu tố ở phía bên trái và bên phải không chồng chéo.
・Không có logo.","[""https://cms-assets.youmind.com/media/1768468609160_85lvra_G-lyvW7bYAAmJxG.jpg""]","{""name"":""ひいらぎまる"",""url"":""https://x.com/hiiragimaruru""}",https://x.com/hiiragimaruru/status/2011264976816918697,"Minh họa, Nhân vật, Động vật, Văn bản, Trừu tượng, Logo"
71,"Hình thu nhỏ trên YouTube - Lời nhắc ảnh tĩnh video ""Nhà sư đưa ra lời khuyên cuộc sống""","Một prompt có cấu trúc để tạo ra hình ảnh tĩnh 4K chân thực của một nhà sư Phật giáo lớn tuổi đang đưa ra lời khuyên cuộc sống trong sân chùa truyền thống ở Đông Á. Prompt chỉ định ngoại hình, trang phục, vật thể (kinh sách, nến) của nhà sư và cài đặt máy ảnh (iPhone 17 Pro, dọc 9:16) để mô phỏng tính thẩm mỹ của một video lan truyền trên mạng xã hội.","{
  ""scene_type"": ""sân_chùa_giảng_dạy_tâm_linh"",
  ""setting"": {
    ""location"": ""sân_chùa_Phật_giáo_ngoài_trời"",
    ""background"": {
      ""architecture"": ""ngôi_chùa_Đông_Á_truyền_thống_với_những_đường_chạm_khắc_gỗ_tinh_xảo, các_cột_màu_đỏ_và_mái_ngói_cong"",
      ""nature"": ""những_hàng_cây_xanh_tươi_bên_trái"",
      ""ground"": ""nền_đá_xám"",
      ""weather"": ""trời_âm_u_đến_ánh_sáng_tự_nhiên_dịu_nhẹ""
    }
  },
  ""subject"": {
    ""type"": ""nhà_sư_lớn_tuổi"",
    ""position"": ""ngồi_kiết_già_trên_mặt_đất"",
    ""pose"": ""ngồi_sau_một_chiếc_bàn_thấp, nói_trực_tiếp_vào_máy_quay"",
    ""expression"": ""chân_thành, khôn_ngoan_và_mang_tính_hướng_dẫn"",
    ""appearance"": {
      ""hair"": {
        ""style"": ""cạo_trọc"",
        ""color"": ""không_có""
      },
      ""skin_features"": ""da_lão_hóa_với_nhiều_nếp_nhăn_sâu"",
      ""eye_color"": ""màu_tối""
    },
    ""clothing"": {
      ""top"": ""áo_trong_màu_xám_nhạt_với_áo_choàng_ngoài_màu_vàng_nghệ_vắt_qua_vai"",
      ""bottom"": ""vải_áo_choàng_màu_vàng_nghệ_che_chân""
    },
    ""accessories"": []
  },
  ""objects"": [
    {
      ""type"": ""đồ_nội_thất"",
      ""name"": ""bàn_gỗ_thấp"",
      ""material"": ""gỗ_sáng_màu"",
      ""position"": ""tiền_cảnh_phía_trước_nhà_sư""
    },
    {
      ""type"": ""sách"",
      ""name"": ""kinh_sách_mở_rộng"",
      ""state"": ""mở_với_các_cột_văn_bản_có_thể_nhìn_thấy"",
      ""position"": ""trên_bàn_gỗ""
    },
    {
      ""type"": ""nguồn_sáng"",
      ""name"": ""nến"",
      ""color"": ""sáp_trắng"",
      ""state"": ""đang_cháy_với_ngọn_lửa_nhỏ_màu_vàng"",
      ""position"": ""trên_bàn_cạnh_sách""
    }
  ],
  ""camera"": {
    ""device"": ""iPhone 17 Pro"",
    ""angle"": ""ngang_tầm_mắt"",
    ""framing"": ""cảnh_trung"",
    ""orientation"": ""chân_dung_dọc_9:16"",
    ""quality"": ""ảnh_tĩnh_video_4k, độ_nét_cao, lấy_nét_sắc_bén""
  },
  ""mood"": ""thanh_tịnh, triết_lý, mang_tính_giáo_huấn"",
  ""lighting"": ""ánh_sáng_tự_nhiên_dịu_nhẹ, khuếch_tán"",
  ""image_style"": ""video_mạng_xã_hội_lan_truyền, chân_thực"",
  ""activity"": ""nhà_sư_đang_truyền_đạt_lời_khuyên_về_cuộc_sống""
}","[""https://cms-assets.youmind.com/media/1768319143757_f02xwd_G-cqsRYaAAA-kBL.jpg""]","{""name"":""Lore"",""url"":""https://x.com/l_w_lorenzen""}",https://x.com/l_w_lorenzen/status/2010622716475482593,"Nhiếp ảnh, Điện ảnh, Thiên nhiên, Nội thất, Nhân vật, Thời trang, UI/UX"
73,Hình thu nhỏ trên YouTube - Lời nhắc tạo ảnh chân dung game thủ Esports cao cấp,"Một lời nhắc tạo hình ảnh chi tiết được thiết kế để tạo ra một bức chân dung điện ảnh, cao cấp của một game thủ esports. Nó nhấn mạnh ánh sáng ấn tượng, nền chuyển màu đỏ cam, thiết bị siêu chi tiết và tính thẩm mỹ hiện đại, bóng bẩy, hướng đến một diện mạo đang thịnh hành trên các nền tảng như Behance.","Tuyển thủ Esports, ảnh chân dung phong cách cao cấp, ánh sáng rực lửa, nền chuyển màu {argument name=""background color"" default=""red-orange""}, tối giản hoặc không có họa tiết, ánh sáng kịch tính, thẩm mỹ cao cấp, khuôn mặt và trang bị siêu chi tiết, tai nghe chơi game chuyên nghiệp, tông màu điện ảnh, độ tương phản sắc nét, vẻ ngoài bóng bẩy và hiện đại, tư thế tràn đầy năng lượng, tập trung cao độ, chiều sâu động, các yếu tố bóng mượt, thịnh hành trên Behance, kết xuất chất lượng studio, độ phân giải 8K","[""https://cms-assets.youmind.com/media/1768226083853_13jvv1_G-XE0HHbQAAvOTo.jpg""]","{""name"":""Harboriis"",""url"":""https://x.com/harboriis""}",https://x.com/harboriis/status/2010229212053913910,"Chân dung, Điện ảnh, Tối giản, Trò chơi"
79,Truyện tranh / Bảng phân cảnh - Biến đổi Cyborg tinh tế trong tàu điện ngầm,"Một lời nhắc rất chi tiết để tạo ra một bức ảnh tĩnh điện ảnh siêu thực về một người phụ nữ trên chuyến tàu điện ngầm đang di chuyển, tập trung vào sự biến đổi cyborg tinh tế, giai đoạn đầu (mạch điện phát quang sinh học mờ nhạt, ánh kim cơ học trong một mắt) và một thẩm mỹ khoa học viễn tưởng căng thẳng, thực tế.","{
  ""type"": ""image_generation_prompt"",
  ""language"": ""Tiếng Việt"",
  ""style"": ""ảnh tĩnh điện ảnh siêu thực"",
  ""aspect_ratio"": ""16:9"",
  ""subject"": {
    ""gender"": ""nữ"",
    ""pose"": {
      ""position"": ""đứng một mình"",
      ""orientation"": ""ở giữa, đối diện máy ảnh"",
      ""posture"": ""tĩnh lặng, điềm tĩnh, hơi căng thẳng""
    },
    ""appearance"": {
      ""hood"": ""mặc áo khoác có mũ trùm đầu"",
      ""face"": {
        ""skin_texture"": ""da người chân thực, tự nhiên như ảnh chụp"",
        ""cyborg_transition"": {
          ""stage"": ""giai đoạn đầu"",
          ""details"": [
            ""mạch điện phát quang sinh học mờ nhạt hầu như không nhìn thấy dưới da"",
            ""ánh sáng dịu nhẹ dọc theo một bên má và bên cổ"",
            ""kín đáo và chân thực, không phóng đại""
          ],
          ""eyes"": {
            ""left_or_right_eye"": ""một bên mắt phản chiếu ánh sáng lạnh, cơ khí nhưng vẫn giữ phần lớn nét người""
          }
        }
      },
      ""expression"": ""trung tính nhưng mãnh liệt, đầy dự cảm, bình tĩnh với sự căng thẳng tiềm ẩn""
    }
  },
  ""environment"": {
    ""location"": ""bên trong một chuyến tàu điện ngầm đang di chuyển"",
    ""interior"": {
      ""walls"": ""kim loại chải xước"",
      ""poles"": ""cột thép thẳng đứng"",
      ""floor"": ""sàn công nghiệp cũ kỹ"",
      ""lighting"": ""đèn huỳnh quang mờ, nhấp nháy""
    },
    ""windows"": {
      ""outside_view"": ""hiệu ứng nhòe chuyển động cho thấy tốc độ và sự di chuyển""
    }
  },
  ""lighting"": {
    ""type"": ""ánh sáng điện ảnh tự nhiên"",
    ""contrast"": ""độ tương phản dịu"",
    ""mood"": ""lạnh lẽo, căng thẳng, kín đáo""
  },
  ""color_palette"": {
    ""primary_tones"": [""màu xanh lam bão hòa thấp"", ""màu xám lạnh""],
    ""saturation"": ""thấp, dịu""
  },
  ""camera"": {
    ""depth_of_field"": ""độ sâu trường ảnh nông"",
    ""focus"": ""sắc nét vào khuôn mặt và phần thân trên của người phụ nữ"",
    ""style"": ""ảnh tĩnh điện ảnh cao cấp""
  },
  ""atmosphere"": {
    ""mood"": ""căng thẳng, đầy dự cảm, trước khi biến đổi"",
    ""genre"": ""chủ nghĩa hiện thực khoa học viễn tưởng"",
    ""aesthetic"": ""thực tế, tinh tế, chân thực""
  },
  ""quality"": {
    ""realism"": ""chân thực như ảnh chụp"",
    ""detail_level"": ""cao"",
    ""skin_detail"": ""lỗ chân lông và kết cấu tự nhiên có thể nhìn thấy""
  },
  ""constraints"": [
    ""Không có yếu tố khoa học viễn tưởng phóng đại"",
    ""Không có ánh sáng huyền ảo hoặc hiệu ứng neon"",
    ""Không có phong cách hoạt hình hoặc minh họa"",
    ""Không có ánh sáng quá chói"",
    ""Các yếu tố cyborg phải giữ sự tinh tế và chân thực""
  ],
  ""output_goal"": ""Tạo một hình ảnh điện ảnh chân thực như ảnh chụp về một người phụ nữ đứng một mình bên trong một chuyến tàu điện ngầm đang di chuyển, ghi lại sự biến đổi cyborg giai đoạn đầu tinh tế với tâm trạng căng thẳng, đầy dự cảm và chủ nghĩa hiện thực khoa học viễn tưởng thực tế.""
}","[""https://cms-assets.youmind.com/media/1768890648607_yjt9k8_G_AIfUMXwAE1ZOC.jpg""]","{""name"":""𝗦𝗮𝗻𝗶𝗮"",""url"":""https://x.com/saniaspeaks_""}",https://x.com/saniaspeaks_/status/2013118390630744196,"Chân dung, Nhiếp ảnh, Điện ảnh, Minh họa, Anime, Tương lai, Nội thất, Nhân vật, Văn bản, UI/UX"
85,Truyện tranh / Bảng phân cảnh - Mô hình LEGO Diorama thu nhỏ bối cảnh phim kinh dị 'The Nun',"Một lời nhắc JSON sáng tạo để tạo cảnh mô hình LEGO thu nhỏ mô tả phim trường của bộ phim kinh dị 'The Nun'. Nó bao gồm các mô tả chi tiết về nội thất đá Gothic, nhân vật nữ tu LEGO và nhiều thành viên đoàn làm phim LEGO minifigure (người quay phim, người cầm micro boom, đạo diễn) tương tác với thiết bị làm phim, tất cả được thể hiện bằng ánh sáng điện ảnh kịch tính, độ tương phản cao.","{
  ""scene_overview"": {
    ""setting"": ""Nội thất đá kiểu Gothic giống bối cảnh nhà thờ hoặc thánh đường"",
    ""environment_style"": ""Mô hình LEGO thu nhỏ"",
    ""location_type"": ""Trường quay / sản xuất phim hậu trường"",
    ""time_of_day"": ""Trong nhà, ánh sáng được kiểm soát (tâm trạng đêm điện ảnh)"",
    ""atmosphere"": ""Điện ảnh, kỳ quái, sân khấu, được kiểm soát"",
    ""mood"": ""Hài hước đen tối, ma quái, vui tươi, sáng tạo"",
    ""genre_influence"": [""Kinh dị"", ""Làm phim hậu trường"", ""Kỳ ảo""]
  },

  ""primary_subject"": {
    ""type"": ""Nhân vật LEGO minifigure"",
    ""role"": ""Nữ tu / nhân vật kinh dị"",
    ""appearance"": {
      ""outfit"": ""Áo nữ tu đen với cổ áo trắng"",
      ""face"": ""Mặt trắng bệch, mắt trũng đen, biểu cảm kỳ quái"",
      ""accessories"": ""Dây chuyền thánh giá"",
      ""pose"": ""Đứng yên, đối diện về phía trước""
    },
    ""positioning"": {
      ""location"": ""Nằm ở trung tâm trong một vòm đá lớn"",
      ""background"": ""Hốc hoặc buồng được chiếu sáng màu xanh lam rực rỡ""
    }
  },

  ""supporting_characters"": {
    ""crew_members"": [
      {
        ""role"": ""Người quay phim"",
        ""object_interaction"": ""Vận hành một máy quay phim LEGO lớn"",
        ""position"": ""Phía trước bên trái, ngồi trên xe đẩy máy quay""
      },
      {
        ""role"": ""Người điều khiển micro boom"",
        ""object_interaction"": ""Giữ micro boom hướng về phía chủ thể"",
        ""position"": ""Phía trên bên trái tiền cảnh""
      },
      {
        ""role"": ""Kỹ thuật viên ánh sáng"",
        ""object_interaction"": ""Giữ một tấm phản sáng hình chữ nhật"",
        ""position"": ""Bên phải, đặt trên giá đỡ""
      },
      {
        ""role"": ""Người điều khiển bảng vỗ"",
        ""object_interaction"": ""Giữ một bảng vỗ"",
        ""position"": ""Phía trước trung tâm bên phải""
      },
      {
        ""role"": ""Đạo diễn / Giám sát kịch bản"",
        ""object_interaction"": ""Giữ bảng kẹp và giấy tờ"",
        ""position"": ""Phía dưới bên phải tiền cảnh""
      }
    ],
    ""style"": ""Tất cả các nhân vật đều là LEGO minifigure với tông màu da vàng và nhiều kiểu tóc khác nhau""
  },

  ""props_and_equipment"": {
    ""film_equipment"": [
      ""Máy quay phim LEGO"",
      ""Xe đẩy máy quay trên đường ray"",
      ""Micro boom có kính chắn gió lông"",
      ""Tấm phản sáng"",
      ""Bảng vỗ"",
      ""Màn hình hiển thị nhân vật nữ tu"",
      ""Dây cáp cuộn trên sàn""
    ],
    ""architectural_elements"": [
      ""Tường gạch đá"",
      ""Cửa vòm lớn"",
      ""Hốc tường lõm"",
      ""Sàn đá lát gạch""
    ]
  },
  ""lighting"": {
    ""primary_light"": ""Ánh sáng xanh lục lam mạnh từ phía sau nữ tu"",
    ""secondary_lighting"": ""Ánh sáng studio trung tính ấm áp trên đoàn làm phim và tiền cảnh"",
    ""contrast"": ""Độ tương phản cao giữa nền xanh lạnh và tông màu tiền cảnh ấm áp"",
    ""style"": ""Ánh sáng điện ảnh, kịch tính, lấy cảm hứng kinh dị""
  },

  ""color_palette"": {
    ""dominant_colors"": [""Xám đậm"", ""Đen"", ""Xanh lục lam""],
    ""accent_colors"": [""Vàng ấm (""
  }
}","[""https://cms-assets.youmind.com/media/1768631179842_bt4bpk_G-wvqjobQAIEqnQ.jpg""]","{""name"":""Chandan Singh"",""url"":""https://x.com/cbsingh_oo3""}",https://x.com/cbsingh_oo3/status/2012035545812385829,"Chân dung, Điện ảnh, Nội thất, Nhân vật, Xe cộ, Thời trang, Văn bản, UI/UX, Meme"
87,Truyện tranh / Bảng phân cảnh - Bảng phân cảnh ba bức về cặp đôi điện ảnh siêu chân thực,"Một lời nhắc JSON bị ràng buộc cao được thiết kế để tạo ra một bức tranh bộ ba (ba tấm dọc) về một cặp đôi trên xích đu, yêu cầu khóa nhận dạng nghiêm ngặt cho cả hai đối tượng và khóa bố cục chính xác dựa trên hình ảnh tham chiếu. Lời nhắc chỉ định kết xuất siêu chân thực, ánh sáng điện ảnh (ống kính 28mm, f/2.8) và các ràng buộc chi tiết để đảm bảo hành động (treo ngược, đẩy) và khuôn mặt được bảo toàn hoàn hảo trên cả ba tấm.","{
  ""generation_request"": {
    ""meta_data"": {
      ""tool"": ""NanoBanana Pro"",
      ""task_type"": ""photoreal_cinematic_couple_triptych_storyboard"",
      ""version"": ""v1.1_SWING_SET_TRIPTYCH_PLAYFUL_UPSIDE_DOWN_ULTRA_REAL"",
      ""priority"": ""highest""
    },
    ""references"": {
      ""female_reference_image"": {
        ""slot"": 1,
        ""purpose"": ""FEMALE_IDENTITY_LOCK"",
        ""strict_identity_lock"": true,
        ""face_similarity_priority"": ""MAX"",
        ""no_identity_blending"": true,
        ""preserve_age_gender"": true,
        ""preserve_skin_texture"": true,
        ""preserve_facial_proportions"": true,
        ""no_beautify"": true,
        ""no_makeup_invention"": true
      },
      ""male_reference_image"": {
        ""slot"": 2,
        ""purpose"": ""MALE_IDENTITY_LOCK"",
        ""strict_identity_lock"": true,
        ""face_similarity_priority"": ""MAX"",
        ""no_identity_blending"": true,
        ""preserve_age_gender"": true,
        ""preserve_skin_texture"": true,
        ""preserve_facial_proportions"": true,
        ""no_beautify"": true,
        ""no_makeup_invention"": true
      },
      ""composition_reference_image"": {
        ""source"": ""UPLOAD_REFERENCE_IMAGE (REQUIRED_FOR_LAYOUT_LOCK)"",
        ""purpose"": ""EXACT_TRIPTYCH_LAYOUT_COMPOSITION_ACTION_LOCK"",
        ""strict_lock"": true,
        ""no_layout_drift"": true,
        ""preserve_framing"": true,
        ""preserve_pose_logic"": true,
        ""preserve_panel_spacing"": true
      }
    },
    ""output_settings"": {
      ""aspect_ratio"": ""4:5"",
      ""orientation"": ""portrait"",
      ""resolution"": ""ultra_high_res"",
      ""render_style"": ""true_photoreal_cinematic_lifestyle"",
      ""sharpness"": ""natural_camera_sharpness_not_ai"",
      ""film_grain"": ""subtle_35mm_analog"",
      ""color_grade"": ""natural_warm_film_neutral_skin"",
      ""dynamic_range"": ""natural_not_hdr"",
      ""skin_rendering"": ""real_microtexture_pores_peachfuzz_no_plastic"",
      ""compression_artifacts"": ""none""
    },
    ""hard_constraints"": [
      ""Chỉ có đúng 2 người (một nữ, một nam)."",
      ""Khuôn mặt phải khớp với các ảnh tham chiếu đã tải lên với độ tương đồng tối đa (không lệch nhận dạng)."",
      ""Bố cục triptych: BA bảng ngang xếp chồng theo chiều dọc trong một ảnh 4:5, chính xác như ảnh tham chiếu bố cục."",
      ""Bối cảnh là bộ xích đu sân chơi ngoài trời, các hành động giống như tham chiếu: treo ngược người vui đùa + đẩy + vươn tay về phía máy ảnh."",
      ""Khuôn mặt phải hiển thị rõ ràng và dễ nhận biết trong TẤT CẢ BA bảng (không có tóc che kín mặt, không quá mờ)."",
      ""Giải phẫu học siêu thực; tay/ngón tay chính xác; nếp gấp quần áo và trọng lực thực tế."",
      ""Hình học của bộ xích đu phải chính xác về mặt vật lý (khung kim loại thẳng, mắt xích đúng, không bị biến dạng)."",
      ""Không có chữ, không có logo, không có hình mờ.""
    ],
    ""camera"": {
      ""style"": ""real_cinematic_lifestyle_photo"",
      ""lens"": ""28mm_full_frame"",
      ""distortion"": ""realistic_28mm_mild_edge_distortion_controlled"",
      ""aperture"": ""f/2.8""
    }
  }
}","[""https://cms-assets.youmind.com/media/1768468569920_isda2w_G-pfFU6bQAIiBBT.jpg""]","{""name"":""Özge Döner"",""url"":""https://x.com/astronomerozge1""}",https://x.com/astronomerozge1/status/2011524755480809767,"Chân dung, Nhóm người, Nhiếp ảnh, Điện ảnh, 3D, Nhân vật, Văn bản, Logo, UI/UX"
95,Tiếp thị sản phẩm - Lời nhắc: Thần tượng chân thực như ảnh trong bộ đồ bơi màu xanh navy,"Một lời nhắc tạo ảnh chân thực chi tiết cho Nano Banana Pro, tập trung vào một nữ thần tượng châu Á tuyệt đẹp trong bộ đồ bơi thi đấu màu xanh navy bó sát với các phụ kiện cụ thể và bối cảnh tối giản. Lời nhắc được cấu trúc theo định dạng JSON, cho phép dễ dàng sửa đổi các yếu tố như logo văn bản trên trang phục.","{
  ""prompt_data"": {
    ""subject"": {
      ""basics"": ""1 cô gái, một mình"",
      ""demographics"": ""Nữ thần tượng châu Á tuổi 20 tuyệt đẹp"",
      ""hair"": ""Tóc đen thẳng rất dài với mái bằng"",
      ""eyes"": ""Đôi mắt xanh nhạt sắc sảo"",
      ""skin"": ""Làn da trắng sứ không tì vết"",
      ""expression"": ""Biểu cảm dễ thương nhưng quyến rũ nhìn vào người xem""
    },
    ""attire"": {
      ""main_outfit"": {
        ""item"": ""Áo bơi thi đấu màu xanh navy bó sát"",
        ""details"": [
          ""Viền trắng tương phản trên dây áo và hai bên"",
          ""Cắt xẻ đùi cao, khoe chân dài"",
          ""Chất liệu vải bóng ướt""
        ],
        ""branding"": ""Logo chữ '{argument name=\""logo text\"" default=\""BeautyVerse\""}' màu trắng in đậm ở vùng ngực""
      },
      ""legwear"": [
        ""Vớ đùi màu đen xuyên thấu"",
        ""Dây nịt tất ren tối màu""
      ]
    },
    ""accessories"": {
      ""style"": ""Phụ kiện vàng sang trọng"",
      ""items"": [
        ""Đồng hồ vàng mỏng"",
        ""Dây chuyền vàng mảnh với mặt dây chuyền đá ruby"",
        ""Bông tai dây vàng dài""
      ]
    },
    ""pose_and_action"": {
      ""posture"": ""Ngồi thoải mái, đầu gối co lên"",
      ""interaction"": ""Tựa vào bức tường bê tông màu xám hiện đại""
    },
    ""environment"": {
      ""setting"": ""Nội thất phòng đơn giản, tối giản màu xám"",
      ""background_elements"": ""Tường bê tông màu xám hiện đại""
    },
    ""style_and_technical"": [
      ""Bóng đổ tinh tế"",
      ""Ánh sáng mềm mại kiểu điện ảnh"",
      ""Khuôn mặt và đôi mắt cực kỳ chi tiết"",
      ""Chất liệu chân thực"",
      ""Siêu thực"",
      ""Lấy nét sắc nét"",
      ""8k"",
      ""3:4""
    ]
  }
}","[""https://cms-assets.youmind.com/media/1768890712914_k5bpoq_G_Eft4VXUAADwdX.jpg""]","{""name"":""BeautyVerse"",""url"":""https://x.com/BeautyVerse_Lab""}",https://x.com/BeautyVerse_Lab/status/2013425391806095403,"Điện ảnh, Tối giản, Sản phẩm, Nội thất, Xe cộ, Thời trang, Văn bản, Logo"
97,Tiếp thị sản phẩm - Nụ hôn trong hiệu sách siêu thực như phim điện ảnh với hiệu ứng Motion Blur,"Một lời nhắc có cấu trúc cao được thiết kế để tạo ra một bức ảnh tĩnh siêu chân thực, tự nhiên như chụp từ một bộ phim điện ảnh về một cặp đôi đang hôn nhau nồng nàn trong lối đi ấm cúng của một hiệu sách. Nó nhấn mạnh những khuyết điểm tự nhiên, ánh sáng vàng hổ phách ấm áp, độ sâu trường ảnh nông và một chút mờ chuyển động để nắm bắt sự ngẫu hứng của khoảnh khắc, đồng thời tuân thủ nghiêm ngặt các giới hạn PG-13.","{
  ""generation_request"": {
    ""meta_data"": {
      ""tool"": ""NanoBanana Pro"",
      ""task_type"": ""photoreal_intimate_romance"",
      ""version"": ""v1.0_COZY_BOOKSTORE_AISLE_KISS_MOTIONBLUR_EN"",
      ""priority"": ""highest"",
      ""language"": ""vi""
    },
    ""references"": {
      ""reference_image_couple"": {
        ""source"": ""UPLOAD_REFERENCE_IMAGE (TÙY CHỌN)"",
        ""purpose"": ""POSE_MOOD_STYLE_ANCHOR"",
        ""strict_lock"": false,
        ""preserve_mood"": true
      }
    },
    ""global_constraints"": {
      ""rating"": ""PG-13"",
      ""no_explicit_sexual_content"": true,
      ""no_text"": true,
      ""no_logos"": true,
      ""no_watermark"": true
    },
    ""output_settings"": {
      ""aspect_ratio"": ""3:4"",
      ""orientation"": ""portrait"",
      ""resolution_target"": ""ultra_high_res"",
      ""render_style"": ""ultra_photoreal_cinematic_film_still"",
      ""sharpness"": ""soft_focus_cinematic"",
      ""film_grain"": ""subtle_35mm"",
      ""color_grade"": ""warm_amber_lowlight"",
      ""dynamic_range"": ""natural_not_hdr"",
      ""skin_rendering"": ""real_texture_no_retouch""
    },
    ""global_rules"": {
      ""camera_language"": ""ống kính 50mm, cận cảnh trung bình, cảm giác cầm tay, độ sâu trường ảnh nông, sách phía trước bị mờ, hiệu ứng nhòe chuyển động nhẹ như một khoảnh khắc tự nhiên"",
      ""lighting_language"": ""ánh sáng tungsten ấm áp + phản xạ mềm, không khí ấm cúng của hiệu sách, giảm sáng nhẹ nhàng, không có đèn flash gắt"",
      ""authenticity_markers"": ""khiếm khuyết tự nhiên, hạt nhiễu nhẹ, hiệu ứng bokeh chân thực, không có ánh sáng AI, không có HDR""
    },
    ""creative_prompt"": {
      ""scene_summary"": ""Một khoảnh khắc điện ảnh chân thực, siêu thực tế về một cặp đôi đang hôn nhau trong lối đi hẹp của một hiệu sách/thư viện. Sách lấp đầy các kệ phía sau họ; những chồng sách ở phía trước tạo chiều sâu. Cảnh quay mang lại cảm giác riêng tư, tự nhiên và ấm áp, với tính thẩm mỹ nhòe chuyển động mềm mại như được quay bằng tay."",
      ""subjects"": {
        ""count"": 2,
        ""description"": ""một cặp đôi thật, tỷ lệ cơ thể tự nhiên, kết cấu da chân thực"",
        ""expression"": ""thân mật và vui vẻ, đắm chìm trong khoảnh khắc"",
        ""skin_and_face"": ""kết cấu da thật, trang điểm tối thiểu, không chỉnh sửa""
      },
      ""pose_and_micro_action"": ""Người đàn ông kéo người phụ nữ lại gần bằng eo; người phụ nữ vòng tay quanh cổ anh. Khuôn mặt của họ bị che khuất một phần bởi nụ hôn, được ghi lại giữa chuyển động để tạo hiệu ứng nhòe tự nhiên."",
      ""wardrobe_and_style"": {
        ""female"": ""váy hoặc áo ôm đơn giản với {argument name=\""female wardrobe color\"" default=\""tông màu trung tính\""}, tóc mềm tự nhiên"",
        ""male"": ""áo sơ mi cài cúc hoặc áo len dệt kim thông thường, tông màu trung tính"",
        ""no_logos"": ""không có thương hiệu dễ thấy""
      },
      ""environment_details"": {
        ""location"": ""lối đi của hiệu sách/thư viện cũ ấm cúng"",
        ""background"": ""những kệ sách cao chất đầy sách, tông màu gỗ ấm áp"",
        ""foreground"": ""sách và gáy sách bị mờ, gần ống kính để tạo chiều sâu"",
        ""props"": ""sách xếp chồng trên một xe đẩy nhỏ hoặc mép kệ""
      },
      ""lighting"": ""ánh sáng thực tế màu hổ phách ấm áp, bóng mềm, điểm nhấn nhẹ nhàng trên tóc và xương gò má"",
      ""composition"": """"
    }
  }
}","[""https://cms-assets.youmind.com/media/1768890673086_xe89r2_G_DTY-kW0AAX35W.jpg""]","{""name"":""Özge Döner"",""url"":""https://x.com/astronomerozge1""}",https://x.com/astronomerozge1/status/2013341511480496169,"Chân dung, Nhóm người, Nhiếp ảnh, Điện ảnh, 3D, Sản phẩm, Nhân vật, Xe cộ, Thành phố, Văn bản, Logo, UI/UX"
98,Tiếp thị sản phẩm - Lời nhắc biên tập: Thảm thần kỳ thời trang cao cấp,"Một lời nhắc JSON để tạo hình ảnh biên tập thời trang cao cấp, mô tả một người phụ nữ đang bay lên trên một tấm thảm thần kỳ được trang trí công phu phía trên biển. Nó nhấn mạnh ánh sáng hoàng hôn điện ảnh xuyên qua màn sương mềm mại, trang phục nhiều lớp tinh xảo với vải vóc bồng bềnh, và góc nhìn thấp để tạo chiều sâu điện ảnh, mơ màng.","{
  ""options"": {
    ""gender"": [
      ""woman""
    ]
  },
  ""prompt_structure"": {
    ""style"": ""Phong cách biên tập thời trang cao cấp"",
    ""subject"": {
      ""model"": ""Người phụ nữ"",
      ""pose"": ""Ngồi hoặc đứng"",
      ""action"": ""Cất cánh trên một tấm thảm thần bay""
    },
    ""apparel"": {
      ""description"": ""Trang phục tinh tế, nhiều lớp với kiểu dáng có cấu trúc"",
      ""details"": ""Chất liệu cao cấp lấy cảm hứng từ các nhà mốt xa xỉ hiện đại"",
      ""physics"": ""Vải bay lượn duyên dáng trong không khí biển ẩm ướt""
    },
    ""props"": {
      ""item"": ""Thảm thần"",
      ""attributes"": ""{argument name=\""carpet details\"" default=\""Trang trí công phu, chi tiết phong phú\""}""
    },
    ""environment"": {
      ""location"": ""Trên biển khơi"",
      ""weather"": ""Sương mù nhẹ nhàng, sương giăng, bọt biển"",
      ""background"": ""Nước biển xanh thẳm, sương mù dày đặc che khuất đường chân trời"",
      ""mood"": ""Chiều sâu mơ màng, đậm chất điện ảnh""
    },
    ""lighting"": {
      ""type"": ""Ánh sáng hoàng hôn ấm áp, đậm chất điện ảnh"",
      ""interaction"": ""Xuyên qua sương mù, nhẹ nhàng chiếu sáng người mẫu, làm nổi bật kết cấu vải""
    },
    ""camera_settings"": {
      ""angle"": ""Góc nhìn thấp"",
      ""focus"": ""Tập trung hoàn toàn vào chủ thể và khung cảnh""
    }
  }
}","[""https://cms-assets.youmind.com/media/1768890691170_lhqun5_G_DPOw_XAAADSDC.jpg"",""https://cms-assets.youmind.com/media/1768890691210_ix0xqb_G_DPOw-WAAAbC-p.jpg""]","{""name"":""Lex"",""url"":""https://x.com/lexx_aura""}",https://x.com/lexx_aura/status/2013336900946350096,"Nhiếp ảnh, Điện ảnh, Sản phẩm, Nhân vật, Động vật, Xe cộ, Thời trang, UI/UX"
100,Tiếp thị sản phẩm - Cảnh Đời Thường Cặp Đôi Đeo Khẩu Trang Chụp Tự Nhiên,"Một JSON prompt cực kỳ chi tiết để tạo ra một cảnh sinh hoạt đời thường chân thực đến siêu thực, tự nhiên về một cặp đôi trẻ đang đùa nghịch đắp mặt nạ màu xanh cho nhau trong một phòng tắm hiện đại, ấm cúng. Nó chỉ định tư thế, trang phục của các nhân vật (áo crop top màu đỏ, áo phông màu đen) và nhấn mạnh kết cấu da chân thực, bóng đổ tự nhiên và các ràng buộc giải phẫu chính xác.","{
  ""generation_request"": {
    ""meta_data"": {
      ""task_type"": ""photoreal_intimate_home_couple_playful_face_mask"",
      ""version"": ""v1.0_BATHROOM_COUPLE_RED_CROP_PAJAMA_NO_TEXT_EN"",
      ""priority"": ""highest"",
      ""language"": ""en""
    },
    ""output_settings"": {
      ""aspect_ratio"": ""4:5"",
      ""orientation"": ""portrait"",
      ""resolution_target"": ""ultra_high_res"",
      ""render_style"": ""ultra_photoreal_candid_lifestyle"",
      ""sharpness"": ""crisp_but_natural"",
      ""film_grain"": ""subtle"",
      ""color_grade"": ""warm_cozy_indoor_tones"",
      ""dynamic_range"": ""natural_not_hdr"",
      ""skin_rendering"": ""real_texture_no_retouch"",
      ""no_text"": true,
      ""no_logos"": true,
      ""no_watermarks"": true,
      ""no_ui"": true
    },
    ""creative_prompt"": {
      ""scene_summary"": ""Cảnh sinh hoạt đời thường chân thực, siêu thực trong phòng tắm ấm cúng tại nhà. Một cặp đôi trẻ đang đắp mặt nạ màu xanh cho nhau một cách vui đùa, mỉm cười và cười đùa. Người phụ nữ ngồi thoải mái trên bồn rửa mặt trong khi người đàn ông đứng gần trước mặt cô ấy. Khoảnh khắc thân mật, vui tươi, không mang tính tình dục trong gia đình. Không có chữ."",
      ""environment"": {
        ""location"": ""phòng tắm nhỏ hiện đại"",
        ""details"": ""bồn rửa mặt, mặt bàn, mép gương, ánh sáng trong nhà ấm áp"",
        ""lighting"": ""ánh sáng gia đình ấm áp dịu nhẹ, bóng đổ tự nhiên""
      },
      ""subjects"": {
        ""female_adult"": {
          ""wardrobe"": {
            ""top"": ""áo croptop hai dây màu đỏ"",
            ""bottom"": ""quần ngủ màu đỏ cùng bộ""
          },
          ""pose"": ""ngồi trên bồn rửa mặt, một chân hơi gập, tư thế thư giãn"",
          ""expression"": ""mỉm cười, vui tươi"",
          ""action"": ""nhẹ nhàng chạm vào mặt người đàn ông khi đắp mặt nạ""
        },
        ""male_adult"": {
          ""wardrobe"": {
            ""top"": ""áo phông đen"",
            ""bottom"": ""quần ngủ đen""
          },
          ""pose"": ""đứng gần bồn rửa mặt, hơi cúi người về phía trước"",
          ""expression"": ""mỉm cười, thích thú"",
          ""action"": ""để người phụ nữ đắp mặt nạ, ngôn ngữ cơ thể thư giãn""
        }
      },
      ""details_and_props"": {
        ""face_mask"": ""mặt nạ đất sét hoặc gel màu xanh đã được đắp một phần lên cả hai khuôn mặt"",
        ""interaction"": ""đặt tay tự nhiên, chạm nhẹ nhàng, điểm tiếp xúc chân thực""
      },
      ""anatomy_constraints"": {
        ""priority"": ""maximum"",
        ""requirements"": [
          ""tỷ lệ và đối xứng khuôn mặt tự nhiên"",
          ""bàn tay chính xác với năm ngón, khớp ngón tay chính xác"",
          ""không có chi bị biến dạng hoặc cổ tay bị xoắn"",
          ""tư thế ngồi và đứng chân thực"",
          ""không có bộ phận cơ thể lơ lửng""
        ]
      },
      ""camera_and_style_notes"": {
        ""shot_type"": ""cảnh cận trung thực"",
        ""camera_angle"": ""ngang tầm mắt hoặc hơi nghiêng"",
        ""lens_look"": ""góc nhìn đời thường 35mm-50mm"",
        ""mood"": ""khoảnh khắc gia đình thân mật, ấm cúng, vui tươi""
      }
    },
    ""negative_prompt"": [
      ""text"",
      ""letters"",
      ""w""
    ]
  }
}","[""https://cms-assets.youmind.com/media/1768890668009_r7ibtg_G_DAN3pWUAEn6zr.jpg""]","{""name"":""Özge Döner"",""url"":""https://x.com/astronomerozge1""}",https://x.com/astronomerozge1/status/2013320441406935172,"Chân dung, Nhóm người, Nhiếp ảnh, Điện ảnh, 3D, Sản phẩm, Nội thất, Nhân vật, Văn bản, Logo, UI/UX"
102,Tiếp thị sản phẩm - Lời nhắc tạo ảnh chân dung trượt patin với nền nhiệt đới,"Một JSON prompt rất chi tiết để tạo ra bức chân dung toàn thân của một phụ nữ khỏe mạnh mặc bộ bodysuit màu xám heather và tất sọc cao đến đầu gối, đang ngồi với giày patin 4 bánh. Nó chỉ định các chi tiết phức tạp trên khuôn mặt, màu tóc (balayage), tư thế (nghiêng người về phía trước, chỉnh tất) và môi trường (công viên/đường đi dạo ngoài trời với cây nhiệt đới mờ ảo và ánh sáng tự nhiên dịu nhẹ).","{
  ""prompt_type"": ""detailed_image_generation"",
  ""subject"": {
    ""demographics"": {
      ""gender"": ""Nữ"",
      ""age_range"": ""20s"",
      ""ethnicity"": ""Da trắng""
    },
    ""physique"": {
      ""body_type"": ""Vận động, săn chắc, thon gọn nhưng có đường cong quyến rũ"",
      ""pose"": ""Ngồi trên mép gờ bê tông trắng, hơi nghiêng người về phía trước từ eo. Hai tay đặt trên ống chân phải ngay dưới đầu gối, như thể đang chỉnh tất. Lưng hơi cong, làm nổi bật tư thế.""
    },
    ""face_details"": {
      ""shape"": ""Khuôn mặt trái xoan với đường quai hàm rõ nét"",
      ""skin_tone"": ""Nước da rám nắng nhẹ/hơi cháy nắng, mịn màng, đều màu"",
      ""eyes"": {
        ""color"": ""Xanh lam nhạt hoặc xanh lục (màu sáng)"",
        ""shape"": ""To, hình quả hạnh"",
        ""gaze"": ""Nhìn thẳng vào máy ảnh, mãnh liệt và quyến rũ"",
        ""makeup"": ""Hàng mi trên được định hình rõ nét, kẻ mắt tinh tế, phấn mắt tự nhiên""
      },
      ""brows"": ""Cong, được tỉa gọn gàng, độ dày vừa phải, màu nâu nhạt"",
      ""nose"": ""Sống mũi thẳng, đầu mũi thon gọn và thanh tú"",
      ""lips"": {
        ""shape"": ""Đầy đặn, đặc biệt là môi dưới"",
        ""color"": ""Hồng nude tím hoa cà nhẹ nhàng"",
        ""expression"": ""Hơi hé mở, thư giãn, gợi cảm"",
        ""finish"": ""Lì""
      },
      ""cheeks"": ""Gò má cao, tạo khối/đánh bronzer nhẹ nhàng để tạo đường nét""
    },
    ""hair"": {
      ""color"": ""Chân tóc màu nâu nhạt chuyển dần sang vàng mật ong và highlight bạch kim (balayage)"",
      ""length"": ""Dài, chạm giữa lưng"",
      ""texture"": ""Thẳng với độ bồng bềnh nhẹ"",
      ""style"": ""Buông xõa, chảy dài xuống lưng và qua vai trái""
    }
  },
  ""wardrobe"": {
    ""bodysuit"": {
      ""color"": ""{argument name=\""bodysuit color\"" default=\""Xám lông chuột\""}"",
      ""fabric"": ""Vải cotton jersey hoặc hỗn hợp spandex"",
      ""style"": ""Cổ khoét sâu, dây áo bản to kiểu tank-top, khoét hông cao để lộ hông, ôm sát cơ thể""
    },
    ""socks"": {
      ""color"": ""Trắng"",
      ""style"": ""Tất ống cao đến đầu gối"",
      ""details"": ""Hai sọc ngang màu hồng tươi rõ nét ở viền trên""
    },
    ""footwear"": {
      ""item"": ""Giày patin 4 bánh (Quad roller skates)"",
      ""color"": ""Giày bốt da trắng cổ điển"",
      ""details"": ""Đế gót gỗ màu nâu, trục bạc"",
      ""wheels"": ""Bánh xe polyurethane màu hồng tươi trong suốt"",
      ""toe_stop"": ""Cao su màu hồng tươi""
    }
  },
  ""environment"": {
    ""setting"": ""Công viên hoặc lối đi dạo ngoài trời"",
    ""background_objects"": {
      ""immediate"": ""Ghế hoặc tường bê tông trắng cong (bề mặt mịn)"",
      ""mid_ground"": ""Nền lát gạch/bê tông màu xám nhạt"",
      ""background"": ""Tán lá nhiệt đới mờ ảo, thân cây cọ, thấp thoáng các cấu trúc kiến trúc màu trắng""
    },
    ""lighting"": {
      ""type"": ""Ánh sáng tự nhiên dịu nhẹ ban ngày"",
      ""direction"": ""Chiếu sáng từ phía trước"",
      ""quality"": ""Khuếch tán (không có bóng đổ gắt trên mặt), có thể là trời nhiều mây hoặc bóng râm thoáng đãng""
    }
  },
  ""technical_specs"": {
    ""aspect_ratio"": ""4:5 (Chân dung dọc)"",
    ""camera_shot"": ""Toàn thân / Cận cảnh trung bình-dài"",
    ""depth_of_field"": ""Độ sâu trường ảnh nông (chủ thể sắc nét""
  }
}","[""https://cms-assets.youmind.com/media/1768890698052_re46fl_G_CxJ45W0AIPdj6.jpg""]","{""name"":""Artificial intelligence (Ai),Open Ai"",""url"":""https://x.com/Vishnudxe""}",https://x.com/Vishnudxe/status/2013303820986785863,"Chân dung, Nhiếp ảnh, Điện ảnh, Cổ điển, Sản phẩm, Nội thất, Nhân vật, Xe cộ, Thành phố, Văn bản, UI/UX"
104,Tiếp thị sản phẩm - Chân Dung Vầng Hào Quang Vải Từ Trên Xuống Dạng Tiên Phong,"Một JSON prompt mang tính kỹ thuật cao để tạo ra một bức chân dung biên tập tiên phong có tựa đề 'Textural Rebellion'. Nó yêu cầu góc nhìn từ trên xuống 90 độ thẳng đứng của một chủ thể nằm trên nền đá phiến tối, được bao quanh bởi 'Vương miện Vải' (lụa xếp ly và gấm đỏ thẫm đông cứng trong một gợn sóng). Nó chỉ định ánh sáng làm đẹp cường độ cao (softbox ngay phía trên đầu) và tính thẩm mỹ của phim định dạng trung bình analog (Hasselblad 503CW, Kodak Ektar 100).","{
  ""vibe_title_en"": ""Nổi loạn về kết cấu"",
  ""master_prompt"": ""Một góc nhìn từ trên xuống hoàn toàn thẳng đứng 90 độ của Nhân vật chính đang nằm phẳng trên một bề mặt đá phiến tối màu, phong hóa. Chủ thể được bao quanh bởi một 'Vương miện vải'—một sự sắp xếp siêu thực, mang tính kiến trúc của lụa thô xếp ly và vải gấm đỏ thẫm nặng nề tỏa ra từ đầu như một vầng hào quang. Những loại vải này dường như bị đóng băng trong một làn sóng thách thức trọng lực, lơ lửng như thể dưới nước hoặc bị cuốn vào một đường hầm gió tốc độ cao, đóng vai trò như một tác phẩm điêu khắc hiệu ứng thực tế. Chủ thể duy trì năng lượng 'Tối giản sắc sảo': một biểu cảm điềm tĩnh, trung tính với ánh mắt nhìn thẳng tuyệt đối vào ống kính. Ánh sáng là Ánh sáng làm đẹp cường độ cao: một softbox lớn ngay phía trên tạo ra ánh sáng đều trên khuôn mặt, loại bỏ bóng đổ gắt trong khi làm nổi bật lỗ chân lông và các chi tiết sắc nét của mống mắt. Được chụp bằng Hasselblad 503CW với ống kính 80mm, sử dụng phim Kodak Ektar 100 để có độ bão hòa phong phú, xúc giác và hạt mịn. Kết cấu siêu thực, không có độ bóng CGI."",
  ""meta"": {
    ""intent"": ""Biên tập Tiên phong"",
    ""priorities"": ""Kết cấu, Đối xứng, Siêu thực"",
    ""device_profile"": ""Analog định dạng trung bình""
  },
  ""frame"": {
    ""aspect"": ""4:5"",
    ""composition"": ""Đối xứng trung tâm"",
    ""layout"": ""Chủ thể ở trung tâm, được bao quanh bởi kết cấu"",
    ""camera_angle"": ""Từ trên xuống 90 độ (Góc nhìn chim bay)"",
    ""tilt_roll_degrees"": ""0""
  },
  ""subject"": {
    ""gender"": ""Nữ"",
    ""identity"": ""Nhân vật chính"",
    ""demographics"": ""Người mẫu thời trang cao cấp phổ quát"",
    ""face"": ""Đối xứng, cấu trúc xương rõ nét, kết cấu da siêu thực"",
    ""hair"": ""Vuốt ngược hoặc tích hợp vào tác phẩm điêu khắc vải"",
    ""body"": ""Từ vai trở lên, nằm phẳng"",
    ""expression"": ""Điềm tĩnh, trung tính, ánh mắt cường độ cao, môi thư giãn nhưng khép kín"",
    ""pose"": ""Nằm ngửa, thẳng hàng hoàn hảo với trục dọc""
  },
  ""wardrobe_accessories"": {
    ""garments"": [
      {
        ""item"": ""Áo tunic cổ cao"",
        ""material"": ""Lụa thô"",
        ""color"": ""Than chì đậm"",
        ""fit"": ""Có cấu trúc/Kiến trúc""
      }
    ],
    ""accessories"": [
      {
        ""item"": ""Vầng hào quang vải"",
        ""color"": ""Đỏ thẫm và Xanh nửa đêm"",
        ""material"": ""Lụa xếp ly và Gấm"",
        ""brand_style"": ""Thời trang cao cấp siêu thực""
      }
    ]
  },
  ""environment"": {
    ""setting"": ""Bề mặt kết cấu trừu tượng"",
    ""surfaces"": ""Đá phiến phong hóa, Vải dệt nhiều lớp"",
    ""depth"": ""Nông (Phẳng)"",
    ""atmosphere"": ""Tĩnh lặng như chân không, chuyển động lơ lửng"",
    ""lens_interaction"": ""Lấy nét sắc nét từ cạnh này sang cạnh khác""
  },
  ""lighting"": {
    ""key"": ""Đèn Beauty Dish trên đầu (Mềm)"",
    ""fill"": ""Tấm phản sáng trắng (từ dưới máy ảnh)"",
    ""rim"": ""Không"",
    ""shadows"": ""Tối thiểu, đổ bóng mềm mại dưới cằm"",
    ""color_temperature"": ""5600K (Cân bằng ánh sáng ban ngày)"",
    ""sensor_flare"": ""Không""
  },
  ""camera"": {
    ""lens_type"": ""Prime Macro-Capable"",
    ""focal_length"": ""80mm"",
    ""aperture"": ""f/8"",
    ""focus"": ""Khóa trên E""
  }
}","[""https://cms-assets.youmind.com/media/1768890669025_vlz5ay_G_CwIS7XsAAYt4-.jpg"",""https://cms-assets.youmind.com/media/1768890669374_nim0pj_G_CwIR0WYAAxYd6.jpg""]","{""name"":""timedoctor.eth"",""url"":""https://x.com/timedoctor_nft""}",https://x.com/timedoctor_nft/status/2013302693515661588,"Chân dung, Nhiếp ảnh, Điện ảnh, 3D, Tối giản, Sản phẩm, Nội thất, Đồ ăn, Nhân vật, Thời trang, Văn bản, Trừu tượng, Logo"
105,Tiếp thị sản phẩm - Gợi ý tạo ảnh chân dung khách sạn sang trọng vào Giờ Vàng,"Một JSON prompt cực kỳ chi tiết để tạo ra bức chân dung 8K siêu thực của một người phụ nữ đang nằm thư giãn trong phòng khách sạn sang trọng vào giờ vàng. Nó nhấn mạnh ánh sáng mặt trời tự nhiên trực tiếp, gay gắt tạo ra những bóng đổ hình học mạnh mẽ, các chi tiết kết cấu (váy có gân, tóc ướt) và góc nhìn thấp tập trung vào đôi chân và bàn chân trần của chủ thể, đạt được vẻ đẹp sang trọng giản dị, không vướng bận.","{
  ""meta"": {
    ""aspect_ratio"": ""4:5"",
    ""quality"": ""siêu chân thực, thô, phong cách sống của người có ảnh hưởng, biên tập cao cấp"",
    ""resolution"": ""8k"",
    ""camera"": ""Máy ảnh Mirrorless (ví dụ: Sony A7R IV)"",
    ""lens"": ""Ống kính 35mm f/1.4 (chụp toàn thân và môi trường xung quanh)"",
    ""style"": ""Sang trọng giản dị, ngập nắng, thẩm mỹ giờ vàng, tự tin thư thái"",
    ""composition"": ""Chụp toàn thân một người phụ nữ đang ngả lưng trên ghế, góc nhìn thấp nhấn mạnh đôi chân, bố cục căn giữa.""
  },
  ""scene"": {
    ""location"": ""Một phòng khách sạn hoặc phòng ngủ hiện đại, tối giản."",
    ""environment"": [
      ""Ghế thư giãn bọc vải màu be hiện đại với đôn gác chân cùng tông"",
      ""Tủ đầu giường nổi bằng gỗ sáng màu với tai nghe chụp tai màu xanh dương đặt trên đó"",
      ""Lò sưởi gắn tường màu trắng có thể nhìn thấy ở hậu cảnh"",
      ""Tường màu be/trắng nhạt trung tính trơn"",
      ""Chụp đèn màu be ở góc trên""
    ],
    ""time"": ""Chiều muộn, Giờ vàng."",
    ""atmosphere"": ""Lười biếng, ấm áp, sang trọng thầm lặng, không vướng bận, sành điệu.""
  },
  ""lighting"": {
    ""type"": ""Ánh nắng tự nhiên trực tiếp, gay gắt."",
    ""source"": ""Cửa sổ ngoài khung hình ở bên trái."",
    ""effect"": ""Tạo ra những bóng đổ hình học mạnh mẽ, rõ nét (có thể từ khung cửa sổ) trên bức tường phía sau, các vùng sáng có độ tương phản cao trên mặt và chân, tông màu vàng ấm áp.""
  },
  ""subject"": {
    ""identity"": ""Một phụ nữ trẻ tuyệt đẹp với mái tóc vàng bạch kim dài, bóng ướt xõa qua vai. Cô ấy có làn da rám nắng, đôi môi đầy đặn và ánh nhìn tự tin, trực diện."",
    ""body"": {
      ""pose"": ""Ngả sâu vào ghế thư giãn, chân bắt chéo và duỗi về phía máy ảnh (tập trung vào bàn chân và đôi chân trần), một tay đặt trên tay vịn ghế, tay kia đặt trên chân."",
      ""physique"": ""Vóc dáng cân đối, gợi cảm.""
    },
    ""outfit"": {
      ""clothing"": ""Váy mini dệt kim gân {argument name=\""dress color\"" default=\""màu tím\""} bó sát, dài tay."",
      ""accessories"": ""Vòng tay chỉ đỏ trên cổ tay, sơn móng tay màu đen trên cả tay và chân.""
    }
  },
  ""realism_focus"": {
    ""textures"": ""Kết cấu dệt kim gân của chiếc váy màu tím, kết cấu da chân thực dưới ánh nắng gay gắt trực tiếp, từng sợi tóc vàng ướt riêng lẻ, dệt vải của chiếc ghế màu be."",
    ""imperfections"": ""Bóng đổ chân thực, gay gắt trên tường, các nếp nhăn tự nhiên trên váy ở những chỗ cơ thể uốn cong, vị trí đặt tai nghe một cách ngẫu nhiên.""
  }
}","[""https://cms-assets.youmind.com/media/1768890699553_a7klpc_G_Cub-7XoAA7srN.jpg""]","{""name"":""Mikasa"",""url"":""https://x.com/Mikasa_rose729""}",https://x.com/Mikasa_rose729/status/2013300949834702966,"Chân dung, Nhiếp ảnh, Điện ảnh, Tối giản, Sản phẩm, Nhân vật, Thời trang, Văn bản, Logo"
108,Hình ảnh chính thương mại điện tử - Chụp ảnh thực phẩm Praline độ chi tiết cao,"Một lời nhắc rất cụ thể để tạo ra ảnh chụp đồ ăn AI cao cấp về các loại kẹo Praline. Nó mô tả chi tiết bố cục (tháp xếp chồng), kết cấu nhân (hạt phỉ cắt nhỏ, gel mâm xôi, caramel muối), ánh sáng (ánh sáng bên kịch tính) và hậu cảnh (chuyển màu từ xanh mòng két sang xanh navy).","Các viên Praline đủ loại được xếp chồng lỏng lẻo ở giữa trên giá đỡ màu vàng chải xước, phần bên cạnh để lộ lớp nhân chảy tự nhiên: phía dưới là những miếng hạt phỉ vón cục không đều, lớp gel mâm xôi đọng tự nhiên, caramel muối với những đường chảy chân thực, lớp ganache cà phê mịn màng, chanh dây với những đốm thịt quả. Những hạt kim loại độc đáo (một hạt vàng cho mỗi loại nhân) được đặt tự nhiên ở mỗi lớp chuyển tiếp. Nền {argument name=""background color"" default=""Teal-to-navy gradient""} với các hạt vàng lơ lửng ở bên trái, ánh sáng phụ 35° tạo hiệu ứng khúc xạ nhân và đổ bóng chân thực. Bố cục tháp so le tạo đường nhìn dọc xuyên suốt sự đa dạng hương vị.","[""https://cms-assets.youmind.com/media/1768890644813_2dzxig_G_BUEPMXoAAyOMv.jpg""]","{""name"":""TheAIHeadquarters"",""url"":""https://x.com/DavisonDabiri""}",https://x.com/DavisonDabiri/status/2013201475346842049,"Đồ ăn, Xe cộ"
109,Hình ảnh chính thương mại điện tử - Trình tạo hình ảnh chủ đạo cho sản phẩm chăm sóc da,"Một mẫu lời nhắc có thể tùy chỉnh để tạo ra hình ảnh chủ đạo sản phẩm chăm sóc da cao cấp siêu thực. Mẫu này sử dụng các phần giữ chỗ cho sản phẩm, màu nền và các thành phần chính, tập trung vào ánh sáng studio sạch sẽ, phản chiếu sắc nét và các yếu tố nổi (thực vật, xoáy gel, giọt nước) để tạo ra một vẻ đẹp thương mại cao cấp.","đặt chính giữa {argument name=""product type"" default=""FACEWASH_PACKAGING""} trên nền chuyển màu đậm {argument name=""background color 1"" default=""BG_COLOR_1""}→{argument name=""background color 2"" default=""BG_COLOR_2""}, ánh sáng studio hiện đại, phản chiếu sắc nét + bóng đổ mềm mại. Chữ trên nhãn phải dễ đọc: chỉ ""{argument name=""brand name"" default=""BRAND""} {argument name=""product name"" default=""PRODUCT_NAME""}"". Bao quanh bằng KEY_INGREDIENT_1, KEY_INGREDIENT_2, BOTANICAL trôi nổi theo bố cục hình tròn cân đối, cùng với các dải ruy băng gel/bọt bóng loáng (các vòng lặp mượt mà), các giọt nước siêu nhỏ + sương mù nhẹ. Lấy nét cực sắc, DOF nông, 85mm, HDR, ISO100, không gian âm sạch, không lộn xộn, không có hình mờ. Xuất {ASPECT} (1:1/4:5/9:16).","[""https://cms-assets.youmind.com/media/1768890669960_389lzs_G_A1y5CXIAANTX2.jpg"",""https://cms-assets.youmind.com/media/1768890669812_67410t_G_A1zAVX0AAJa21.jpg"",""https://cms-assets.youmind.com/media/1768890670260_lu04jb_G_A1y1wWgAAyNDH.jpg"",""https://cms-assets.youmind.com/media/1768890671110_l4u0yi_G_A1zA8XQAAPvm1.jpg""]","{""name"":""TheAIHeadquarters"",""url"":""https://x.com/DavisonDabiri""}",https://x.com/DavisonDabiri/status/2013168193196449941,"Chân dung, Nhiếp ảnh, Sản phẩm, Văn bản, Logo"
110,Hình ảnh chính thương mại điện tử - Chụp ảnh sản phẩm điện ảnh 8K (Nước hoa),"Một lời nhắc (prompt) có độ chi tiết cao, theo mô-đun để tạo ra ảnh chụp sản phẩm chai nước hoa chất lượng điện ảnh 8K. Nó bao gồm hai mô-đun riêng biệt: một cho chai nước hoa chủ đề rừng và một cho cảnh nước bắn tung tóe, chỉ định ánh sáng, vật liệu và chi tiết siêu nhỏ.","{
  ""global_settings"": {
    ""resolution"": ""8K"",
    ""aspect_ratio"": ""3:4"",
    ""style"": ""nhiếp ảnh sản phẩm điện ảnh chân thực, siêu thực"",
    ""detail_level"": ""chi tiết siêu nhỏ cực độ"",
    ""sharpness"": ""siêu sắc nét"",
    ""noise"": ""không nhiễu"",
    ""compression_artifacts"": ""không có lỗi nén"",
    ""color_depth"": ""màu 16-bit phong phú"",
    ""render_quality"": ""chất lượng thương mại cao cấp"",
    ""ai_finish"": ""chủ nghĩa hiện thực được tăng cường AI sạch sẽ""
  },

  ""module_1"": {
    ""scene_identity"": ""nước hoa_xanh_rừng"",
    ""environment"": {
      ""setting"": ""không khí rừng rậm"",
      ""background"": ""tán lá xanh mờ ảo với độ sâu tách biệt"",
      ""foreground"": ""nền rừng tự nhiên với đất, rêu và mảnh vụn nhỏ"",
      ""props"": [
        ""bệ đá phẳng tự nhiên"",
        ""tảng đá không đều đặt hơi phía sau chai"",
        ""cành cây thông có lá kim rõ ràng ở phía bên phải""
      ],
      ""atmosphere"": ""khói hoặc sương mù nhẹ nhàng bay lên phía sau chai""
    },
    ""product"": {
      ""object_type"": ""chai nước hoa"",
      ""material"": ""thủy tinh mờ có gân"",
      ""color"": ""chất lỏng màu xanh ngọc lục bảo đậm"",
      ""shape"": ""hình trụ với các rãnh dọc"",
      ""cap"": {
        ""material"": ""kim loại"",
        ""finish"": ""vàng bóng"",
        ""shape"": ""hình trụ nhẵn""
      },
      ""label"": ""không có văn bản thương hiệu hiển thị""
    },
    ""lighting"": {
      ""key_light"": ""ánh sáng tự nhiên khuếch tán mềm mại từ phía trước bên trái"",
      ""fill_light"": ""ánh sáng môi trường rừng tinh tế"",
      ""highlights"": ""phản chiếu nhẹ nhàng trên các gân thủy tinh và nắp vàng"",
      ""shadows"": ""bóng đổ mềm mại chân thực dưới chai và đá""
    },
    ""camera"": {
      ""angle"": ""góc sản phẩm ngang tầm mắt"",
      ""focus"": ""lấy nét sắc nét vào chai, độ sâu trường ảnh nông"",
      ""lens_effect"": ""nền bokeh tự nhiên""
    },
    ""mood"": ""tươi mát, hương gỗ, thanh bình, cao cấp, lấy cảm hứng từ thiên nhiên""
  },

  ""module_2"": {
    ""scene_identity"": ""nước hoa_nước_xanh_bắn_tung_tóe"",
    ""environment"": {
      ""setting"": ""cảnh studio dưới nước tối"",
      ""background"": ""chuyển màu từ xanh hải quân đậm sang đen"",
      ""surface"": ""mặt nước gợn sóng với các điểm sáng phản chiếu"",
      ""motion_elements"": [
        ""vệt nước lớn bắn tung tóe lên phía sau chai"",
        ""những giọt nước lơ lửng giữa không trung""
      ],
      ""props"": [
        ""lát chanh (thịt vàng có thể nhìn thấy)"",
        ""lát cam quýt xanh"",
        ""quả mọng nhỏ màu đỏ"",
        ""cành thảo mộc xanh""
      ]
    },
    ""product"": {
      ""object_type"": ""chai nước hoa"",
      ""material"": ""thủy tinh đục"",
      ""color"": ""xanh nửa đêm đậm"",
      ""shape"": ""hình chữ nhật với các cạnh sắc nét"",
      ""cap"": {
        ""material"": ""thủy tinh tối màu tương ứng"",
        ""shape"": ""hình trụ""
      },
      ""text_visible"": [
        ""BLEU DE CHANEL"",
        ""EAU DE PARFUM""
      ]
    },
    ""lighting"": {
      ""key_light"": ""ánh sáng định hướng mạnh từ phía trên bên trước"",
      ""rim_light"": ""điểm sáng lạnh trên vệt nước bắn tung tóe"",
      ""reflections"": ""điểm sáng phản xạ""
    }
  }
}","[""https://cms-assets.youmind.com/media/1768890638679_0rbo6y_G_Auiz5WgAEqfUY.jpg"",""https://cms-assets.youmind.com/media/1768890639096_qd2s06_G_AuizDWQAA9keU.jpg"",""https://cms-assets.youmind.com/media/1768890638950_22nc5e_G_Aui3fXEAENHXC.jpg"",""https://cms-assets.youmind.com/media/1768890640110_sd69rb_G_Aui9WWwAANyRn.jpg""]","{""name"":""ShaHid WaNii"",""url"":""https://x.com/meng_dagg695""}",https://x.com/meng_dagg695/status/2013160227835933059,"Chân dung, Nhiếp ảnh, Điện ảnh, 3D, Pixel, Thiên nhiên, Sản phẩm, Nhân vật, Văn bản, Logo"
111,Hình ảnh chính thương mại điện tử - Gợi ý tạo ảnh ghép trực quan hóa sản phẩm chuông cửa thông minh,"Một lời nhắc chi tiết, có cấu trúc dành cho Nano Banana Pro được thiết kế để tạo ra một ảnh ghép trực quan hóa quảng cáo đa khung cho một chuông cửa thông minh. Nó chỉ định các tính năng của sản phẩm, xác định chín khung hình riêng biệt (Hero Shot, Close Up, Brand Environment, In Use, Isometric Grid, Levitating, Detail Extreme, Editorial Unexpected, Wide Use Scenario) và đặt các thông số kiểu máy ảnh như bảng màu và tâm trạng.","{
  ""ProductReference"": ""{argument name=""Product Features"" default=""Chuông cửa thông minh với nhận diện khuôn mặt, âm thanh hai chiều, nhìn đêm, phát hiện chuyển động, chống chịu thời tiết, thiết kế đẹp mắt, điều khiển qua ứng dụng""}"",
  ""Frame1_HeroShot"": {
    ""Product"": ""Chuông cửa gắn trên lối vào, ống kính đặt chính giữa"",
    ""Background"": ""Lối vào hiện đại màu xám liền mạch""
  },
  ""Frame2_CloseUp"": {
    ""Focus"": ""Độ rõ nét của ống kính camera, lưới micro, cơ chế nút bấm, gioăng chống thấm thời tiết, đèn báo LED, giá đỡ""
  },
  ""Frame3_BrandEnvironment"": {
    ""Setting"": ""Thẩm mỹ lối vào nhà thông minh, an ninh hiện đại"",
    ""Props"": {
      ""Background"": ""Kết cấu cửa trước"",
      ""Surface"": ""Khu vực hiên nhà""
    }
  },
  ""Frame4_InUse"": {
    ""Interaction"": ""Chủ nhà nhận thông báo trên điện thoại, cử chỉ trò chuyện hai chiều"",
    ""Styling"": ""Tương tác an ninh nhà thông minh""
  },
  ""Frame5_IsometricGrid"": {
    ""Count"": ""Chuông cửa với màn hình giao diện ứng dụng"",
    ""Arrangement"": ""Hệ thống lối vào thông minh""
  },
  ""Frame6_Levitating"": {
    ""Concept"": ""Chuông cửa lơ lửng với hình ảnh trực quan hóa vùng an ninh""
  },
  ""Frame7_DetailExtreme"": {
    ""Focus"": ""Cảm biến nhận diện khuôn mặt, chất lượng micro, đầu ra loa, pin dự phòng, ăng-ten WiFi, phạm vi cảm biến chuyển động""
  },
  ""Frame8_EditorialUnexpected"": {
    ""Concept"": ""Chuông cửa như người bảo vệ ngôi nhà, hình ảnh trực quan hóa mạng lưới an ninh"",
    ""Materials"": ""Hệ sinh thái an ninh thông minh""
  },
  ""Frame9_WideUseScenario"": {
    ""Location"": ""Lối vào nhà thông minh hoàn chỉnh với an ninh"",
    ""Props"": [""Khóa thông minh"", ""Đèn lối vào"", ""Thảm chùi chân"", ""Chậu cây"", ""Phụ kiện cửa"", ""Camera an ninh""]
  },
  ""CameraStyle"": {
    ""ColorPalette"": ""Chuông cửa màu đen, ống kính camera màu xanh lam, đèn LED, màu cửa"",
    ""Mood"": ""An ninh thông minh, lối vào nhà, tiện nghi hiện đại""
  }
}","[""https://cms-assets.youmind.com/media/1768890714990_8c7kb2_G_ATVFcXAAAsNMj.jpg""]","{""name"":""松果先森"",""url"":""https://x.com/songguoxiansen""}",https://x.com/songguoxiansen/status/2013130384897421728,"Chân dung, Nhiếp ảnh, Sản phẩm, Nhân vật, Logo"
112,Hình ảnh chính thương mại điện tử - Lời nhắc tạo tác phẩm điêu khắc siêu xe bằng kính nhiều lớp trong suốt,"Một JSON prompt mang tính kỹ thuật cao để tạo ra hình ảnh siêu xe chân thực, được dò tia. Chiếc xe được thể hiện dưới dạng một tác phẩm điêu khắc cắt lát theo cấu trúc tô pô, làm từ kính acrylic quang học nhiều lớp, với các chi tiết cơ khí bên trong có thể nhìn thấy. Prompt nhấn mạnh ánh sáng (ánh sáng viền, ánh sáng phát ra từ bên trong, hiệu ứng caustics) trên nền không gian đen kịt, tạo ra một vẻ đẹp của hình ảnh được tách rời.","{
  ""prompt_configuration"": {
    ""parameters"": {
      ""car_model"": ""{argument name=\""car model\"" default=\""SUPERCAR MODEL\""}"",
      ""material_color"": ""{argument name=\""material color\"" default=\""warm amber and deep orange\""}""
    },
    ""aspect_ratio"": ""16:9"",
    ""viewpoint"": ""góc 3/4 phía trước, hiển thị toàn bộ xe""
  },
  ""prompt_payload"": {
    ""subject_definition"": {
      ""core_subject"": ""{car_model}"",
      ""representation_style"": ""tác phẩm điêu khắc lát cắt dạng tô-pô, được tạo thành từ các tấm vật liệu trong mờ xếp chồng song song""
    },
    ""material_physics"": {
      ""medium"": ""kính acrylic quang học nhiều lớp"",
      ""texture"": ""cạnh cắt laser, độ trong suốt thể tích, tán xạ dưới bề mặt"",
      ""color_palette"": ""chuyển màu trong mờ {material_color}, khúc xạ nội tại phát sáng""
    },
    ""technical_details"": {
      ""structure"": ""cấu trúc lá có gân, mặt cắt ngang, các chi tiết cơ khí bên trong có thể nhìn thấy qua các lớp (khối động cơ, hệ thống treo, hộp số)"",
      ""fidelity"": ""siêu chi tiết, độ chính xác như CAD, thẩm mỹ kiểu hình chiếu tách rời nhưng đã lắp ráp""
    },
    ""lighting_and_atmosphere"": {
      ""environment"": ""nền không gian tối đen như mực, studio tối vô tận"",
      ""lighting_setup"": ""ánh sáng viền để bắt cạnh kính, ánh sáng thể tích bên trong phát sáng, hiệu ứng caustics, độ tương phản cao kiểu điện ảnh""
    },
    ""rendering_engine"": {
      ""style"": ""Octane Render, dò tia, độ phân giải 8k, thuộc tính vật liệu chân thực, độ sâu trường ảnh chụp macro""
    }
  },
  ""negative_prompt"": [
    ""thân xe kim loại đặc"",
    ""sơn mờ đục"",
    ""hoạt hình"",
    ""minh họa"",
    ""bánh xe bị biến dạng"",
    ""khung hình bị cắt xén"",
    ""ánh sáng ban ngày"",
    ""phản chiếu của nhiếp ảnh gia""
  ]
}","[""https://cms-assets.youmind.com/media/1768804263037_da8uj6_G--zMlXXYAEyetJ.jpg"",""https://cms-assets.youmind.com/media/1768804263002_8omzrs_G--zMqUWEAADVF1.jpg"",""https://cms-assets.youmind.com/media/1768804263805_3sf4w4_G--zMlfXMAAav79.jpg"",""https://cms-assets.youmind.com/media/1768804264278_z57ws5_G--zMiCW8AAx8Ze.jpg""]","{""name"":""Lloyd Creates"",""url"":""https://x.com/lloydcreates""}",https://x.com/lloydcreates/status/2013024593246568485,"Nhiếp ảnh, Điện ảnh, Minh họa, 3D, Anime, Nhân vật, Xe cộ, Văn bản"
119,Hình ảnh chính thương mại điện tử - Lời nhắc chụp ảnh thực phẩm thương mại siêu thực,"Một lời nhắc chi tiết để tạo ra ảnh chụp thực phẩm thương mại siêu thực, đặc biệt tập trung vào độ phân giải cao, lấy nét sắc nét và ánh sáng studio được kiểm soát để ghi lại hành động đóng băng giữa không trung của các nguyên liệu. Lời nhắc này được cấu trúc bằng JSON để kiểm soát chính xác các cài đặt đầu ra và chi tiết thẩm mỹ.","""resolution"": ""{argument name=""resolution"" default=""8K UHD""}"",

""aspect_ratio"": ""3:4"",

{ ""image_style"": ""{argument name=""image style"" default=""hyper-realistic commercial food photography""}"", ""quality"": ""Chi tiết cực cao, lấy nét sắc nét, độ rõ nét chuẩn studio"", ""lighting"": ""Ánh sáng studio mềm mại nhưng được kiểm soát với các điểm sáng rõ ràng và độ nét tia nước"", ""motion"": ""Hành động đóng băng giữa không trung, các nguyên liệu lơ lửng"",

""global_settings"": {

""background_style"": ""Nền đơn sắc hoặc chuyển màu mượt mà, màu sắc thay đổi theo từng module"", 
""camera"": ""Phong cách chụp ảnh tốc độ cao, độ sâu trường ảnh nông đến trung bình"", ""post_processing"": ""Độ tương phản cân bằng, độ bão hòa tự nhiên, không có ánh sáng nhân tạo"" }}","[""https://cms-assets.youmind.com/media/1768717588616_6tvblq_G-4KPKGWsAEk3FE.jpg"",""https://cms-assets.youmind.com/media/1768717588696_15yk0k_G-4KPJqWoAAzMee.jpg"",""https://cms-assets.youmind.com/media/1768717588636_hmnjxa_G-4KPJhXsAAoIPq.jpg"",""https://cms-assets.youmind.com/media/1768717590696_ewqa6m_G-4KPKCW0AEHtnA.jpg""]","{""name"":""Oogie"",""url"":""https://x.com/oggii_0""}",https://x.com/oggii_0/status/2012557350591434765,"Nhiếp ảnh, Điện ảnh, Sản phẩm, Đồ ăn, Nhân vật"
120,Hình ảnh chính thương mại điện tử - Chụp ảnh thực phẩm thương mại siêu thực,"Một prompt kỹ thuật tập trung vào việc tạo ra những bức ảnh chụp món ăn thương mại siêu thực, đặc biệt là ghi lại cảnh các nguyên liệu đang bay lơ lửng giữa không trung với hiệu ứng máy ảnh tốc độ cao và ánh sáng studio được kiểm soát.","{
'resolution': '8K UHD',
'aspect_ratio': '3:4',
'image_style': 'chụp ảnh thực phẩm thương mại siêu thực',
'global_settings': {
'quality': 'Chi tiết cực cao, lấy nét sắc nét, độ rõ nét chuẩn studio',
'lighting': 'Ánh sáng studio mềm mại nhưng được kiểm soát với các điểm sáng rõ ràng và độ nét của tia nước bắn',
'motion': 'Hành động đóng băng giữa không trung, các nguyên liệu lơ lửng',
'background_style': 'Nền đơn sắc hoặc chuyển màu mượt mà, màu sắc thay đổi tùy theo mô-đun',
'camera': 'Phong cách chụp ảnh tốc độ cao, độ sâu trường ảnh nông đến trung bình',
'post_processing': 'Độ tương phản cân bằng, độ bão hòa tự nhiên, không có ánh sáng nhân tạo'
}}","[""https://cms-assets.youmind.com/media/1768717518115_xlrzuh_G-3tFT8aAAAhglp.jpg"",""https://cms-assets.youmind.com/media/1768717518114_mzz1pn_G-3tFTAbkAEXFia.jpg"",""https://cms-assets.youmind.com/media/1768717518102_8djjav_G-3tFTtakAI0WQ3.jpg"",""https://cms-assets.youmind.com/media/1768717519186_r2eeu3_G-3tFVWasAAjgWp.jpg""]","{""name"":""𝐌"",""url"":""https://x.com/Strength04_X""}",https://x.com/Strength04_X/status/2012525300761133195,"Nhiếp ảnh, Điện ảnh, Đồ ăn, Nhân vật"
122,Hình ảnh chính thương mại điện tử - Nhiếp ảnh bắn tung tóe cà phê và sô cô la siêu điện ảnh,"Một JSON prompt cực kỳ chi tiết để tạo ra hình ảnh dọc, siêu điện ảnh về các yếu tố cà phê lơ lửng giữa không trung, được thiết kế cho quảng cáo quán cà phê cao cấp. Nó chỉ định các hạt cà phê đổ xuống, sô cô la bonbon nổi, nghệ thuật latte xoáy và những giọt sữa cùng espresso đông cứng, sử dụng ánh sáng studio tương phản cao đầy kịch tính và chi tiết chụp ảnh macro để đạt được sự siêu thực.","{
  ""composition"": {
    ""orientation"": ""vertical"",
    ""style"": ""ultra-cinematic"",
    ""scene_type"": ""các yếu tố lơ lửng giữa không trung"",
    ""depth_of_field"": ""độ sâu trường ảnh nông kiểu điện ảnh""
  },
  ""subject"": {
    ""main_elements"": [
      ""hạt cà phê rang chảy tràn"",
      ""sô cô la bonbon lơ lửng"",
      ""tách cà phê lơ lửng giữa không trung với nghệ thuật latte xoáy"",
      ""những giọt sữa bắn tung tóe đóng băng trong chuyển động"",
      ""những giọt espresso bắn tung tóe đóng băng trong chuyển động"",
      ""bột cà phê mịn bay lất phất trong không khí""
    ],
    ""motion_state"": ""nhiếp ảnh bắn tung tóe hành động đóng băng""
  },
  ""color_palette"": {
    ""primary_colors"": [
      ""nâu cà phê đậm"",
      ""kem ấm"",
      ""đen espresso""
    ],
    ""background"": ""đen nhung sâu""
  },
  ""lighting"": {
    ""type"": ""ánh sáng studio tương phản cao ấn tượng"",
    ""highlights"": ""phản chiếu bóng bẩy trên chất lỏng"",
    ""shadows"": ""bóng tối sâu kiểu điện ảnh""
  },
  ""texture_detail"": {
    ""liquids"": [
      ""những giọt sữa bắn tung tóe bóng bẩy"",
      ""những giọt espresso bắn tung tóe bóng bẩy"",
      ""bọt crema với chi tiết siêu nhỏ""
    ],
    ""solids"": [
      ""hạt cà phê rang mờ"",
      ""bề mặt sô cô la bonbon mịn màng"",
      ""bột cà phê hạt mịn""
    ]
  },
  ""photography_style"": {
    ""genre"": ""quảng cáo quán cà phê cao cấp"",
    ""aesthetic"": ""nhiếp ảnh bắn tung tóe kiểu biên tập"",
    ""clarity"": ""sắc nét siêu chi tiết""
  },
  ""camera"": {
    ""camera_model"": ""Nikon D850 (ảo)"",
    ""lens"": ""macro 105mm"",
    ""aperture"": ""f/4.0"",
    ""focus"": ""chủ thể sắc nét với hậu cảnh mờ dần""
  },
  ""render_quality"": {
    ""detail_level"": ""siêu chi tiết"",
    ""realism"": ""chân thực như ảnh"",
    ""finish"": ""sản phẩm thương mại cao cấp""
  }
}","[""https://cms-assets.youmind.com/media/1768631177621_l8dp06_G-0YhclaQAEgsW-.jpg"",""https://cms-assets.youmind.com/media/1768631177668_8j4gck_G-0YhemaQAAlZOq.jpg""]","{""name"":""Sharon Riley"",""url"":""https://x.com/Just_sharon7""}",https://x.com/Just_sharon7/status/2012291576119312710,"Nhiếp ảnh, Điện ảnh, 3D, Sản phẩm, Nhân vật, Văn bản, UI/UX"
123,Hình ảnh chính thương mại điện tử - Bộ Sưu Tập Sô Cô La Cao Cấp 2x2,"Một lời nhắc có cấu trúc để tạo ảnh ghép lưới 2x2 gồm các bức ảnh ẩm thực chuyên nghiệp có độ phân giải cao tập trung vào sô cô la hảo hạng. Mỗi ô thể hiện một khía cạnh khác nhau của sô cô la (thanh, kẹo truffle, sô cô la fondue và quy trình làm), chỉ định ánh sáng (ánh sáng studio mềm, khuếch tán) và bảng màu (màu nâu đậm, đỏ thẫm) để tạo ra một tâm trạng sang trọng và hấp dẫn.","{
  ""image_metadata"": {
    ""title"": ""Bộ Sưu Tập Sô-cô-la Cao Cấp"",
    ""layout"": ""Bố cục lưới bốn ô (ảnh ghép 2x2)"",
    ""theme"": ""Nghệ thuật ẩm thực và bánh kẹo"",
    ""image_type"": ""Ảnh chụp thực phẩm chuyên nghiệp độ phân giải cao""
  },
  ""panels"": [
    {
      ""position"": ""top_left"",
      ""subject"": ""Thanh Sô-cô-la Đen Thủ Công"",
      ""details"": {
        ""base"": ""Hai thanh sô-cô-la đen dày"",
        ""toppings"": [""Hạnh nhân nguyên hạt"", ""Nửa quả óc chó"", ""Nam việt quất sấy khô"", ""Hạt điều""],
        ""surface"": ""Mặt bàn gỗ mộc mạc đã phong hóa"",
        ""composition"": ""Ảnh cận cảnh góc nghiêng làm nổi bật kết cấu""
      }
    },
    {
      ""position"": ""top_right"",
      ""subject"": ""Hộp Kẹo Sô-cô-la Truffle Tổng Hợp"",
      ""details"": {
        ""packaging"": ""Hộp quà màu nâu sẫm trang nhã với đế màu kem"",
        ""varieties"": [
          ""Sô-cô-la sữa xoắn ốc"",
          ""Kẹo truffle sô-cô-la trắng sọc"",
          ""Viên sô-cô-la đen phủ bột ca cao"",
          ""Miếng vuông điểm lá vàng"",
          ""Kẹo praline phủ hạt phỉ""
        ],
        ""quantity"": ""12 miếng thủ công có thể nhìn thấy trong từng khay giấy riêng""
      }
    },
    {
      ""position"": ""bottom_left"",
      ""subject"": ""Tháp Sô-cô-la Fondue"",
      ""details"": {
        ""fountain"": ""Tháp nhiều tầng bằng thép không gỉ với sô-cô-la sữa chảy"",
        ""dipping_items"": [""{argument name=\""dipping item 1\"" default=\""Dâu tây đỏ tươi\""}"", ""{argument name=\""dipping item 2\"" default=\""Kẹo dẻo marshmallow trắng và hồng bông xốp\""}""],
        ""background"": ""Nền bokeh (làm mờ) mềm mại hiển thị thêm các món ăn vặt khác"",
        ""vibe"": ""Bữa tiệc tráng miệng hoặc tiệc buffet sang trọng""
      }
    },
    {
      ""position"": ""bottom_right"",
      ""subject"": ""Quy Trình Làm Sô-cô-la"",
      ""details"": {
        ""person"": ""Đầu bếp mặc đồng phục ẩm thực chuyên nghiệp màu trắng"",
        ""action"": ""Đổ sô-cô-la lỏng đã được tôi luyện từ bình kim loại vào khuôn polycarbonate trong suốt"",
        ""equipment"": [""Khuôn sô-cô-la"", ""Bát trộn"", ""Bàn bếp chuyên nghiệp""],
        ""focus"": ""Sự chính xác và kỹ năng thủ công trong việc tôi luyện sô-cô-la""
      }
    }
  ],
  ""aesthetic_summary"": {
    ""lighting"": ""Ánh sáng studio mềm mại, khuếch tán để tăng cường kết cấu thực phẩm"",
    ""color_scheme"": ""Màu nâu đậm, đỏ thẫm, trắng kem và tông màu gỗ ấm áp"",
    ""overall_mood"": ""Thỏa mãn, tinh tế và hấp dẫn""
  }
}","[""https://cms-assets.youmind.com/media/1768631150315_8xogzk_G-y5TM2agAA8q6n.jpg""]","{""name"":""Bahar azam"",""url"":""https://x.com/BaharAzamm561""}",https://x.com/BaharAzamm561/status/2012186879136035098,"Chân dung, Nhiếp ảnh, Điện ảnh, Đồ ăn, Nhân vật, Xe cộ, UI/UX"
125,Tài sản trò chơi - Chuyển đổi phong cách kết xuất trò chơi điện tử đầu những năm 2000,"Một lời nhắc văn bản được thiết kế để biến đổi một hình ảnh nhất định thành phong cách thẩm mỹ của kết xuất trò chơi điện tử đầu những năm 2000, đặc biệt là mô phỏng giao diện kết xuất của Maya 4.0. Nó tập trung vào hình học đa giác thấp (low-poly), kết cấu độ phân giải thấp (low-resolution textures) và các hiệu ứng khí quyển như sương mù che phủ các vật thể ở xa, đồng thời tránh rõ ràng các phong cách pixel art hoặc voxel.","Đa giác thấp, kết cấu độ phân giải thấp
- Các vật thể ở xa được đơn giản hóa và làm mờ
- Tránh các lỗi như pixel art và voxels
- Dựa trên kết xuất Maya 4.0","[""https://cms-assets.youmind.com/media/1768890735407_gwm2z0_G_B_Z9fXAAAZLep.jpg"",""https://cms-assets.youmind.com/media/1768890735785_lglk0f_G_B_hMaW8AAjgyt.jpg""]","{""name"":""fofr"",""url"":""https://x.com/fofrAI""}",https://x.com/fofrAI/status/2013250137661817194,"3D, Pixel, Xe cộ, Văn bản, Trò chơi"
128,Tài sản trò chơi - Kiến trúc mô hình 3D Isometric của một vật dụng gia đình,"Một lời nhắc để tạo ra một diorama 3D isometric sạch sẽ, tối giản, trong đó một vật dụng gia đình cụ thể được biến thành một cấu trúc kiến trúc nhỏ. Nó nhấn mạnh vật liệu chân thực, ánh sáng studio mềm mại và phong cách mô hình kiến trúc thu nhỏ.","Một mô hình 3D isometric tối giản, sạch sẽ, biến một {argument name=""household object"" default=""ĐỒ VẬT GIA DỤNG""} thành một cấu trúc kiến trúc nhỏ. Các yếu tố chức năng được trừu tượng hóa thành cửa ra vào, cửa sổ và khối tích, vật liệu chân thực, ánh sáng studio dịu nhẹ, các cạnh bo tròn, phong cách mô hình kiến trúc thu nhỏ, nền trung tính.","[""https://cms-assets.youmind.com/media/1768804300421_dnjx48_G-6zqv-XgAAiRfz.jpg"",""https://cms-assets.youmind.com/media/1768804300228_vgyh8m_G-6zn0XaUAAJDSL.jpg"",""https://cms-assets.youmind.com/media/1768804300310_bxodc0_G-6zoUpWwAA3YBF.jpg"",""https://cms-assets.youmind.com/media/1768804301814_rfw4oq_G-6zsnAXwAAyVnh.jpg""]","{""name"":""Aleena Amir"",""url"":""https://x.com/aleenaamiir""}",https://x.com/aleenaamiir/status/2012743833902370831,"Nhiếp ảnh, 3D, Tối giản, Cổ điển, Nội thất, Trừu tượng, Trò chơi"