id,title,description,content,sourceMedia,author,sourceLink,keywords
4,Ưu Đãi Đặc Biệt Ngày Tết Dương Lịch: Câu Đố Bốn Ô Chúc Phúc Năm 2026,"Một lời nhắc đa bảng chi tiết cho Nano Banana Pro, tạo ra một ảnh ghép 2x2 ô vuông trong đó một nhân vật nữ duy nhất, trong bốn bộ trang phục và bối cảnh khác nhau, đang ghép một câu đố có nội dung '2026 New Year's Day Happy' ở giữa. Lời nhắc chỉ định giữ lại các đặc điểm khuôn mặt chính xác, chi tiết trang phục, các yếu tố nền và các thông số chụp ảnh theo phong cách tạp chí thời trang.","[Lưu ý: Giữ nguyên các đặc điểm khuôn mặt chính xác, giữ nguyên cấu trúc khuôn mặt ban đầu, nhân vật trong ảnh phải hoàn toàn nhất quán với hình ảnh tham chiếu đã tải lên] Ảnh studio cao cấp, lưới 2x2. Ô trên cùng bên trái (nền xanh hải quân): Nhân vật mặc váy đồng phục màu xanh hải quân, trang trí cúc vàng, tóc xoăn cổ điển với mũ nồi xanh và khuyên tai ngọc trai. Cô ấy dùng hai tay giữ một mảnh ghép hình lớn (mảnh trên cùng bên trái, có số ""20"" trên đó), di chuyển nó về phía trung tâm khung hình. Đôi mắt cô ấy tập trung vào khu vực ghép hình trung tâm, biểu cảm nghiêm túc, với một nụ cười nhẹ. Nền có các sọc xanh hải quân, một chiếc mỏ neo và dòng chữ ""Set Sail for the New Year"". Ô trên cùng bên phải (nền hồng hoa anh đào): Người phụ nữ tương tự mặc váy ren hồng, vòng cổ ngọc trai, kiểu tóc công chúa với kẹp tóc hoa hồng hồng và khuyên tai pha lê. Cô ấy dùng hai tay giữ mảnh ghép hình trên cùng bên phải (có số ""26"" trên đó), di chuyển nó về phía trung tâm để nối với mảnh trên cùng bên trái. Đôi mắt cô ấy nhìn vào đường nối của mảnh ghép, biểu cảm tập trung và mong đợi, cơ thể hơi nghiêng về phía trước. Nền có hoa anh đào hồng, dòng chữ ""Beautiful Encounter"", bướm và cánh hoa. Ô dưới cùng bên trái (nền xanh bạc hà): Người phụ nữ tương tự mặc váy cotton và linen màu xanh bạc hà, theo phong cách nghệ thuật, với mái tóc dài tự nhiên, băng đô xanh và khuyên tai gỗ. Cô ấy dùng hai tay giữ mảnh ghép hình dưới cùng bên trái (có dòng chữ ""New Year's Day"" trên đó), di chuyển nó lên trên để nối với mảnh trên cùng bên trái. Đôi mắt cô ấy nhìn vào mảnh ghép, biểu cảm nghiêm túc, và miệng hơi mím lại. Nền có cây xanh, dòng chữ ""Hope Grows"", chồi non và lá. Ô dưới cùng bên phải (nền vàng chanh): Người phụ nữ tương tự mặc váy vàng với họa tiết hoa hướng dương, tóc tết hai bím với nơ vàng. Cô ấy đẩy mảnh ghép hình cuối cùng ở dưới cùng bên phải (có dòng chữ ""Happy"" trên đó) để hoàn thành bức ghép. Bốn mảnh ghép hoàn hảo tạo thành hình ảnh hoàn chỉnh ""2026 New Year's Day Happy"" ở trung tâm khung hình. Cô ấy ngẩng đầu ra sau, nhìn vào bức ghép đã hoàn thành, khuôn mặt rạng rỡ với nụ cười thành công, vui vẻ. Trung tâm khung hình bùng nổ ánh sáng vàng và pháo hoa. Nền có mặt trời vàng, dòng chữ ""Complete Success"", các biểu tượng mặt cười và hoa hướng dương. Các mảnh ghép hội tụ từ bốn góc vào trung tâm để tạo thành một bức tranh hoàn chỉnh. Trang điểm rõ nét, ánh sáng vòng sáng, ống kính 85mm, khẩu độ f/1.8, bố cục bốn ô với tương tác ghép hình, phong cách tạp chí thời trang.","[""https://cms-assets.youmind.com/media/1767455034932_ivuvu0_G9V-MszakAEAIBw.jpg""]","{""name"":""松果先森"",""url"":""https://x.com/songguoxiansen""}",https://x.com/songguoxiansen/status/2005822648027091031,"Nhiếp ảnh, Cổ điển, Nhân vật, Thời trang, Văn bản, UI/UX"
7,Sơ đồ 'Đầm lầy' Phát triển AI Agent,"Một lời nhắc dựa trên JSON chi tiết dành cho Nano Banana Pro để tạo ra sơ đồ 'Swamp' (một định dạng meme phổ biến trên internet) minh họa tính chất tuần hoàn của việc bị mắc kẹt trong quá trình phát triển AI Agent. Lời nhắc xác định cấu trúc, phong cách (đơn giản, minh họa dễ thương), bố cục (đường dẫn giới thiệu thẳng dẫn vào một vòng lặp theo chiều kim đồng hồ) và các nút cụ thể với nhân vật, hình ảnh và thuật ngữ đối thoại/suy nghĩ của sơ đồ.","diagram:
  title: ""{argument name=""diagram title"" default=""Vòng Lặp Đầm Lầy Phát Triển AI Agent Sinh Thành""}""
  style:
    character: ""simple_editorial_cute""
    tone: ""light_like_original""
    line: ""soft_round""
    shading: ""flat_minimal""
    palette: ""muted_editorial""
    background: ""light_beige_or_white""

  rule:
    first_character_only: ""Chỉ người đầu tiên là khác""
    others_same_character: ""Tất cả những người khác đều là một""
    anxiety_requires_tech_terms: true
    dialogue_tone: ""Giữ nguyên cách diễn đạt ngắn gọn, nhẹ nhàng của sơ đồ gốc""

layout:
  intro_track: ""Phần trên là một đường thẳng (từ trái sang phải), sau đó rẽ xuống để nối vào vòng lặp""
  loop_track: ""Sắp xếp thành một vòng lặp (hình tròn), với các mũi tên cong theo chiều kim đồng hồ dọc theo chu vi""

nodes:
  # ===== Upper Section: Straight Introduction =====
  - id: A
    zone: ""intro""
    position: ""upper_left""
    actor: ""Người khác (Kỹ sư cấp cao)""
    visual: ""Chỉ vào máy tính xách tay""
    item: ""Màn hình Demo AI Agent""
    says: ""Nó sẽ làm bạn hạnh phúc.""
    arrow_to: { id: B, shape: ""straight"", direction: ""right"" }

  - id: B
    zone: ""intro""
    position: ""upper_center""
    actor: ""Nhân vật chính (Cùng một người)""
    visual: ""Vẫy tay nhẹ""
    says: ""Ngay cả một agent đơn giản...""
    arrow_to: { id: C, shape: ""straight"", direction: ""right"" }

  - id: C
    zone: ""intro""
    position: ""upper_right""
    actor: ""Nhân vật chính (Cùng một người)""
    visual: ""Thực thi mã mẫu""
    item: ""Mẫu LangChain / CrewAI""
    arrow_to: { id: D, shape: ""straight"", direction: ""down"" }

  # ===== D: Awakening Point =====
  - id: D
    zone: ""connector""
    position: ""right_outer_before_loop""
    actor: ""Nhân vật chính (Cùng một người)""
    visual:
      face: ""Mắt mở to (dễ thương)""
      effect: ""Vệt sáng nhỏ của sự cảm hứng""
      posture: ""Nghiêng người về phía trước""
    state: ""Thức tỉnh""
    says: ""Agent, cái này thật điên rồ...""
    micro_text: ""(Thức tỉnh ở đây)""
    arrow_to:
      id: E
      shape: ""gentle_curve""
      direction: ""down_into_ring""

  # ===== Loop Start (Must rotate from here) =====
  - id: E
    zone: ""loop""
    position: ""loop_right_upper""
    actor: ""Nhân vật chính (Cùng một người)""
    visual: ""Ôm đầu (dễ thương)""
    state: ""Bắt đầu lo lắng/khó chịu""
    says: ""Khó chịu""
    thought_terms:
      - ""Thiết kế Prompt""
      - ""Lựa chọn công cụ""
      - ""Thiết kế bộ nhớ""
    thought_text: ""Nó không hoạt động như mong đợi...""
    arrow_to: { id: F, shape: ""curved_along_ring"", direction: ""clockwise"" }

  - id: F
    zone: ""loop""
    position: ""loop_right_lower""
    actor: ""Nhân vật chính (Cùng một người)""
    visual: ""Bị bao quanh bởi mã và nhật ký""
    state: ""Sự khó chịu lắng xuống""
    says: ""Trong trạng thái khó chịu""
    callout: ""Vòng lặp! Chạy loạn! Ảo giác!""
    thought_terms:
      - ""RAG""
      - ""Gọi hàm""
      - ""Sử dụng công cụ""
    arrow_to: { id: G, shape: ""curved_along_ring"", direction: ""clockwise"" }

  - id: G
    zone: ""loop""
    position: ""loop_bottom""
    actor: ""Nhân vật chính (Cùng một người)""
    visual: ""Bị bao phủ bởi ghi chú và sơ đồ""
    says: ""Cơ thể dần dần phát triển khả năng chịu đựng, và việc sử dụng tăng lên.""
    items:
      - ""Sơ đồ kiến trúc Agent""
      - ""Ghi nhớ phân công vai trò""
      - ""Luồng chuyển đổi trạng thái""
    arrow_to: { id: H, shape: ""curved_along_ring"", direction: ""clockwise"" }

  - id: H
    zone: ""loop""
    position: ""loop_left_lower""
    actor: ""Nhân vật chính (Cùng một người)""
    visual: ""Hoạt động tốt, nắm tay nhỏ""
    state: ""Thỏa mãn tạm thời""
    says: ""Mong muốn tạm thời được thỏa mãn""
    arrow_to: { id: I, shape: ""curved_along_ring"", direction: ""clockwise"" }

  - id: I
    zone: ""loop""
    position: ""loop_left_upper""
    actor: ""Nhân vật chính (Cùng một người)""
    visual: ""Suy nghĩ lại""
    state: ""Ám ảnh/Chiếm hữu suy nghĩ""
    says: ""Suy nghĩ về agent""","[""https://cms-assets.youmind.com/media/1766667407596_i77nzi_G8ybmHWagAUO-CF.jpg""]","{""name"":""Studio Veco|日本一ダサい画像を生成する人"",""url"":""https://x.com/studio_veco""}",https://x.com/studio_veco/status/2003147059298443496,"Chân dung, Minh họa, Tối giản, Nội thất, Nhân vật, Văn bản, UI/UX, Meme"
9,Cảnh căn phòng otaku chụp ảnh selfie qua gương chi tiết,"Một prompt Nano Banana rất chi tiết mô tả ảnh selfie trước gương của một cô gái trong góc máy tính otaku tông màu xanh lam, với đầy đủ thông số kỹ thuật về nhân vật, môi trường, ánh sáng, máy ảnh và các prompt phủ định.","### Bối cảnh
Ảnh selfie qua gương trong góc máy tính phong cách otaku, tông màu xanh.

### Chủ thể
* Biểu cảm giới tính: nữ
* Tuổi: khoảng 25
* Dân tộc: Đông Á
* Dáng người: mảnh mai, eo thon; tỷ lệ cơ thể tự nhiên
* Tông da: tông trung tính sáng
* Kiểu tóc:
    * Độ dài: tóc dài ngang eo
    * Kiểu: thẳng với phần đuôi hơi xoăn nhẹ
    * Màu: nâu trung bình
* Tư thế:
    * Dáng đứng: đứng hơi contrapposto
    * Tay phải: cầm điện thoại thông minh trước mặt (giấu danh tính)
    * Tay trái: buông tự nhiên dọc thân
    * Thân trên: thân hơi ngả về sau; eo và bụng lộ ra
* Trang phục:
    * Áo trên: áo khoác len dệt kim dáng lửng màu xanh nhạt, cài hai cúc trên cùng; áo ngực kiểu Pháp màu xanh mờ ảo
    * Quần dưới: quần short denim siêu ngắn, với một chiếc nơ ruy băng satin màu xanh ở mỗi bên hông
    * Vớ: vớ cao quá gối sọc ngang xanh trắng
    * Phụ kiện: ốp điện thoại hình linh vật dễ thương màu xanh

### Môi trường
* Mô tả: góc máy tính trong phòng ngủ nhìn qua gương treo tường
* Đồ đạc:
    * Bàn làm việc màu trắng
    * Một màn hình hiển thị hình nền màu xanh dịu (không có chữ có thể đọc được)
    * Bàn phím cơ với keycap màu trắng trên tấm lót bàn màu xanh
    * Chuột trên tấm lót chuột nhỏ màu xanh
    * Thùng máy tính ở bên phải với đèn case màu xanh
    * Ba mô hình anime trên hoặc gần thùng máy tính
    * Một tấm áp phích hình chùa trên tường
    * Đèn bàn hình mèo có điểm nhấn màu xanh
    * Một ly nước thủy tinh trong suốt
    * Một cây xanh lá cao bên cửa sổ (ở phía bên trái khung hình)
* Thay thế màu sắc: thay thế tất cả các yếu tố ban đầu màu hồng (quần áo và đồ trang trí phòng) bằng tông màu xanh (từ xanh da trời nhạt đến xanh da trời/xanh dừa cạn).

### Ánh sáng
* Nguồn sáng: ánh sáng ban ngày từ cửa sổ lớn bên trái máy ảnh, xuyên qua rèm mỏng
* Chất lượng ánh sáng: ánh sáng mềm, khuếch tán
* Cân bằng trắng (K): 5200

### Máy ảnh
* Chế độ: camera sau của điện thoại thông minh chụp qua gương (không có chế độ chân dung/bokeh)
* Tiêu cự tương đương (mm): 26
* Khoảng cách (m):
    * Chủ thể đến gương: 0.6
    * Máy ảnh đến gương: 0.5
* Phơi sáng:
    * Khẩu độ (f): 1.8
    * ISO: 100
    * Tốc độ màn trập (s): 0.01
    * Bù trừ phơi sáng (EV): -0.3
* Lấy nét: lấy nét vào phần thân trên và quần short trong ảnh phản chiếu qua gương
* Độ sâu trường ảnh: độ sâu trường ảnh sâu tự nhiên của điện thoại thông minh; hậu cảnh hiển thị rõ ràng không bị làm mờ nhân tạo
* Bố cục:
    * Tỷ lệ khung hình: 1:1
    * Cắt: từ đỉnh đầu đến giữa đùi; bao gồm bàn làm việc, màn hình, thùng máy tính và cây xanh trong khung hình
    * Góc: góc hơi cao từ góc nhìn của gương
    * Ghi chú bố cục: giữ chủ thể ở giữa; để tránh biến dạng cạnh góc rộng, hãy để cô ấy đứng xa hơn một chút và cắt thành hình vuông sau.

### Lời nhắc tiêu cực
* Bất kỳ sự xuất hiện nào của màu hồng/đỏ tươi ở bất cứ đâu
* Bộ lọc làm đẹp/da quá mịn; vẻ ngoài da không có lỗ chân lông
* Giải phẫu phóng đại hoặc biến dạng
* NSFW, vải xuyên thấu, sự cố trang phục
* Logo, tên thương hiệu hoặc văn bản giao diện người dùng có thể đọc được
* Hiệu ứng làm mờ chế độ chân dung giả, cảm giác CGI/minh họa","[""https://cms-assets.youmind.com/media/1763889946850_689z0h_G23i3sJW0AASGUw.jpg""]","{""name"":""宝玉"",""url"":""https://x.com/dotey""}",https://x.com/dotey/status/1976485558319722711,"Chân dung, Nhiếp ảnh, Minh họa, 3D, Anime, Nhân vật, Văn bản, Logo, Poster, UI/UX"
10,Tái hiện một cảnh hiện đại theo phong cách tranh Ukiyo-e thời Edo,"Một lời nhắc hình ảnh có cấu trúc cao để mô tả một cảnh hiện đại được tái hiện dưới dạng bản in khắc gỗ Ukiyo-e thời Edo của Nhật Bản, với hướng dẫn chi tiết về công nghệ lỗi thời, bố cục, họa tiết và màu sắc.","Một bản in khắc gỗ Ukiyo-e thời Edo của Nhật Bản. Cảm giác tổng thể là sự hợp tác siêu thực giữa các bậc thầy như Hokusai và Hiroshige, tái hiện công nghệ hiện đại qua lăng kính cổ xưa.

**Bối cảnh:** {argument name=""modern scene"" default=""một ngã tư Shibuya đông đúc""}

**Logic chuyển đổi thời Edo:**
Các nhân vật mặc kimono thời Edo nhưng thực hiện các hành động hiện đại. Tất cả công nghệ được biến đổi thành các vật tương đương siêu thực thời Edo:
* Điện thoại thông minh là những cuộn giấy minh họa phát sáng được đọc một cách chăm chú.
* Ga tàu điện ngầm và tàu hỏa là những cỗ xe rết gỗ khổng lồ, có khớp nối, di chuyển qua đám đông.
* Các tòa nhà chọc trời được tái hiện thành những ngôi chùa gỗ cao chót vót, vươn tới những đám mây ấn tượng.
* Robot và mecha xuất hiện dưới dạng những người đá khắc gỗ khổng lồ, bọc thép.

Bố cục sử dụng phối cảnh phẳng với các đường nét mực khắc thủ công lớn, đậm. Nền có các họa tiết sóng Ukiyo-e được cách điệu mạnh mẽ và những đám mây xoáy ấn tượng, với núi Phú Sĩ ở xa hiện rõ trên đường chân trời.

Hình ảnh phải trông giống như một bản in vật lý, không phải một bức tranh kỹ thuật số.
* Kết cấu: kết cấu vân gỗ rõ nét và sợi giấy thô xuyên suốt tác phẩm.
* Lỗi in ấn: hiện rõ sự lem màu. Mô phỏng các bản in thủ công với sự lệch màu nhẹ để tăng tính chân thực.
* Bảng màu: giới hạn nghiêm ngặt trong các sắc tố khoáng truyền thống, với việc sử dụng chủ đạo màu xanh Phổ, đỏ son và vàng đất xám.
* Ánh sáng: ánh sáng dịu, phẳng, không bóng đổ và không có gradient kỹ thuật số.

Tỷ lệ khung hình là 3:4 cho poster dọc. Bao gồm chữ thư pháp Nhật Bản dọc mô tả cảnh và một con dấu đỏ truyền thống của nghệ sĩ ở một góc.","[""https://cms-assets.youmind.com/media/1764915832381_renotr_G7FuPlzbYAAsuo2.jpg""]","{""name"":""VoxcatAI"",""url"":""https://x.com/VoxcatAI""}",https://x.com/VoxcatAI/status/1995497350543110411,"Minh họa, Ukiyo-e, Nhân vật, Xe cộ, Văn bản, Poster"
13,Hồ sơ / Ảnh đại diện - Chân Dung Biên Tập Chụp Ảnh Tự Sướng Ban Đêm Với Đèn Flash,"Một JSON prompt rất cụ thể để tạo ảnh chân dung selfie cận cảnh siêu chân thực được chụp vào ban đêm bằng đèn flash trực tiếp từ điện thoại, đạt được vẻ ngoài tự nhiên nhưng mang tính biên tập. Nó yêu cầu khóa nhận dạng khuôn mặt nghiêm ngặt, mô tả chi tiết ngoại hình của chủ thể (tóc đen nhánh, chuỗi ngọc trai trên đầu), và chỉ định ánh sáng cùng phông nền (phòng chờ thiếu sáng, hiệu ứng bokeh nổi bật).","{
  ""generation_request"": {
    ""meta_data"": {
      ""tool"": ""NanoBanana Pro"",
      ""task_type"": ""photoreal_selfie_flash_nightlife_editorial"",
      ""version"": ""v1.0_PEARL_HEADCHAIN_SELFIE_FLASH_NO_AI_LOOK_NO_TEXT"",
      ""priority"": ""highest""
    },

    ""references"": {
      ""reference_image_1"": {
        ""source"": ""UPLOAD_REFERENCE_IMAGE (OPTIONAL)"",
        ""purpose"": ""FACE_IDENTITY_AND_GLAM_STYLE_LOCK"",
        ""strict_lock"": true,
        ""face_similarity_priority"": ""MAX"",
        ""no_identity_blending"": true,
        ""no_beautify"": true,
        ""no_age_shift"": true,
        ""preserve_skin_texture"": true,
        ""preserve_facial_proportions"": true,
        ""preserve_expression"": true
      }
    },

    ""output_settings"": {
      ""aspect_ratio"": ""4:5"",
      ""orientation"": ""portrait"",
      ""resolution_target"": ""ultra_high_res"",
      ""render_style"": ""flash_candid_editorial"",
      ""sharpness"": ""flash_crisp_face_soft_background"",
      ""film_grain"": ""subtle_35mm"",
      ""color_grade"": ""warm_night_flash_neutral_skin"",
      ""dynamic_range"": ""natural_not_hdr"",
      ""skin_rendering"": ""real_texture_editorial_finish""
    },

    ""creative_prompt"": {
      ""scene_summary"": ""Chân dung selfie cận cảnh siêu chân thực vào ban đêm với đèn flash điện thoại trực tiếp. Một phụ nữ trẻ quyến rũ với mái tóc đen nhánh dài thẳng nhìn vào máy ảnh với vẻ tự tin, hơi bĩu môi. Cô ấy đeo một chuỗi ngọc trai và pha lê phức tạp (kiểu lưới) phủ lên đường chân tóc với những giọt nhỏ lủng lẳng, cùng với đôi bông tai ngọc trai dài. Trang phục là một chiếc váy yếm lụa óng ánh màu ngà thanh lịch với độ che phủ vừa phải và các nếp vải chân thực. Tổng thể toát lên vẻ sang trọng của cuộc sống về đêm, tự nhiên nhưng mang tính biên tập, với kết cấu da sạch và cấu trúc khuôn mặt hoàn hảo."",

      ""environment"": {
        ""location"": ""phòng chờ trong nhà/ngoài trời mờ ảo / lối vào biệt thự vào ban đêm"",
        ""background"": ""xà gỗ tối màu, ánh sáng thực tế dịu nhẹ xung quanh, độ sâu trường ảnh nông, hiệu ứng bokeh nổi bật"",
        ""lighting"": ""đèn flash điện thoại trực tiếp là nguồn sáng chính, ánh sáng lấp đầy xung quanh tối thiểu, điểm nhấn phản chiếu chân thực trên ngọc trai""
      },

      ""subject"": {
        ""appearance"": {
          ""hair"": ""tóc đen dài thẳng, bóng mượt nhưng tự nhiên, sợi tóc rõ ràng, không bị bóng nhờn"",
          ""makeup"": ""trang điểm nhẹ nhàng quyến rũ, kẻ mắt sắc nét, lông mày rõ ràng, má hồng nhẹ, môi nude bóng, lỗ chân lông chân thực"",
          ""skin"": ""kết cấu da thật, không làm mịn, không có lớp hoàn thiện bằng nhựa""
        },
        ""accessories"": {
          ""headpiece"": ""chuỗi ngọc trai và pha lê dạng lưới, hoa văn lưới đối xứng trên đỉnh đầu, những giọt ngọc trai nhỏ lủng lẳng ở trán và hai bên, lấp lánh chân thực"",
          ""earrings"": ""bông tai ngọc trai dài, thanh lịch, phản chiếu chân thực""
        },
        ""wardrobe"": {
          ""dress"": ""váy yếm lụa óng ánh màu ngà, đường viền cổ thanh lịch, độ che phủ vừa phải, rủ tự nhiên và lấp lánh nhẹ""
        },
        ""pose"": ""góc chụp selfie, cánh tay duỗi về phía máy ảnh, vai thư giãn""
      }
    }
  }
}","[""https://cms-assets.youmind.com/media/1768890662377_5diu24_G_DbnLqWoAAEqSM.jpg""]","{""name"":""Özge Döner"",""url"":""https://x.com/astronomerozge1""}",https://x.com/astronomerozge1/status/2013350554542498168,"Chân dung, Nhiếp ảnh, Điện ảnh, 3D, Nhân vật, Văn bản, Logo, UI/UX"
14,Hồ sơ / Ảnh đại diện - Tạo Avatar 3D Phong cách Pixar,"Một prompt được thiết kế để chuyển đổi ảnh đại diện đã tải lên thành hình đại diện 3D chất lượng cao theo phong cách Pixar, nhấn mạnh biểu cảm vui tươi, kết cấu mượt mà và tỷ lệ phóng đại, dễ thương.","Tạo một hình đại diện 3D chất lượng cao của người trong ảnh đã tải lên với khuôn mặt tươi tắn, biểu cảm. Nhân vật nên có nụ cười ấm áp, đôi mắt sáng và các đường nét khuôn mặt mềm mại, tạo cảm giác thân thiện và dễ gần. Kết xuất theo phong cách Pixar với kết cấu mịn, đổ bóng da tinh tế và tỷ lệ hơi phóng đại để có vẻ ngoài hoạt hình, dễ thương. Ánh sáng nên mềm mại và đều, tạo vẻ ngoài studio sạch sẽ với bóng đổ nhẹ nhàng để tạo chiều sâu.","[""https://cms-assets.youmind.com/media/1768890637866_6vkuqw_G_CpVLfXMAAuHu8.jpg""]","{""name"":""Heisenberg"",""url"":""https://x.com/rovvmut_""}",https://x.com/rovvmut_/status/2013295220440654142,"Chân dung, 3D, Anime, Nhân vật, UI/UX"
16,Hồ sơ / Ảnh đại diện - Lời nhắc chuyển đổi chân dung Avatar Girl Studio,"Một JSON prompt chi tiết để tạo ra bức chân dung studio siêu thực của một người phụ nữ, biến đôi tai người của cô ấy thành đôi tai avatar giả tưởng thanh lịch trong khi vẫn giữ nguyên danh tính, kết cấu da và tỷ lệ khuôn mặt dựa trên hình ảnh tham chiếu.","{
  ""JOB_TYPE"": ""image_generation"",
  ""LANGUAGE"": ""vi"",
  ""REFERENCE_IMAGES"": {
    ""REF_1_SUBJECT_IDENTITY"": ""Sử dụng hình ảnh tham chiếu ĐẦU TIÊN làm nguồn DUY NHẤT cho danh tính của người phụ nữ (khuôn mặt, kết cấu da, tàn nhang, vùng mắt, mũi, môi, đường viền hàm, tỷ lệ). Giữ nguyên danh tính của cô ấy."",
    ""REF_2_OPTIONAL"": ""Nếu sử dụng tham chiếu thứ hai, nó CHỈ dành cho tâm trạng/ánh sáng. Không thay đổi danh tính.""
  },
  ""LOCKS"": {
    ""IDENTITY_LOCK"": ""Danh tính của người phụ nữ PHẢI khớp chính xác với REF_1. Không thay đổi tuổi tác, sắc tộc, cấu trúc khuôn mặt, kiểu tàn nhang, hình dạng mắt, mũi, môi hoặc kết cấu da."",
    ""STUDIO_LOCK"": ""Phải trông giống như một bức chân dung studio chuyên nghiệp với phông nền liền mạch màu trắng tinh khiết."",
    ""FRAMING_LOCK"": ""Chân dung chụp từ eo trở lên. Đầu hiển thị đầy đủ. Bố cục căn giữa.""
  },
  ""SCENE"": {
    ""SETTING"": ""phòng chụp ảnh chuyên nghiệp"",
    ""BACKGROUND"": ""phông nền liền mạch màu trắng tinh khiết, sạch sẽ và giảm thiểu bóng"",
    ""LIGHTING"": ""ánh sáng chính softbox + ánh sáng lấp đầy nhẹ nhàng, ánh sáng studio cường độ cao, phơi sáng đều, bóng mềm"",
    ""CAMERA"": {
      ""SHOT_TYPE"": ""chân dung chụp từ eo trở lên"",
      ""ANGLE"": ""ngang tầm mắt"",
      ""LENS_LOOK"": ""kiểu ống kính chân dung, phối cảnh tự nhiên, lấy nét sắc nét vào mắt"",
      ""QUALITY"": ""độ phân giải cực cao, chi tiết sắc nét, kết cấu da tự nhiên""
    }
  },
  ""SUBJECT"": {
    ""POSE"": ""tư thế thư giãn trung tính, vai tự nhiên, đầu hơi nghiêng nếu cần, biểu cảm bình tĩnh tự tin"",
    ""GAZE"": ""nhìn vào máy ảnh"",
    ""CLOTHING"": ""áo đơn giản tối giản (tông màu trung tính), không logo, phù hợp với studio""
  },
  ""TRANSFORMATIONS"": {
    ""AVATAR_EARS"": {
      ""DESCRIPTION"": ""Thay thế tai người bằng tai avatar giả tưởng thanh lịch: thon dài, hơi nhọn, hình dạng hữu cơ mềm mại, gắn tự nhiên vào đầu, hòa trộn và tạo bóng da chân thực, đối xứng, cân đối với khuôn mặt.""
    },
    ""HAIR"": {
      ""COLOR"": ""{argument name=\""hair color\"" default=\""xám bạc gần trắng (rất nhạt), tông lạnh\""}"",
      ""STYLE"": ""tóc tết rasta gọn gàng (tóc tết dreadlock), độ dày từ mỏng đến trung bình, đường rẽ ngôi da đầu rõ ràng, các cạnh gọn gàng, tết chuyên nghiệp, chiều dài bím tóc đồng đều, rủ tự nhiên quanh đầu và vai"",
      ""DETAILS"": ""độ nét sợi tóc cao, không xù, kết cấu sợi tóc chân thực""
    }
  },
  ""RENDERING_STYLE"": {
    ""LOOK"": ""chân dung studio siêu thực với các đặc điểm giả tưởng tinh tế"",
    ""SKIN"": ""giữ nguyên lỗ chân lông và tàn nhang tự nhiên, không da nhựa, không làm mịn quá mức"",
    ""COLOR_GRADING"": ""màu trung tính sạch sẽ, tông màu studio cường độ cao""
  },
  ""NEGATIVE_PROMPT"": [
    ""người khác"",
    ""khuôn mặt bị thay đổi"",
    ""thêm tai"",
    ""tai biến dạng"",
    ""tai không đối xứng"",
    ""mờ"",
    ""độ phân giải thấp"",
    ""hoạt hình"",
    ""anime"",
    ""da quá mịn"",
    ""trang điểm đậm"",
    ""bóng gắt"",
    ""nền màu"",
    ""nền lộn xộn"",
    ""văn bản"",
    ""hình mờ"",
    ""logo"",
    ""cắt đầu"",
    ""ra khỏi khung hình""
  ],
  ""OUTPUT"": {
    ""ASPECT_RATIO"": ""1:1"",
    ""STYLE_STRENGTH"": ""medium"",
    ""REA""
  }
}","[""https://cms-assets.youmind.com/media/1768890743764_g1j1r5_G_BuF5LW0AAIXpP.jpg""]","{""name"":""manolya"",""url"":""https://x.com/manolyaai""}",https://x.com/manolyaai/status/2013230284175495545,"Chân dung, Nhiếp ảnh, Điện ảnh, 3D, Anime, Tối giản, Nhân vật, Thời trang, Logo"
17,Hồ sơ / Ảnh đại diện - Gợi ý chụp ảnh selfie bãi biển tự nhiên bằng iPhone 15 Pro,"Một JSON prompt cực kỳ chi tiết, có cấu trúc cho Nano Banana Pro, mô phỏng một bức ảnh selfie tự nhiên, chụp từ góc cao bằng iPhone 15 Pro trên một bãi biển đầy nắng. Prompt này chỉ định các chi tiết chủ thể siêu thực (đặc điểm búp bê sứ, trang phục cụ thể và biểu cảm) cùng các ràng buộc kỹ thuật, bao gồm ánh sáng, môi trường và danh sách negative prompt.","{
    ""format"": {
      ""type"": ""biên tập"",
      ""intent"": ""thẳng thắn/tự chụp/ngẫu nhiên"",
      ""aspect_ratio"": ""9:16"",
      ""resolution"": ""4K""
    },
    ""camera_system"": {
      ""body"": ""iPhone 15 Pro"",
      ""lens"": ""Camera Chính"",
      ""focal_length"": ""24mm"",
      ""associative_traits"": ""nhiếp ảnh điện toán, độ sâu trường ảnh sâu, hiển thị kỹ thuật số sắc nét, phơi sáng tự động""
    },
    ""subject"": {
      ""identity"": ""cô gái trẻ với những đặc điểm búp bê sứ đặc trưng"",
      ""physical_details"": ""làn da trắng ngần không tì vết, đôi mắt xanh băng giá to tròn với hàng mi rõ nét, mũi nhỏ thanh tú, miệng chúm chím tự nhiên, tóc vàng bạch kim tết hai bím chặt, móng tay sơn màu xanh dương rực rỡ"",
      ""clothing"": ""áo ôm sát màu xanh nhạt với đường xẻ cổ chữ V rất sâu và rộng để lộ rõ vòng một"",
      ""action"": ""góc nhìn selfie từ trên cao, một tay che mắt chống lại ánh sáng chói ven biển, nhìn lên camera"",
      ""expression"": ""trung tính, mắt mở to, vô cảm, ánh nhìn trống rỗng như búp bê""
    },
    ""lighting"": {
      ""source"": ""ánh sáng ban ngày tự nhiên chói chang ven biển + phản xạ từ cát"",
      ""direction"": ""chiếu từ trên cao và lấp đầy đa hướng"",
      ""quality"": ""mềm mại, khuếch tán nhưng rất sáng"",
      ""color_temp"": ""ánh sáng ban ngày trung tính (5500K)"",
      ""fill"": ""lấp đầy tối đa từ phản xạ cát trắng sáng"",
      ""distribution"": ""chiếu sáng đều, ít bóng, làm nổi bật kết cấu da"",
      ""intent"": ""ngày biển sáng""
    },
    ""environment"": {
      ""setting"": ""bãi biển đầy cát vào ban ngày"",
      ""hero_materials"": [
        {
          ""material"": ""cát"",
          ""micro_detail"": ""hạt trắng mịn, phản chiếu cao""
        },
        {
          ""material"": ""vải"",
          ""micro_detail"": ""đồ bơi màu xanh nhạt/hỗn hợp cotton co giãn""
        },
        {
          ""material"": ""da"",
          ""micro_detail"": ""mịn màng, không lỗ chân lông, kết cấu sứ, hơi ẩm ướt do nóng""
        }
      ],
      ""objects"": ""đường chân trời đại dương mờ ảo ở phía xa, bãi cát rộng lớn"",
      ""state"": ""sáng sủa, nắng, ven biển""
    },
    ""technical_finish"": {
      ""film_stock"": ""Nguồn Kỹ thuật số"",
      ""exposure"": ""phơi sáng rực rỡ (high key)"",
      ""grain"": ""không/nhiễu kỹ thuật số"",
      ""tone_curve"": ""đường cong tông màu trung tính tuyến tính"",
      ""color_science"": ""bảng màu pastel (xanh nhạt, cát trắng, da nhợt nhạt), màu sắc ánh sáng ban ngày tự nhiên""
    },
    ""constraints"": {
      ""avoid"": [
        ""tuyết"",
        ""quần áo mùa đông"",
        ""móng tay đỏ"",
        ""áo đen"",
        ""cổ áo kín đáo"",
        ""bóng tối đậm""
      ],
      ""must_include"": [
        ""móng tay xanh"",
        ""áo xanh nhạt"",
        ""khe ngực sâu"",
        ""phông nền bãi biển"",
        ""đặc điểm búp bê sứ""
      ]
    }
  }","[""https://cms-assets.youmind.com/media/1768890705798_znhp8b_G_BJSVuWEAAzAMR.jpg""]","{""name"":""Emily"",""url"":""https://x.com/IamEmily2050""}",https://x.com/IamEmily2050/status/2013189624848633963,"Chân dung, Nhiếp ảnh, Điện ảnh, Nhân vật, Thời trang, Văn bản, Logo"
20,Hồ sơ / Ảnh đại diện - E-Girl Chụp Ảnh Tự Sướng Trong Ánh Sáng Hoàng Hôn,"Một JSON prompt chi tiết cho Gemini Nano Banana Pro, tập trung vào việc tạo ra một bức ảnh selfie chân thực như ảnh chụp của một người phụ nữ theo phong cách 'e-girl' hoặc 'soft grunge'. Nó chỉ định tóc vàng bạch kim, áo corset satin trắng in hình hoạt hình, và bối cảnh là hành lang trong nhà ngập tràn ánh nắng vàng ấm áp của giờ vàng.","{
  ""prompt_description"": {
    ""subject"": {
      ""type"": ""phụ nữ"",
      ""hair"": ""tóc dài, thẳng, màu vàng bạch kim"",
      ""features"": ""tông da sáng, trang điểm nhẹ nhàng, ngón tay đặt trên môi"",
      ""tattoos"": ""hình xăm chữ nhỏ trên ngực, hình xăm 'XXX' trên cổ tay""
    },
    ""outfit"": {
      ""top"": ""áo corset satin trắng có họa tiết hoạt hình/anime màu hồng (kiểu {argument name=\""cartoon character\"" default=\""My Melody\""}), viền ren, dây buộc nơ phía trước"",
      ""bottom"": ""chân váy mini xếp ly màu đen, gấu váy cắt thô"",
      ""accessories"": ""vớ đùi cao màu đen có ren phía trên, quần tất lưới"",
      ""phone_case"": ""ốp điện thoại minh họa phong cách anime đen trắng đồ họa""
    },
    ""pose"": {
      ""type"": ""selfie gương"",
      ""stance"": ""đứng, một bên hông hếch lên"",
      ""hand_position"": ""cầm điện thoại bằng tay phải, tay trái chạm môi""
    },
    ""environment"": {
      ""location"": ""hành lang hoặc phòng ngủ trong nhà"",
      ""background"": ""tường trắng, sàn gạch xám, áp phích đóng khung trên tường"",
      ""lighting"": ""ánh sáng mặt trời hoàng hôn vàng ấm, bóng đổ mềm mại"",
      ""decor"": ""tối giản, cây cảnh trong chậu ở hậu cảnh""
    },
    ""style"": {
      ""aesthetic"": ""e-girl, soft grunge, coquette, hợp thời trang"",
      ""camera_angle"": ""ngang tầm mắt, phản chiếu"",
      ""quality"": ""độ nét cao, chân thực như ảnh, màu sắc sống động""
    }
  }
}","[""https://cms-assets.youmind.com/media/1768890708248_z2jdm2_G-_zv_DXYAAIGDC.jpg""]","{""name"":""Mira"",""url"":""https://x.com/xmiiru_""}",https://x.com/xmiiru_/status/2013095567547666866,"Chân dung, Nhiếp ảnh, Điện ảnh, Minh họa, Anime, Tối giản, Nhân vật, Xe cộ, Thời trang, Văn bản, Poster"
22,Hồ sơ / Ảnh đại diện - E-Girl Tự Chụp Ảnh Trong Ánh Sáng Hoàng Hôn (Bản Sao),"Một JSON prompt chi tiết cho Gemini Nano Banana Pro, tập trung vào việc tạo ra một bức ảnh selfie chân thực như ảnh chụp của một người phụ nữ theo phong cách 'e-girl' hoặc 'soft grunge'. Nó chỉ định tóc vàng bạch kim, áo corset bằng sa tanh trắng có in hình hoạt hình và bối cảnh là hành lang trong nhà ngập tràn ánh nắng vàng ấm áp của giờ vàng. (Bản sao của 2013095567547666866)","{
  ""prompt_description"": {
    ""subject"": {
      ""type"": ""phụ nữ"",
      ""hair"": ""tóc dài, thẳng, vàng bạch kim"",
      ""features"": ""da sáng, trang điểm nhẹ nhàng, ngón tay đặt trên môi"",
      ""tattoos"": ""hình xăm chữ nhỏ trên ngực, hình xăm 'XXX' trên cổ tay""
    },
    ""outfit"": {
      ""top"": ""áo corset satin trắng in hình hoạt hình/anime màu hồng (kiểu {argument name=\""cartoon character\"" default=\""My Melody\""}), viền ren, dây buộc nơ phía trước"",
      ""bottom"": ""chân váy mini xếp ly màu đen, gấu váy cắt thô"",
      ""accessories"": ""vớ đùi cao màu đen có ren, quần tất lưới"",
      ""phone_case"": ""ốp điện thoại minh họa phong cách anime đen trắng đồ họa""
    },
    ""pose"": {
      ""type"": ""tự chụp ảnh qua gương"",
      ""stance"": ""đứng, một bên hông hếch lên"",
      ""hand_position"": ""cầm điện thoại bằng tay phải, tay trái chạm môi""
    },
    ""environment"": {
      ""location"": ""hành lang hoặc phòng ngủ trong nhà"",
      ""background"": ""tường trắng, sàn gạch xám, áp phích đóng khung trên tường"",
      ""lighting"": ""ánh sáng mặt trời hoàng hôn vàng ấm, bóng đổ mềm mại"",
      ""decor"": ""tối giản, cây cảnh trong chậu ở hậu cảnh""
    },
    ""style"": {
      ""aesthetic"": ""e-girl, soft grunge, coquette, hợp thời trang"",
      ""camera_angle"": ""ngang tầm mắt, phản chiếu"",
      ""quality"": ""độ nét cao, chân thực như ảnh, màu sắc sống động""
    }
  }
}","[""https://cms-assets.youmind.com/media/1768890709718_8jx82s_G-_pBv0W0AAv4gM.jpg""]","{""name"":""Sudee🥀"",""url"":""https://x.com/NameIsSudee""}",https://x.com/NameIsSudee/status/2013083792937009531,"Chân dung, Nhiếp ảnh, Điện ảnh, Minh họa, Anime, Tối giản, Nhân vật, Xe cộ, Thời trang, Văn bản, Poster"
25,Hồ sơ / Ảnh đại diện - Ảnh phong cách sống của người có ảnh hưởng cao cấp với chủ đề Cheetos,"Một JSON prompt toàn diện cho Nano Banana Pro để tạo ra một hình ảnh phong cách sống siêu chân thực, cao cấp về một người mẫu nữ có đường cong tạo dáng tinh nghịch trên bàn bếp với các phụ kiện chủ đề Cheetos, nhấn mạnh độ sắc nét và ánh sáng tự nhiên ban ngày.","{
  ""meta"": {
    ""aspect_ratio"": ""9:16"",
    ""quality"": ""ultra_photorealistic"",
    ""resolution"": ""8k"",
    ""camera"": ""Sony A7R IV"",
    ""lens"": ""50mm f/1.4 GM"",
    ""style"": ""chụp ảnh phong cách sống của người có ảnh hưởng cao cấp, lấy nét sắc nét, ánh sáng tự nhiên ban ngày, tính thẩm mỹ của tệp thô""
  },

  ""scene"": {
    ""location"": ""nhà bếp ở nhà ngoại ô"",
    ""environment"": [
      ""mặt bàn đá granite với các đốm màu be và nâu"",
      ""tủ gỗ tối màu ở phía sau"",
      ""khu vực ăn uống mờ ảo với ghế tối màu"",
      ""cửa sổ lớn có rèm cho ánh sáng tự nhiên chiếu vào"",
      ""cây xanh nhìn thấy qua cửa sổ mờ""
    ],
    ""time"": ""giữa trưa"",
    ""atmosphere"": ""vui tươi, tinh nghịch, sống động, quyến rũ giản dị""
  },

  ""lighting"": {
    ""type"": ""ánh sáng tự nhiên và ánh sáng trong nhà hỗn hợp"",
    ""key_light"": ""ánh sáng ban ngày khuếch tán mềm mại từ cửa sổ (phía sau bên phải)"",
    ""fill_light"": ""ánh sáng xung quanh phòng phản chiếu từ các bức tường sáng"",
    ""effect"": ""bóng mềm trên da, điểm sáng rực rỡ trên tóc, độ giảm tự nhiên ở hậu cảnh"",
    ""reflections"": ""phản chiếu bóng loáng trên các túi Cheetos""
  },

  ""camera_perspective"": {
    ""pov"": ""ngang tầm mắt so với chủ thể trên quầy"",
    ""framing"": ""cảnh trung bình, từ đầu gối đến đầu"",
    ""focus"": ""độ sâu trường ảnh nông (phông nền bokeh), lấy nét sắc nét vào mắt và mặt""
  },

  ""subject"": {
    ""gender"": ""nữ"",
    ""age"": ""đầu tuổi 20"",
    ""ethnicity"": ""Caucasian"",
    ""body"": {
      ""type"": ""thể hình cân đối, có đường cong"",
      ""skin"": ""da trắng, kết cấu da chân thực với lỗ chân lông có thể nhìn thấy và màu hồng tự nhiên, không chỉnh sửa bằng airbrush"",
      ""waist"": ""thon gọn"",
      ""glutes"": ""nổi bật và có đường cong (được nhấn mạnh bởi tư thế)"",
      ""legs"": ""săn chắc""
    },

    ""hair"": {
      ""color"": ""đỏ đồng rực rỡ"",
      ""length"": ""dài, đến giữa lưng"",
      ""style"": ""thẳng với kiểu tóc đuôi ngựa buộc nửa đầu cao, những sợi tóc lỏng lẻo ôm lấy khuôn mặt"",
      ""texture"": ""mượt mà nhưng chân thực, bắt sáng""
    },

    ""face"": {
      ""expression"": ""nụ cười quyến rũ, ánh mắt tự tin nhìn lại qua vai"",
      ""eyes"": ""xanh dương sáng sắc sảo"",
      ""makeup"": ""trang điểm lộng lẫy, nền lì, mascara đậm, kẻ mắt cánh, môi hồng nhạt"",
      ""details"": ""đường quai hàm sắc nét, khuyên tai vòng bạc có thể nhìn thấy""
    },

    ""pose"": {
      ""position"": ""quỳ trên đảo bếp/quầy"",
      ""orientation"": ""nhìn nghiêng/cạnh, xoay thân về phía máy ảnh"",
      ""back"": ""cong mạnh (tư thế ưỡn cột sống)"",
      ""hands"": ""đặt trên đùi/quầy để hỗ trợ"",
      ""head"": ""hơi quay sang trái để đối mặt trực tiếp với ống kính""
    },

    ""outfit"": {
      ""bikini"": {
        ""color"": ""{argument name=\""bikini color\"" default=\""bright yellow\""} với viền cam"",
        ""style"": ""áo tam giác và quần lọt khe"",
        ""fabric"": ""chất liệu đồ bơi lì, dây áo hơi căng"",
        ""details"": ""dây buộc ở cổ và hông""
      },
      ""accessories"": {
        ""socks"": ""tất mắt cá chân với họa tiết ngọn lửa kiểu Cheetos (vàng/đỏ/cam)"",
        ""jewelry"": ""khuyên tai vòng bạc lớn mỏng, del""
      }
    }
  }
}","[""https://cms-assets.youmind.com/media/1768804267806_x3g5yk_G-82wiRWIAArc6r.jpg""]","{""name"":""Bananai"",""url"":""https://x.com/aibananai""}",https://x.com/aibananai/status/2012887772235743238,"Chân dung, Nhiếp ảnh, Điện ảnh, Nhân vật, Xe cộ, Thời trang, Thành phố, Văn bản, UI/UX"
29,Hồ sơ / Ảnh đại diện - Chụp ảnh selfie từ trên cao bằng điện thoại thông minh với mèo đen,"Một lời nhắc tạo ảnh mang tính kỹ thuật cao, tập trung vào việc mô phỏng một bức ảnh selfie chụp từ trên cao, góc nhìn từ trên xuống, được chụp bằng camera điện thoại thông minh. Lời nhắc xác định tỉ mỉ các chế độ lỗi của camera (cắt sáng, nhiễu sắc độ), biến dạng ống kính (méo hình nhẹ) và các hiệu ứng nhiếp ảnh tính toán (làm mịn da, quầng sắc nét) để tối đa hóa tính chân thực vật lý và bắt chước một phong cách thẩm mỹ cụ thể, với hình ảnh một người phụ nữ và một con mèo đen.","{
  ""intent"": {
    ""image_type"": ""selfie"",
    ""era_preset"": ""modern_standard"",
    ""notes"": ""Tối đa hóa tính chân thực vật lý bằng cách xác định tương tác ánh sáng-vật liệu và các chế độ lỗi cảm biến.""
  },
  ""subjects"": {
    ""count"": 1,
    ""primary"": {
      ""type"": ""person"",
      ""age_range"": ""20-25"",
      ""gender_presentation"": ""female"",
      ""region_target"": ""unspecified"",
      ""expression"": ""trung tính, nhìn lên"",
      ""pose"": ""nhìn thẳng vào camera từ phía dưới"",
      ""gaze"": ""nhìn vào ống kính""
    },
    ""additional"": [
      {
        ""type"": ""mèo đen"",
        ""position"": ""ngang sàn, nhìn lên"",
        ""material"": ""lông hữu cơ dày với ria mép trong mờ""
      }
    ]
  },
  ""framing_and_perspective"": {
    ""framing"": ""góc_cao_nhìn_xuống"",
    ""subject_fill_ratio"": 0.82,
    ""camera_angle"": ""trực_tiếp_từ_trên_xuống"",
    ""distance"": ""chiều_dài_cánh_tay"",
    ""camera_class"": ""camera_trước_điện_thoại_thông_minh"",
    ""lens_equiv_mm"": 24,
    ""distortion"": {
      ""type"": ""méo_thùng_nhẹ"",
      ""strength_1to5"": 4
    },
    ""perspective_effects"": {
      ""foreground_scale_emphasis_1to5"": 5,
      ""nose_emphasis_1to5"": 3,
      ""ear_recession_1to5"": 4
    },
    ""depth_of_field"": {
      ""mode"": ""tối_thiểu"",
      ""strength_1to5"": 2,
      ""focus_target"": ""mắt""
    }
  },
  ""lighting_and_exposure"": {
    ""key_light"": {
      ""type"": ""đèn_panel_trên_đầu"",
      ""direction"": ""từ_trên_xuống"",
      ""hardness_1to5"": 5,
      ""halo_bloom_1to5"": 2
    },
    ""exposure_behavior"": {
      ""auto_exposure"": true,
      ""hdr_tone_mapping_1to5"": 4,
      ""overall_brightness_1to5"": 5,
      ""contrast_1to5"": 3,
      ""shadow_depth_1to5"": 2,
      ""highlight_overflow_1to5"": 5
    },
    ""failure_modes_active"": {
      ""highlight_clipping"": true,
      ""shadow_chroma_noise"": true,
      ""denoise_smear"": false,
      ""sharpen_halos"": true,
      ""motion_blur"": false,
      ""jpeg_ringing_banding"": false,
      ""banding_in_gradients"": false,
      ""focus_falloff_edge_softness"": true
    }
  },
  ""computational_pipeline"": {
    ""skin_smoothing"": {
      ""method"": ""nhận_biết_cạnh"",
      ""strength_1to5"": 2,
      ""specular_preservation"": ""bắt_buộc""
    },
    ""sharpening"": {
      ""strength_1to5"": 3,
      ""halo_risk_1to5"": 2
    },
    ""noise_and_denoise"": {
      ""shadow_chroma_noise_1to5"": 3,
      ""denoise_smear_1to5"": 2,
      ""grain_strength_1to5"": 2
    },
    ""compression"": {
      ""jpeg_artifacts_1to5"": 1,
      ""banding_risk_1to5"": 1
    },
    ""white_balance"": {
      ""mode"": ""tự_động"",
      ""highlight_temp_bias"": ""lạnh"",
      ""shadow_temp_bias"": ""trung_tính""
    }
  },
  ""region_and_face_feature_sliders"": {
    ""non_stereotype_policy"": ""thanh_trượt_thay_nhãn"",
    ""beauty_mark_under_right_eye"": false,
    ""sliders_1to5"": {
      ""face_oval_vline_1to5"": 3,
      ""cheekbone_prominence_1to5"": 3,
      ""brow_definition_1to5"": 3,
      ""eye_emphasis_1to5"": 4,
      ""eyelid_crease_definition_1to5"": 3,
      ""nose_bridge_definition_1to5"": 3,
      ""lip_fullness_1to5"": 3
    }
  }
}","[""https://cms-assets.youmind.com/media/1768804295304_b0lxqb_G-8FTwBXgAEjkOg.jpg""]","{""name"":""Emily"",""url"":""https://x.com/IamEmily2050""}",https://x.com/IamEmily2050/status/2012833771528307100,"Chân dung, Nhiếp ảnh, Điện ảnh, Nhân vật, UI/UX"
32,Bài đăng trên mạng xã hội - Lời nhắc tổng hợp quảng cáo trên mạng xã hội,"Một Nano Banana Pro prompt có cấu trúc chặt chẽ được thiết kế để tạo ra một hình ảnh tổng hợp, trong đó một nhân vật (dựa trên hình ảnh tham chiếu) được ghép lên một ảnh chụp màn hình trang hồ sơ mạng xã hội, đang tích cực chỉ vào nút 'Follow'. Nó chỉ định tính nhất quán về danh tính, góc chụp selfie từ trên cao và cử chỉ tay chi tiết để mô phỏng việc nhấn nút đăng ký, nhằm mục đích tạo phong cách quảng cáo của người có ảnh hưởng.","{
  ""edit_type"": ""creative_composite_layering"",

  ""source"": {
    ""_hint"": ""Logic cơ bản: Nhân vật (Tham chiếu 1) được đặt LÊN TRÊN Ảnh nền (Tham chiếu 2)."",
    ""mode"": ""EDIT"",
    ""reference_images"": {
      ""first"": ""foreground_character_person"",
      ""second"": ""background_scenery_or_pattern""
    },
    ""preserve_from_first"": {
      ""same_person_or_group"": true,
      ""same_faces"": true,
      ""same_hairstyles"": true,
      ""same_outfits"": true
    }
  },

  ""identity"": {
    ""keep_identity_consistent"": true,
    ""expression"": ""bright_engaging_smile_at_camera""
  },

  ""camera_effect"": {
    ""_hint"": ""Phong cách selfie góc cao, tạo cảm giác chiều sâu giữa bàn tay và khuôn mặt."",
    ""perspective"": ""high_angle_shot_looking_down"",
    ""style"": ""social_media_call_to_action"",
    ""depth_of_field"": ""focus_on_face_and_pointing_finger"",
    ""framing"": ""character_centered_with_space_at_top_right""
  },

  ""pose"": {
    ""_hint"": ""Hành động chính: Nằm nhưng chủ động chỉ vào khu vực nút 'Theo dõi' (Trên cùng bên phải)."",
    ""pose_style"": ""lying_down_or_reclining_on_back"",
    ""face_direction"": ""looking_directly_up_into_lens"",
    ""hand_gestures"": {
      ""right_hand_action"": ""pointing_index_finger"",
      ""target_direction"": ""upper_right_corner_45_degrees"",
      ""purpose"": ""mimicking_pressing_subscribe_button"",
      ""arm_position"": ""extended_towards_camera_top_right""
    },
    ""body_language"": ""inviting_and_energetic"",
    ""style_tags"": [
      ""kpop_idol_fan_service"",
      ""influencer_promo_style"",
      ""dynamic_perspective""
    ]
  },

  ""background_integration"": {
    ""_hint"": ""Hình ảnh tham chiếu thứ hai là nền/sàn."",
    ""method"": ""full_background_replacement"",
    ""target_area"": ""entire_canvas_behind_character"",
    ""content_source"": ""reference_image_second"",
    ""perspective_match"": ""flat_lay_style"",
    ""rules"": {
      ""character_must_be_top_layer"": true,
      ""leave_space_in_upper_right_for_ui"": true
    }
  },

  ""composition"": {
    ""_hi"": """"
  }
}","[""https://cms-assets.youmind.com/media/1768890722190_d6cx29_G_Fa-sGXwAASQrG.jpg""]","{""name"":""BeautyVerse"",""url"":""https://x.com/BeautyVerse_Lab""}",https://x.com/BeautyVerse_Lab/status/2013490554466939282,"Chân dung, Nhóm người, Nhiếp ảnh, Tối giản, Sản phẩm, Nhân vật, Thời trang, Trừu tượng, Logo, UI/UX"
33,Bài đăng trên mạng xã hội - Lời nhắc hiện thực siêu chân thực về người có ảnh hưởng đen tối,"Một lời nhắc (prompt) định dạng JSON cực kỳ chi tiết để tạo ra hình ảnh siêu chân thực của một phụ nữ đang chụp ảnh selfie trước gương trong phòng thay đồ của một căn penthouse sang trọng, nhấn mạnh phong cách hiện thực của những người có ảnh hưởng (influencer) với tông màu tối, ánh sáng yếu và kết cấu da tự nhiên.","{
  ""meta"": {
    ""aspect_ratio"": ""9:16"",
    ""quality"": ""ultra_photorealistic"",
    ""resolution"": ""8k"",
    ""camera"": ""iPhone 15 Pro"",
    ""lens"": ""26mm"",
    ""style"": ""dark influencer realism, low light iphone look, natural skin texture, subtle grain, imperfect handheld framing""
  },

  ""scene"": {
    ""location"": ""phòng thay đồ sang trọng trong căn penthouse"",
    ""environment"": [
      ""tấm gương lớn từ sàn đến trần"",
      ""cửa tủ quần áo màu đen bóng"",
      ""ghế nhung màu be ấm áp"",
      ""khay trang sức mở với các món đồ nằm rải rác"",
      ""đường chân trời thành phố mờ ảo nhìn qua cửa kính""
    ],
    ""time"": ""sau nửa đêm"",
    ""atmosphere"": ""riêng tư, đắt tiền, hơi nóng sau bữa tiệc, thân mật một cách nguy hiểm""
  },

  ""lighting"": {
    ""type"": ""ánh sáng xung quanh thấp + điểm nhấn ấm áp"",
    ""sources"": [
      ""đèn mờ ấm áp phía sau chủ thể"",
      ""dải đèn LED nhỏ bên trong các kệ tủ quần áo"",
      ""ánh sáng mờ ảo từ thành phố qua cửa sổ""
    ],
    ""direction"": ""ánh sáng viền phía sau + bên hông tạo hình hông, eo và ngực"",
    ""effect"": ""bóng sâu, điểm sáng ấm áp trên các đường cong, bóng tối điện ảnh, nhiễu hạt nhẹ kiểu iPhone""
  },

  ""subject"": {
    ""gender"": ""{argument name=\""gender\"" default=\""female\""}"",
    ""age_vibe"": ""người trẻ tuổi"",
    ""ethnicity"": ""người Đông Âu tóc vàng"",

    ""body"": {
      ""type"": ""dáng đồng hồ cát mảnh mai"",
      ""chest"": ""rất đầy đặn và nổi bật"",
      ""waist"": ""nhỏ nhắn"",
      ""hips"": ""tròn và cong"",
      ""legs"": ""dài, mịn màng, thanh lịch""
    },

    ""skin"": {
      ""tone"": ""sứ với ánh sáng ấm áp mờ ảo"",
      ""texture"": ""lỗ chân lông thật, bóng tự nhiên, không chỉnh sửa bằng airbrush""
    },

    ""hair"": {
      ""color"": ""tóc vàng bạch kim"",
      ""style"": ""tóc gợn sóng dài buông xõa"",
      ""details"": ""những lọn tóc bóng mượt bắt ánh đèn ấm áp""
    },

    ""face"": {
      ""structure"": ""rất xinh đẹp, như búp bê"",
      ""expression"": ""tự tin lạnh lùng, điềm tĩnh"",
      ""eyes"": ""mắt xanh nhạt, khép hờ"",
      ""mouth"": ""môi đầy đặn hơi hé mở"",
      ""makeup"": ""trang điểm nhẹ nhàng quyến rũ, lông mi dày, tạo khối tinh tế, môi bóng""
    }
  },

  ""pose"": {
    ""overall"": ""chụp ảnh tự sướng qua gương, đứng góc 3/4, lưng cong sâu"",

    ""lower_body"": {
      ""legs"": ""một chân thẳng, chân kia hơi cong nhẹ"",
      ""stance"": ""ổn định và có chủ ý""
    },

    ""hips"": {
      ""position"": ""đẩy ra sau và hơi nghiêng"",
      ""effect"": ""hông chiếm ưu thế khung hình với bóng đổ""
    },

    ""torso"": {
      ""arch"": ""lưng dưới cong sâu"",
      ""chest"": ""hướng về phía trước một cách tự nhiên"",
      ""posture"": ""sự thống trị thầm lặng, sự tự tin được thương mại hóa""
    },

    ""arms"": {
      ""one_arm"": ""một tay nhẹ nhàng chạm mép gương"",
      ""other_arm"": ""tay kia cầm điện thoại thấp gần hông""
    },

    ""head"": {
      ""tilt"": ""hơi nghiêng"",
      ""gaze"": ""nhìn vào màn hình điện thoại qua gương, không bận tâm""
    }
  },

  ""outfit"": {
    ""clothing"": {
      ""top"": {
        ""type"": ""áo crop top co giãn siêu mỏng màu đen"",
        ""fit"": ""ôm sát, không áo ngực, hơi trong suốt dưới ánh sáng ấm áp"",
        ""details"": ""độ căng của vải và đường nét tinh tế có thể nhìn thấy, tinh tế nhưng rõ ràng""
      },
      ""bott"": """"
    }
  }
}","[""https://cms-assets.youmind.com/media/1768890742772_2kidkw_G-fbe_DWIAEJy3e.jpg""]","{""name"":""babydoll"",""url"":""https://x.com/bananababydoll""}",https://x.com/bananababydoll/status/2013488410506179036,"Chân dung, Nhiếp ảnh, Điện ảnh, Nhân vật, Thời trang, Thành phố, Văn bản"
35,Bài đăng trên mạng xã hội - Lời nhắc tạo ảnh chân dung phong cách Glamour sòng bạc cổ điển,"Một Nano Banana prompt chi tiết để tạo ra một bức chân dung cổ điển và thanh lịch của một chủ thể đang ngồi trên ghế đẩu cao tại sàn sòng bạc. Nó chỉ định trang phục của chủ thể (váy slip dress mini màu đen với dây đeo đính đá, sandal đế xuồng chunky), môi trường (thảm họa tiết Psychedelic, ghế bar bọc đệm màu đỏ, bảng hiệu máy đánh bạc), và cài đặt máy ảnh kỹ thuật (đèn flash trực tiếp trên máy ảnh, góc cực thấp, mô phỏng máy ảnh kỹ thuật số compact những năm 2000) để đạt được một vẻ đẹp Las Vegas cổ điển, độ tương phản cao.","{
  ""image_generation_request"": {
    ""meta_settings"": {
      ""aspect_ratio"": ""9:16"",
      ""model_version"": ""v6.0"",
      ""stylize_value"": 250,
      ""quality"": ""High""
    },
    ""subject_definition"": {
      ""identity_source"": {
        ""method"": ""Image Reference"",
        ""instruction"": ""Giữ nguyên các đặc điểm khuôn mặt và tóc từ hình ảnh tham chiếu đã tải lên một cách nghiêm ngặt.""
      },
      ""body_language"": {
        ""pose"": ""Ngồi trên ghế đẩu cao, thân người nghiêng 30 độ sang trái, chân bắt chéo thanh lịch ở đầu gối để kéo dài dáng người."",
        ""hands"": ""Đặt hờ hững trên đùi trên, các ngón tay thư giãn, khoe nhẫn."",
        ""gaze"": ""Nhìn hơi xuống ống kính máy ảnh hoặc trực tiếp vào đèn flash.""
      }
    },
    ""fashion_and_styling"": {
      ""garment_main"": {
        ""item"": ""Đầm slip mini màu đen"",
        ""fabric"": ""Satin hoặc hỗn hợp lụa bóng cao"",
        ""fit"": ""Ôm sát, dáng bodycon vừa vặn"",
        ""details"": [
          ""Dây áo spaghetti làm từ đá lấp lánh"",
          ""Cổ khoét sâu"",
          ""Vạt váy mini để lộ chân""
        ]
      },
      ""footwear"": {
        ""item"": ""Sandal đế xuồng"",
        ""style"": ""Gót khối chunky, lấy cảm hứng từ thập niên 1990/Y2K"",
        ""material"": ""Da bóng hoặc satin đen"",
        ""details"": ""Quai mắt cá chân khóa bạc, hở mũi""
      }
    },
    ""jewelry"": {
      ""ears"": ""Khuyên tai vòng bạc sterling cỡ lớn"",
      ""hands"": ""Nhiều nhẫn bạc xếp chồng tinh xảo""
    },
    ""environmental_context"": {
      ""location"": ""Sàn Casino Cổ điển"",
      ""flooring"": {
        ""type"": ""Thảm hoa văn"",
        ""texture"": ""Nylon đã sờn"",
        ""design"": ""Các xoáy nước ảo giác màu xanh mòng két, cam cháy và xanh hoàng gia"",
        ""vibe"": ""Thẩm mỹ Las Vegas cổ điển""
      },
      ""furniture"": {
        ""item"": ""Ghế bar casino"",
        ""material"": ""Ghế bọc da giả màu đỏ có nút"",
        ""base"": ""Đế kim loại bằng đồng hoặc vàng bị xỉn màu với chỗ để chân""
      },
      ""props_and_background"": {
        ""primary_prop"": ""Máy đánh bạc"",
        ""prop_details"": ""Bảng hiệu được chiếu sáng với dòng chữ '{argument name=\""Slot Machine Marquee\"" default=\""TRIPLE JACKPOT GEMS\""}', các nút phát sáng, phản chiếu màn hình kính"",
        ""atmosphere"": ""Bối cảnh mờ ảo, đông đúc, khói thuốc với ánh sáng bokeh từ các máy khác""
      }
    },
    ""photography_technical"": {
      ""camera_simulation"": ""Máy ảnh kỹ thuật số compact đầu những năm 2000 (ví dụ: Sony Cybershot hoặc Canon PowerShot)"",
      ""lighting_style"": {
        ""type"": ""Đèn flash trực tiếp trên máy ảnh"",
        ""characteristics"": [
          ""Bóng đổ sắc nét ngay phía sau chủ thể"",
          ""Độ tương phản cao"",
          ""Điểm sáng quá mức trên da và vải"",
          ""Góc bị tối""
        ]
      },
      ""composition"": {
        ""angle"": ""Góc cực thấp (Góc nhìn từ dưới lên)"",
        ""focus"": ""Lấy nét sắc nét vào chủ thể, làm mờ nhẹ hậu cảnh"",
        ""framing"": ""Chụp toàn thân nhấn mạnh""
      }
    }
  }
}","[""https://cms-assets.youmind.com/media/1768890722879_12446f_G_EOXDUXMAARheL.jpg""]","{""name"":""Adam也叫吉米"",""url"":""https://x.com/Adam38363368936""}",https://x.com/Adam38363368936/status/2013406753770119423,"Chân dung, Nhiếp ảnh, Điện ảnh, Cổ điển, Nhân vật, Thời trang, Văn bản, Logo"
37,Bài đăng trên mạng xã hội - Biên tập Ảnh Chụp Bằng Điện Thoại Trên Máy Bay Riêng Của Tiếp Viên Hàng Không,"Một JSON prompt cực kỳ chi tiết để tạo ra hình ảnh chụp bằng điện thoại siêu thực (thẩm mỹ iPhone 15 Pro Max) về một nữ tiếp viên hàng không quyến rũ trên đường băng sân bay cạnh một máy bay riêng. Nó chỉ rõ trang phục của cô ấy (chân váy bút chì màu xanh navy, hé lộ áo bikini ren), tư thế năng động, ánh nắng chiều gay gắt và phong cách chụp ảnh tự nhiên như trên mạng xã hội.","[
  {
    ""metadata"": {
      ""title"": ""Ảnh biên tập tiếp viên hàng không trên máy bay riêng"",
      ""style"": ""Nhiếp ảnh di động siêu thực"",
      ""target_device"": ""iPhone 15 Pro Max""
    },
    ""subject"": {
      ""age"": ""Giữa tuổi 30"",
      ""ethnicity"": ""Pha trộn Caucasian/Địa Trung Hải"",
      ""hair"": {
        ""style"": ""Tóc gợn sóng ombre dài"",
        ""color"": ""Chân tóc nâu chuyển dần sang ngọn tóc vàng óng như nắng"",
        ""texture"": ""Bồng bềnh và mềm mại""
      },
      ""physique"": {
        ""body_type"": ""Dáng đồng hồ cát đầy đặn, săn chắc"",
        ""bust"": ""Ngực đầy đặn tự nhiên, khe ngực rõ nét"",
        ""features"": ""Hông cong sâu, eo thon, làn da rạng rỡ""
      },
      ""makeup"": ""Trang điểm tự nhiên nhẹ nhàng, mascara mềm mại, son bóng màu nude, phấn bắt sáng lấp lánh tinh tế"",
      ""expression"": ""Tự tin, quyến rũ, nụ cười hơi tinh nghịch""
    },
    ""pose"": {
      ""description"": ""Tạo dáng năng động 'girl pose'"",
      ""hand_placement"": {
        ""right_hand"": ""Đặt chắc chắn lên eo để làm nổi bật đường cong hông"",
        ""left_hand"": ""Giơ cao duyên dáng trên đầu, các ngón tay hơi xòe""
      },
      ""posture"": ""Dồn trọng lượng sang một chân, lưng hơi cong""
    },
    ""attire"": {
      ""outerwear"": ""Đồng phục tiếp viên hàng không màu xanh navy chuyên nghiệp, áo blazer được khoác hờ trên vai hoặc bỏ qua"",
      ""top"": ""Áo sơ mi trắng cài cúc sắc nét, mở cúc trên cùng để tạo khe ngực nhẹ nhàng"",
      ""undergarment"": ""Hé lộ một chút áo bikini ren đen có họa tiết lấp ló qua khe áo sơ mi"",
      ""bottom"": ""Chân váy bút chì màu xanh navy cạp cao, ôm sát"",
      ""accessories"": ""Khuyên tai vòng nhỏ bằng vàng, dây chuyền vàng tinh tế""
    },
    ""environment"": {
      ""location"": ""Sân đỗ máy bay, bên cạnh một chiếc máy bay riêng sang trọng"",
      ""jet_details"": ""Thân máy bay màu trắng kim loại bóng bẩy, các chi tiết mạ crôm, cửa cầu thang máy bay đã hạ xuống"",
      ""background"": ""Bầu trời xanh trong, hơi nóng đường băng xa xa, bê tông ngập nắng""
    },
    ""photography"": {
      ""camera_model"": ""iPhone 15 Pro, Camera chính"",
      ""focal_length"": ""Góc rộng 24mm"",
      ""lighting"": ""Ánh nắng chiều gay gắt, bóng đổ tự nhiên, độ tương phản cao, lóe sáng ống kính nhẹ"",
      ""technical_traits"": ""Độ sâu trường ảnh sâu, kết cấu da siêu sắc nét, xử lý HDR di động, độ phân giải 4k, phong cách chụp ảnh tự nhiên trên mạng xã hội"",
      ""composition"": ""Chụp toàn thân, góc máy hơi thấp để nhấn mạnh chiều cao và đường cong""
    }
  }
]","[""https://cms-assets.youmind.com/media/1768890658898_88efkj_G_D49X3W4AAqNyk.jpg"",""https://cms-assets.youmind.com/media/1768890658913_ku55jm_G_D49XqWgAApZv8.jpg""]","{""name"":""Maya"",""url"":""https://x.com/mayadelmare""}",https://x.com/mayadelmare/status/2013382894891212811,"Nhiếp ảnh, Điện ảnh, Nhân vật, Xe cộ, Thành phố, Văn bản"
38,Bài đăng trên mạng xã hội - Chân dung biên tập văn phòng lấy cảm hứng từ Ana de Armas,"Một JSON prompt cực kỳ chi tiết để tạo ra bức chân dung cận cảnh siêu thực, chất lượng ảnh bìa tạp chí về một người phụ nữ lấy cảm hứng từ Ana de Armas. Nó chỉ định trang phục hai mảnh màu đỏ rực rỡ, vóc dáng thể thao, làn da bóng bẩy với lớp mồ hôi nhẹ, và nền văn phòng mờ ảo với các chồng giấy tờ, sử dụng ánh sáng điện ảnh studio.","{
  ""type"": ""image_generation_prompt"",
  ""concept"": {
    ""description"": ""Chân dung cận cảnh siêu thực, chất lượng ảnh bìa tạp chí của một phụ nữ xinh đẹp với các đặc điểm lấy cảm hứng từ {argument name=\""celebrity name\"" default=\""Ana de Armas\""}"",
    ""intent"": ""Nhiếp ảnh thời trang cao cấp mang tính điện ảnh thực tế"",
    ""originality_note"": ""Chủ thể là người giống Ana de Armas, không phải bản sao chính xác""
  },
  ""subject"": {
    ""gender"": ""nữ"",
    ""age_range"": ""đầu những năm 30"",
    ""ethnicity"": ""Latina / lấy cảm hứng từ Cuba-Tây Ban Nha"",
    ""facial_features"": {
      ""structure"": ""khuôn mặt trái xoan mềm mại, gò má thanh tú, đường quai hàm tinh tế"",
      ""eyes"": ""đôi mắt to hình quả hạnh, màu nâu ấm áp, mí mắt thư thái"",
      ""lips"": ""môi đầy đặn, tự nhiên hơi hé mở"",
      ""expression"": ""uể oải, điềm tĩnh, quyến rũ tinh tế, tự tin thư thái""
    },
    ""body_visibility"": {
      ""framing"": ""chân dung cận cảnh kéo dài xuống dưới eo"",
      ""posture"": ""thẳng nhưng thư thái, tư thế chụp ảnh biên tập tự nhiên""
    }
  },
  ""body"": {
      ""build"": ""Thân hình săn chắc và thon gọn"",
      ""musculature"": [
        ""Cơ bụng rõ nét"",
        ""Cánh tay săn chắc"",
        ""Đùi săn chắc""
   },
  ""wardrobe"": {
    ""outfit_type"": ""trang phục hai mảnh"",
    ""color"": ""đỏ thẫm rực rỡ"",
    ""top"": {
      ""style"": ""ôm sát, tối giản, hợp thời trang"",
      ""fabric"": ""chất liệu mịn, hơi phản chiếu""
    },
    ""bottom"": {
      ""style"": ""váy ngắn"",
      ""fit"": ""ôm dáng, cắt may hiện đại"",
      ""visibility"": ""hiện rõ ràng dưới eo""
    }
  },
  ""skin_and_texture"": {
    ""skin_quality"": ""chi tiết cao, nhìn rõ lỗ chân lông tự nhiên"",
    ""finish"": ""bóng, rạng rỡ"",
    ""effect"": ""lớp mồ hôi hoặc dầu bóng nhẹ trên thân và ngực, tăng tính chân thực"",
    ""tone"": ""tông màu ấm áp, khỏe mạnh""
  },
  ""hair_and_makeup"": {
    ""hair"": {
      ""style"": ""tạo kiểu mềm mại, sóng lơi"",
      ""color"": ""nâu đậm"",
      ""texture"": ""bóng tự nhiên với chuyển động nhẹ""
    },
    ""makeup"": {
      ""style"": ""trang điểm quyến rũ kiểu biên tập"",
      ""details"": ""da căng bóng, mắt được định hình nhẹ nhàng, môi tự nhiên với một chút son bóng""
    }
  },
  ""background"": {
    ""environment"": ""bối cảnh trong nhà"",
    ""primary_elements"": [
      ""bề mặt bàn làm việc hoặc bàn"",
      ""các chồng giấy tờ""
    ],
    ""paper_details"": {
      ""brightness"": ""trắng sáng một phần"",
      ""arrangement"": ""hơi lộn xộn, các chồng giấy xếp lớp"",
      ""focus"": ""làm mờ nhẹ để duy trì sự nổi bật của chủ thể""
    },
    ""depth_of_field"": ""độ sâu trường ảnh nông, hiệu ứng bokeh điện ảnh""
  },
  ""lighting"": {
    ""style"": ""ánh sáng điện ảnh studio"",
    ""key_light"": ""mềm mại nhưng có hướng, làm nổi bật cấu trúc khuôn mặt"",
    ""fill_light"": ""ánh sáng lấp đầy nhẹ nhàng để giữ lại chi tiết da"",
    ""highlights"": ""nhấn nhá trên các vùng da bóng"",
    ""shadows"": ""mềm mại, có kiểm soát, độ tương phản kiểu tạp chí""
  },
  ""camera"": {
    ""shot_type"": ""chân dung cận cảnh"",
    ""lens"": ""ống kính cố định 85mm"",
    ""aperture"": ""f/1.8"",
    ""focus"": ""sắc nét tuyệt đối vào mắt"",
    ""sens""
  }
}","[""https://cms-assets.youmind.com/media/1768890657609_tc4s5n_G_DmfveWsAAMRrU.jpg"",""https://cms-assets.youmind.com/media/1768890657539_vhs88q_G_Dmf3UW8AEb1yc.jpg"",""https://cms-assets.youmind.com/media/1768890657668_k3r9rb_G_DmfxnXoAAlUIp.jpg"",""https://cms-assets.youmind.com/media/1768890658519_89hgql_G_Dmf7EXUAAH--v.jpg""]","{""name"":""KeorUnreal"",""url"":""https://x.com/KeorUnreal""}",https://x.com/KeorUnreal/status/2013362480471314461,"Chân dung, Nhiếp ảnh, Điện ảnh, Tối giản, Nhân vật, Thời trang, Thành phố, Văn bản, UI/UX"
39,Bài đăng trên mạng xã hội - Lời nhắc chụp ảnh selfie gương bằng iPhone để thay thế nhân vật,"Một lời nhắc định dạng JSON cực kỳ chi tiết được thiết kế để tạo ra một bức ảnh selfie gương iPhone siêu thực. Nó chỉ định các thông số kỹ thuật phức tạp như độ phân giải 8K, xử lý Apple Smart HDR và các thuộc tính chủ thể chi tiết (tư thế, quần áo, kết cấu) đồng thời yêu cầu rõ ràng thay thế chủ thể mặc định bằng một nhân vật tham chiếu được cung cấp, làm cho nó lý tưởng để tạo ra hình ảnh khóa danh tính.","{
  ""prompt_type"": ""chụp ảnh selfie qua gương bằng iPhone"",
  ""capture_device"": {
    ""device"": ""iPhone Pro"",
    ""camera_mode"": ""Selfie qua gương - Chân dung"",
    ""lens_equivalent"": ""ống kính góc rộng phía sau iPhone"",
    ""processing"": ""Apple Smart HDR + Deep Fusion"",
    ""look"": ""phản chiếu qua gương tự nhiên, rõ ràng, chân thực""
  },
  ""quality"": {
    ""resolution"": ""8K"",
    ""sharpness"": ""độ sắc nét tự nhiên cao"",
    ""detail_level"": ""chi tiết cực kỳ tinh xảo"",
    ""texture"": ""vải thật, kết cấu da thật"",
    ""noise"": ""nhiễu cảm biến iPhone tự nhiên rất nhẹ"",
    ""dynamic_range"": ""vùng sáng và vùng tối cân bằng""
  },
  ""subject"": {
    ""type"": ""nhân vật nữ"",
    ""identity"": ""{argument name=\""reference character\"" default=\""REFERENCE_CHARACTER\""}"",
    ""replacement_instruction"": ""Thay thế cô gái ban đầu bằng nhân vật tham chiếu được cung cấp trong khi vẫn giữ nguyên tư thế, tỷ lệ cơ thể, ánh sáng, phản chiếu và tính chân thực"",
    ""age"": ""người lớn"",
    ""body"": {
      ""build"": ""cân đối, nữ tính, đường cong tự nhiên"",
      ""proportions"": ""giải phẫu cơ thể người thực tế"",
      ""skin"": ""kết cấu da tự nhiên, lỗ chân lông có thể nhìn thấy, không làm mịn""
    },
    ""expression"": {
      ""emotion"": ""bình tĩnh, tự tin, thư thái"",
      ""face"": ""biểu cảm nhẹ nhàng trung tính"",
      ""gaze"": ""nhìn vào màn hình điện thoại qua gương""
    },
    ""pose"": {
      ""position"": ""ngồi trên mép giường"",
      ""legs"": ""khép lại, bàn chân chạm sàn"",
      ""arms"": ""một tay cầm điện thoại, tay còn lại đặt trên giường"",
      ""posture"": ""thẳng lưng nhưng thư giãn""
    },
    ""hair"": {
      ""style"": ""dài, gợn sóng nhẹ"",
      ""texture"": ""độ phồng tự nhiên, từng sợi tóc có thể nhìn thấy""
    }
  },
  ""clothing"": {
    ""outfit"": ""bodysuit liền thân bó sát"",
    ""design"": ""{argument name=\""bodysuit design\"" default=\""màu đen với họa tiết mạng nhện đỏ\""}"",
    ""fit"": ""ôm sát, thể thao"",
    ""fabric"": {
      ""material"": ""vải tổng hợp co giãn"",
      ""texture"": ""mịn với độ bóng nhẹ"",
      ""behavior"": ""ôm sát cơ thể một cách tự nhiên""
    }
  },
  ""environment"": {
    ""location"": ""phòng ngủ hiện đại tối giản"",
    ""mirror"": ""gương toàn thân khung gỗ"",
    ""bed"": {
      ""style"": ""khung giường gỗ đơn giản"",
      ""bedding"": ""chăn bông họa tiết trung tính""
    },
    ""floor"": ""sàn gỗ sáng màu"",
    ""decor"": ""nội thất tối giản, sạch sẽ, tông màu ấm"",
    ""atmosphere"": ""không gian trong nhà yên tĩnh, ấm cúng, riêng tư""
  },
  ""lighting"": {
    ""primary_light"": ""ánh sáng môi trường trong nhà ấm áp"",
    ""secondary_light"": ""ánh sáng trần hoặc tường dịu nhẹ"",
    ""style"": ""iPhone indoor Smart HDR"",
    ""shadows"": ""mềm mại và tự nhiên"",
    ""white_balance"": ""tông màu trung tính ấm áp trong nhà""
  },
  ""camera"": {
    ""angle"": ""góc gương thẳng"",
    ""distance"": ""toàn thân có thể nhìn thấy trong gương"",
    ""framing"": ""selfie toàn thân qua gương"",
    ""depth_of_field"": ""độ sâu trường ảnh nông tự nhiên từ xử lý chân dung"",
    ""focus"": ""lấy nét sắc nét vào phản chiếu của chủ thể""
  },
  ""style"": {
    ""genre"": ""selfie qua gương bằng iPhone chân thực"",
    ""aesthetic"": ""sạch sẽ, hiện đại, chân thực như trên mạng xã hội"",
    ""color_science"": ""màu sắc tự nhiên của Apple""
  }
}","[""https://cms-assets.youmind.com/media/1768890684295_adr050_G_Dlz8qX0AECzSk.jpg""]","{""name"":""Clara"",""url"":""https://x.com/veclaraa""}",https://x.com/veclaraa/status/2013362053948268625,"Chân dung, Nhiếp ảnh, Điện ảnh, Tối giản, Nội thất, Nhân vật, Thời trang, Văn bản, Logo, UI/UX"
43,Bài đăng trên mạng xã hội - Cảnh phim lãng mạn trên vòng quay ngựa gỗ với Identity Lock,"Một lời nhắc JSON phức tạp, có nhiều ràng buộc cho Nano Banana Pro được thiết kế để tạo ra một cảnh quay điện ảnh siêu chân thực về một cặp đôi trên vòng quay ngựa gỗ trong nhà vào ban đêm. Nó yêu cầu khóa nhận dạng nghiêm ngặt dựa trên hai hình ảnh tham chiếu đã tải lên, cài đặt máy ảnh cụ thể (35mm, f/2.0), ánh sáng tungsten ấm áp và các ràng buộc chi tiết về tư thế và môi trường để đạt được tính thẩm mỹ của thể loại romcom.","{
  ""generation_request"": {
    ""meta_data"": {
      ""tool"": ""NanoBanana Pro"",
      ""task_type"": ""photoreal_cinematic_carousel_couple_close_scene"",
      ""version"": ""v1.0_CAROUSEL_RIDE_ROMCOM_WARM_LIGHTS_POSE_LOCK"",
      ""priority"": ""highest""
    },
    ""references"": {
      ""female_reference_image"": {
        ""slot"": 1,
        ""purpose"": ""FEMALE_IDENTITY_LOCK"",
        ""strict_identity_lock"": true,
        ""no_beautify"": true
      },
      ""male_reference_image"": {
        ""slot"": 2,
        ""purpose"": ""MALE_IDENTITY_LOCK"",
        ""strict_identity_lock"": true,
        ""no_beautify"": true
      },
      ""composition_reference_image"": {
        ""source"": ""UPLOAD_REFERENCE_IMAGE (OPTIONAL)"",
        ""purpose"": ""EXACT_COMPOSITION_LIGHTING_WARDROBE_ENV_LOCK"",
        ""strict_lock"": true,
        ""no_layout_drift"": true,
        ""preserve_framing"": true
      }
    },
    ""output_settings"": {
      ""aspect_ratio"": ""4:5"",
      ""orientation"": ""portrait"",
      ""resolution"": ""ultra_high_res"",
      ""render_style"": ""ultra_photoreal_cinematic_lifestyle"",
      ""sharpness"": ""crisp_faces_natural_texture"",
      ""film_grain"": ""subtle_analog"",
      ""color_grade"": ""warm_carnival_golden""
    },
    ""hard_constraints"": [
      ""Chỉ có đúng 2 người (một nữ, một nam)."",
      ""Khuôn mặt phải khớp với ảnh tham chiếu đã tải lên với độ tương đồng tối đa (không biến dạng, không lệch nhận dạng)."",
      ""Chỉ ảnh chân thực: kết cấu da tự nhiên, không dùng bộ lọc làm đẹp, không làm mịn da nhân tạo."",
      ""Bối cảnh vòng quay ngựa gỗ: trần nhà trang trí công phu có thể nhìn thấy + bóng đèn ấm áp + cột vòng quay ngựa gỗ + ngựa gỗ được sơn."",
      ""Khớp logic tư thế tham chiếu: cặp đôi trên ngựa gỗ, nhìn nhau và mỉm cười."",
      ""Không có chữ có thể đọc được, không logo, không hình mờ."",
      ""Giải phẫu chính xác: tay nắm cột tự nhiên, tư thế ngồi trên ngựa gỗ thực tế.""
    ],
    ""camera"": {
      ""style"": ""ảnh phong cách điện ảnh"",
      ""lens"": ""35mm"",
      ""aperture"": ""f/2.0"",
      ""focus"": ""sắc nét trên cả hai khuôn mặt, làm mờ nhẹ nhàng hậu cảnh"",
      ""shutter_speed"": ""1/125"",
      ""iso"": 800,
      ""white_balance"": ""warm_tungsten_carnival""
    },
    ""lighting"": {
      ""type"": ""bóng đèn vòng quay ngựa gỗ + ánh sáng xung quanh ấm áp"",
      ""contrast"": ""trung bình"",
      ""highlights"": ""ánh sáng phản chiếu mềm mại trên tóc và vải denim, kiểm soát trên da"",
      ""shadows"": ""mềm mại, chuyển tiếp tự nhiên""
    },
    ""prompt"": {
      ""scene_summary"": ""Cảnh phim lãng mạn hài hước siêu chân thực, đậm chất điện ảnh trên vòng quay ngựa gỗ trong nhà vào ban đêm. Trần vòng quay ngựa gỗ trang trí công phu chiếm phần trên của khung hình với các chi tiết trang trí cổ điển và hàng bóng đèn phát sáng ấm áp. Ở tiền cảnh, đầu ngựa gỗ và cột vòng quay ngựa gỗ có thể nhìn thấy, với các chi tiết cổ điển phong phú (viền vàng, điểm nhấn yên ngựa đầy màu sắc). \n\nChỉ có hai người: người nam ngồi thấp hơn một chút trên ngựa gỗ, hai tay nắm cột dọc và nhìn lên người nữ với nụ cười dịu dàng. Người nữ ngồi trên con ngựa kế bên, hơi nghiêng về phía anh ấy, mỉm cười đáp lại một cách ấm áp. Khuôn mặt của họ là""
    }
  }
}","[""https://cms-assets.youmind.com/media/1768890707867_4q2zcp_G_DcduGWQAAl3Hr.jpg""]","{""name"":""Özge Döner"",""url"":""https://x.com/astronomerozge1""}",https://x.com/astronomerozge1/status/2013351484008620139,"Chân dung, Nhóm người, Nhiếp ảnh, Điện ảnh, 3D, Cổ điển, Nhân vật, Xe cộ, Văn bản, Logo, Meme"
44,Bài đăng trên mạng xã hội - Cảnh hôn trong thang máy siêu thực như phim điện ảnh,"Một JSON prompt rất cụ thể để tạo ra một bức ảnh tĩnh siêu chân thực, mang phong cách điện ảnh về một cặp đôi đang hôn nhau bên trong thang máy, được đóng khung bởi cánh cửa vàng đang khép hờ. Nó yêu cầu khóa nhận diện nghiêm ngặt (cần ảnh tham chiếu), khung hình chụp lén mang tính voyeuristic và ánh sáng vàng ấm để gợi lên không khí của một khách sạn sang trọng.","{
  ""generation_request"": {
    ""meta_data"": {
      ""tool"": ""NanoBanana Pro"",
      ""task_type"": ""photoreal_modern_romance"",
      ""version"": ""v1.0_ELEVATOR_DOORS_KISS_CINEMATIC_EN"",
      ""priority"": ""highest"",
      ""language"": ""vi""
    },
    ""references"": {
      ""reference_image_1"": {
        ""source"": ""UPLOAD_REFERENCE_IMAGE (OPTIONAL)"",
        ""purpose"": ""COMPOSITION_MOOD_ANCHOR"",
        ""strict_lock"": false,
        ""preserve_mood"": true
      },
      ""reference_image_female"": {
        ""source"": ""UPLOAD_REFERENCE_IMAGE (OPTIONAL)"",
        ""purpose"": ""FACE_IDENTITY_LOCK_FEMALE"",
        ""strict_lock"": true,
        ""face_similarity_priority"": ""MAX"",
        ""no_identity_blending"": true,
        ""no_beautify"": true,
        ""no_age_shift"": true,
        ""preserve_skin_texture"": true,
        ""preserve_facial_proportions"": true
      },
      ""reference_image_male"": {
        ""source"": ""UPLOAD_REFERENCE_IMAGE (OPTIONAL)"",
        ""purpose"": ""FACE_IDENTITY_LOCK_MALE"",
        ""strict_lock"": true,
        ""face_similarity_priority"": ""MAX"",
        ""no_identity_blending"": true,
        ""no_beautify"": true,
        ""no_age_shift"": true,
        ""preserve_skin_texture"": true,
        ""preserve_facial_proportions"": true
      }
    },
    ""global_constraints"": {
      ""rating"": ""PG-13"",
      ""no_explicit_sexual_content"": true,
      ""no_nudity"": true,
      ""no_text"": true,
      ""no_logos"": true,
      ""no_watermark"": true
    },
    ""output_settings"": {
      ""aspect_ratio"": ""9:16"",
      ""orientation"": ""portrait"",
      ""resolution_target"": ""ultra_high_res"",
      ""render_style"": ""ultra_photoreal_cinematic_film_still"",
      ""sharpness"": ""crisp_but_natural"",
      ""film_grain"": ""subtle_35mm"",
      ""color_grade"": ""warm_amber_luxury_hotel"",
      ""dynamic_range"": ""natural_not_hdr"",
      ""skin_rendering"": ""real_texture_no_retouch""
    },
    ""global_rules"": {
      ""camera_language"": ""85mm, long-shot through partially closing elevator doors, centered symmetry, voyeuristic candid framing, shallow depth of field"",
      ""lighting_language"": ""warm tungsten practicals inside elevator, dim hallway outside, cinematic contrast without HDR"",
      ""authenticity_markers"": ""no AI glow, no over-sharpening, realistic shadows, natural film halation""
    },
    ""creative_prompt"": {
      ""scene_summary"": ""Một khoảnh khắc điện ảnh, siêu chân thực được nhìn từ hành lang: một cặp đôi đang hôn nhau bên trong thang máy khi cánh cửa thang máy màu vàng gần như đã đóng lại, chỉ còn một khe hẹp theo chiều dọc để nhìn thấy họ. Bối cảnh tạo cảm giác như một tòa nhà cổ sang trọng hoặc khách sạn với những bức tường đá và thang máy bằng đồng cổ điển."",
      ""subjects"": {
        ""count"": 2,
        ""description"": ""một cặp đôi trưởng thành thực sự, thanh lịch và hiện đại"",
        ""expression"": ""đam mê nhưng tinh tế, thân mật và vui vẻ"",
        ""skin_and_face"": ""kết cấu thật, không chỉnh sửa, lỗ chân lông tự nhiên""
      },
      ""pose_and_micro_action"": ""Người đàn ông nghiêng người để hôn; một tay vòng qua eo cô gái. Người phụ nữ""
    }
  }
}","[""https://cms-assets.youmind.com/media/1768890674871_fl0e5p_G_DVyG6XQAAVcDg.jpg""]","{""name"":""Özge Döner"",""url"":""https://x.com/astronomerozge1""}",https://x.com/astronomerozge1/status/2013344143116734757,"Chân dung, Nhóm người, Nhiếp ảnh, Điện ảnh, 3D, Cổ điển, Nhân vật, Thành phố, Văn bản, Logo, UI/UX"
50,Infographic / Hình ảnh giáo dục - Khoa học ẩm thực Diorama: Hóa học của sô cô la,"Một lời nhắc phức tạp, có cấu trúc để tạo ảnh chụp mô hình diorama 'Khoa học Ẩm thực', đặc biệt minh họa hóa học của một món ăn như sô cô la hoặc caramel. Cảnh này có một hộp trưng bày hình chữ L, phông nền bảng tuần hoàn với các mẫu trong đĩa Petri, một mô hình nhà khoa học tỷ lệ 1:12 và các chữ cái 3D đùn khổng lồ được làm từ chính món ăn đó, được thể hiện theo phong cách đối xứng 'Wes Anderson'.","thực hiện điều này cho {argument name=""Food Item"" default=""caramel""} <instruction>
 
Đầu vào A là một Món ăn hoặc Thực phẩm phức tạp (ví dụ: Sô cô la, Bánh mì, Phô mai, Cà phê).
Phân tích đối tượng thành 3 Lớp Khoa học:
     Các Trạng thái Vật chất: Xác định 4–5 giai đoạn chế biến.
         (ví dụ: Hạt ca cao -> Nibs -> Rượu -> Bột. Lúa mì -> Bột mì -> Bột nhào -> Vụn bánh).
     Các Mẫu Kết cấu: Xác định các đặc tính vật lý để hiển thị dưới dạng mẫu.
         (ví dụ: Độ giòn/Độ bóng cho Sô cô la. Độ xốp/Vỏ bánh cho Bánh mì. Vỏ/Độ béo ngậy cho Phô mai).
     Vật liệu: Xác định chất liệu cho văn bản 3D.
         (ví dụ: Sô cô la đen đúc, Vỏ bánh mì nướng, Sáp cứng/Phô mai).

  2. Hộp đựng:
Mục tiêu: Nhiếp ảnh Diorama ""Khoa học Ẩm thực"".
     Sân khấu: Một Hộp trưng bày hình chữ L (Tấm nền dọc + Sàn ngang).
     Hoàn thiện: Nhựa màu Kem hoặc Trắng mờ, sạch sẽ, giống như một bộ dụng cụ giáo dục cao cấp hoặc một triển lãm bảo tàng.
     Khung: Một khung gỗ hoặc nhựa đơn giản bao quanh cảnh.

  3. Nền Bảng tuần hoàn:
     Lưới: Bức tường dọc có một lưới gọn gàng, đối xứng gồm các Đĩa Petri hoặc Bát gốm hình tròn.
     Nội dung: Mỗi đĩa chứa một mẫu ""Trạng thái Vật chất"" (Bước 1).
     Các Mẫu: Bên dưới các đĩa là các ô vuông hiển thị ""Các Mẫu Kết cấu"" (ví dụ: một ô vuông sô cô la được làm nóng chảy hoàn hảo bên cạnh một ô đã bị nở hoa).
     Nhãn: Văn bản khoa học nhỏ, dễ đọc (phông chữ Serif) được in trực tiếp trên tường dưới mỗi mẫu.

  4. Sàn (Phòng thí nghiệm):
     Câu chuyện: Một nhà Khoa học hoặc Đầu bếp (mặc áo khoác phòng thí nghiệm) tỷ lệ 1:12 đứng tại một bàn làm việc bằng gỗ ở trung tâm.
     Thiết bị: Bàn làm việc lộn xộn với sự kết hợp của Dụng cụ thủy tinh hóa học (Cốc, Bình) và Dụng cụ nấu ăn (Dụng cụ đánh trứng, Cân).
     Thí nghiệm: Nhân vật đang tích cực thử nghiệm hoặc đo lường sản phẩm thực phẩm.

  5. Kiểu chữ:
     Vị trí: Các Chữ 3D đùn, dày, lớn đứng ở rìa phía trước của sàn, đóng vai trò như một rào cản.
     Cấu tạo: Các chữ cái được làm từ chính thực phẩm đó (ví dụ: ""THE CHEMISTRY OF CHOCOLATE"" được đúc bằng sô cô la đen).
     Văn bản: ""THE CHEMISTRY OF {argument name=""Input A"" default=""CHOCOLATE""}"".

  Đầu ra: MỘT hình ảnh, Tỷ lệ khung hình 1:1, Ánh sáng sản phẩm Studio, Đối xứng ""Wes Anderson"", Thẩm mỹ giáo dục.
</instruction>","[""https://cms-assets.youmind.com/media/1768804323526_yo8sqc_G-1VmdxWgAAhdsk.jpg"",""https://cms-assets.youmind.com/media/1768804323346_v3d1rj_G-1VmdqW0AA6LfW.jpg""]","{""name"":""Gadgetify"",""url"":""https://x.com/Gdgtify""}",https://x.com/Gdgtify/status/2012873106348482898,"Nhiếp ảnh, Minh họa, 3D, Sản phẩm, Đồ ăn, Nhân vật, Động vật, Xe cộ, Văn bản, Giáo dục"
54,Infographic / Hình ảnh giáo dục - Các mô hình thu nhỏ 3D Isometric của nhân vật truyền hình phương Tây,"Một lời nhắc để tạo các mô hình thu nhỏ 3D đẳng cự siêu chân thực, cách điệu và chi tiết về các nhân vật chính từ một bộ phim truyền hình miền Tây nước Mỹ. Các mô hình được đặt trên đường phố trong bối cảnh nền trắng tinh khiết, thể hiện các động tác đặc trưng khác nhau dưới ánh sáng studio dịu nhẹ.","Các mô hình thu nhỏ 3D đẳng cấo, siêu chân thực, được cách điệu và cực kỳ chi tiết thể hiện các nhân vật chính của loạt phim truyền hình {argument name=""TV series genre"" default=""miền Tây nước Mỹ""}. Mỗi nhân vật thể hiện một động tác đặc trưng khác nhau, trong khi ánh sáng studio dịu nhẹ tạo ra hiệu ứng ánh sáng và bóng đổ tuyệt đẹp. Các mô hình 3D có độ chi tiết cao được đặt trên {argument name=""setting"" default=""những con phố thành phố""} trên nền trắng tinh khiết.","[""https://cms-assets.youmind.com/media/1768631173816_nsi334_G-ybd-ObcAERfOr.jpg""]","{""name"":""Favori"",""url"":""https://x.com/yuanguand""}",https://x.com/yuanguand/status/2012154187669545207,"Nhiếp ảnh, 3D, Nhân vật, Thành phố, Giáo dục"
61,Hình thu nhỏ trên YouTube - Lời nhắc tạo ảnh bìa phong cách Dan,"Một lời nhắc được thiết kế để tạo ảnh bìa theo phong cách của 'Dan' (có thể là một người sáng tạo hoặc phong cách phổ biến), được chia sẻ để sử dụng với Youmind, tích hợp Nano Banana Pro, cho phép người dùng tạo ảnh bìa ấn tượng về mặt hình ảnh.","Một hình ảnh bìa cực kỳ chi tiết, chuyên nghiệp và ấn tượng về mặt thị giác cho một bài đăng blog về {argument name=""topic"" default=""các công cụ AI""}. Hình ảnh nên có thiết kế gọn gàng, hiện đại với kiểu chữ đậm và bảng màu tối giản, nhấn mạnh {argument name=""visual focus"" default=""công nghệ và sự đổi mới""}. Sử dụng ánh sáng tương phản cao, ấn tượng và độ sâu trường ảnh nông để thu hút sự chú ý vào chủ thể trung tâm. Phong cách nên là chân thực như ảnh chụp và mang tính điện ảnh, tương tự như nhiếp ảnh biên tập công nghệ cao cấp. Tỷ lệ khung hình 16:9.","[""https://cms-assets.youmind.com/media/1768890713390_rvgiu0_G-_iXbSWAAAcLCn.jpg""]","{""name"":""日拱一卒王小楼"",""url"":""https://x.com/wang_xiaolou""}",https://x.com/wang_xiaolou/status/2013076983018881159,"Nhiếp ảnh, Điện ảnh, Tối giản, Nhân vật, Văn bản"
66,Hình thu nhỏ trên YouTube - Cận cảnh Sophie Turner trong vai Lara Croft,"Một lời nhắc cực kỳ chi tiết cho bức chân dung cận cảnh điện ảnh cực đoan của Sophie Turner trong vai Lara Croft. Nó tập trung vào các kết cấu sống động như mồ hôi, bùn và bụi bẩn trên da cô, ánh sáng có độ tương phản cao để làm nổi bật các đường nét trên khuôn mặt, và các chi tiết kỹ thuật như ống kính macro 85mm để lấy nét sắc nét vào biểu cảm dữ dội của cô.","Chân dung cận cảnh cực độ của {argument name=""subject"" default=""Sophie Turner""} trong vai {argument name=""character"" default=""Lara Croft""}, được đóng khung theo tỷ lệ khung hình dọc 9:16, tập trung cao độ vào khuôn mặt, đường quai hàm và cổ của cô. Cô được ghi lại trong khoảnh khắc tạm dừng, một tay giơ lên mặt khi cô nhẹ nhàng giữ gọng chiếc kính râm tròn, màu đỏ đặc trưng của mình. Làn da của cô được thể hiện với chi tiết siêu thực, với các lỗ chân lông có thể nhìn thấy và một lớp mồ hôi mỏng; những hạt mồ hôi lớn, lấp lánh chảy dài trên trán và dọc theo cổ cô. Những vệt bùn đen, thô ráp và đất khô được phết một cách nghệ thuật trên xương gò má và xương quai xanh của cô.
Ánh sáng tương phản cao và đậm chất điện ảnh, với ánh sáng chính sắc nét chiếu vào một bên mặt cô để nhấn mạnh độ ẩm trên da và các đường nét sắc sảo trên cấu trúc khuôn mặt, trong khi ánh sáng viền tinh tế tách cô ra khỏi nền tối, đầy không khí. Đôi mắt cô sắc bén và tập trung, nhìn thẳng qua ống kính với vẻ mặt dữ dội, phong trần. Các kết cấu rất chân thực: kim loại bóng bẩy và kính đỏ của chiếc kính, những sợi tóc đen ẩm ướt của cô được kéo ra sau, và chất liệu vải gân guốc, thô ráp của chiếc áo ba lỗ màu xanh mòng két của cô có thể nhìn thấy ở cuối khung hình cùng với lớp da nâu sờn cũ của bộ dây đeo vai chiến thuật của cô. Được chụp bằng ống kính macro 85mm, f/2.8, tạo độ sâu trường ảnh nông giữ cho tiêu điểm sắc nét trên các đặc điểm khuôn mặt và hạt bụi bẩn trong khi làm mờ nhẹ nhàng hậu cảnh.","[""https://cms-assets.youmind.com/media/1768631126384_n64n5i_G-za_UJXYAAO9We.jpg""]","{""name"":""QuestGlitch"",""url"":""https://x.com/AIRevSpot""}",https://x.com/AIRevSpot/status/2012223926244614153,"Chân dung, Nhiếp ảnh, Điện ảnh, Nhân vật"
67,Hình thu nhỏ trên YouTube - Hình thu nhỏ YouTube: Phản ứng của Trump trước Chatham House,"Một lời nhắc để tạo hình thu nhỏ YouTube có tác động mạnh với cấu trúc hình ảnh cụ thể: hình cắt Trump chiến thắng ở bên phải và một nhân vật doanh nghiệp bị sốc (người đứng đầu Chatham House) ở bên trái, phủ lên trên là dòng chữ 'THEY CONFESSED'. Đây là một lời nhắc đồ họa theo phong cách chính trị/tin tức.","Hình thu nhỏ YouTube có tác động cao. Cấu trúc hình ảnh: Bên phải: Một hình cắt lớn, được chiếu sáng tốt của {argument name=""figure 1"" default=""Trump đang cười tự mãn hoặc trông đắc thắng với động tác \""giơ ngón cái\"" và nụ cười tự tin""}. Ông ấy nên hơi quay mặt sang trái. Bên trái/Nền: Một bức ảnh tối, u ám của người phụ nữ [ảnh đính kèm] với vẻ mặt sốc, phản ứng với Trump. Cô ấy đang ở trong một phòng họp công ty tối tăm với logo Chatham House. Văn bản (Trên cùng, chính giữa, màu vàng tươi): ""{argument name=""headline"" default=""HỌ ĐÃ THÚ NHẬN""}""","[""https://cms-assets.youmind.com/media/1768468540222_5coi91_G-qCL3rXAAAlpnS.png""]","{""name"":""Adam Sturman"",""url"":""https://x.com/adamsturman23""}",https://x.com/adamsturman23/status/2011563498183053690,"Nhân vật, Văn bản, Logo"
68,Hình thu nhỏ trên YouTube - Mẫu Lịch Trình Hàng Tuần Cho VTuber,"Một lời nhắc chi tiết được thiết kế cho Nano Banana Pro để tạo một mẫu lịch trình hàng tuần tông màu pastel sạch sẽ, phẳng và dễ thương, phù hợp cho VTuber và streamer. Nó bao gồm các hướng dẫn bố cục cụ thể, thông số kỹ thuật kích thước (1920x1080, 16:9) và các quy tắc nghiêm ngặt về việc đưa văn bản vào và không gian trống để tổng hợp nhân vật sau này.","Tạo một hình ảnh mẫu ""Lịch trình hàng tuần"" cho các VTuber và streamer.
Ngang 16:9, kích thước 1920x1080, thiết kế phẳng, gọn gàng, giống bản in (phong cách vector). Tổng thể nên có tông màu pastel dễ thương (màu sắc nhẹ nhàng như hồng nhạt, xanh bạc hà, tím lavender), ưu tiên khả năng đọc mà không bị lộn xộn.

Thông số bố cục:
・Đặt phần lịch trình căn trên cùng, chiếm 60% bên trái màn hình.
・7 hàng (Các ngày trong tuần: ""Thứ Hai, Thứ Ba, Thứ Tư, Thứ Năm, Thứ Sáu, Thứ Bảy, Chủ Nhật"").
・Mỗi hàng bao gồm một ""Nhãn ngày (huy hiệu tròn nhỏ)"" + ""Ô trống ngang để viết kế hoạch.""
・Ô trống phải hoàn toàn trống. Tuyệt đối không bao gồm văn bản mẫu (ví dụ: 'Kế hoạch tại đây', 'MẪU', 'GHI CHÚ', v.v.).
・40% bên phải màn hình là không gian trống để sau này tổng hợp hình ảnh nhân vật đứng. Không vẽ người, động vật, linh vật hoặc hình bóng. Nền chỉ nên là một gradient mờ nhạt và các họa tiết trừu tượng tinh tế của các ngôi sao/trái tim/chấm nhỏ.

Thông số văn bản:
・Văn bản duy nhất cần đưa vào là ""Weekly Schedule"" và ""Mon Tue Wed Thu Fri Sat Sun"" (bằng tiếng Nhật).
・Không bao gồm bất kỳ văn bản nào khác (SNS, phạm vi ngày, cảnh báo, logo, hashtag, hình mờ).
・Phông chữ nên là kiểu Gothic bo tròn, dễ đọc và rõ ràng ngay cả trên nền trắng.

Hoàn thiện:
・Đảm bảo có đủ lề xung quanh chu vi, và các yếu tố ở phía bên trái và bên phải không chồng chéo.
・Không có logo.","[""https://cms-assets.youmind.com/media/1768468609160_85lvra_G-lyvW7bYAAmJxG.jpg""]","{""name"":""ひいらぎまる"",""url"":""https://x.com/hiiragimaruru""}",https://x.com/hiiragimaruru/status/2011264976816918697,"Minh họa, Nhân vật, Động vật, Văn bản, Trừu tượng, Logo"
69,Hình thu nhỏ trên YouTube - Trình tạo Diorama Sách Pop-Up của Master Prop Maker,"Một lời nhắc hướng dẫn hệ thống phức tạp được thiết kế để tạo ra một bức ảnh chụp cận cảnh, siêu thực về một mô hình sách pop-up dựa trên tiêu đề phim hoặc sách do người dùng cung cấp, yêu cầu AI phân tích tài liệu nguồn về quần xã sinh vật, xung đột, vật chứa và tính vật chất để xây dựng cảnh.","Thực hiện cho Kẻ Hủy Diệt: <instructions> Biến số đầu vào: [CHÈN TIÊU ĐỀ] (ví dụ: {argument name=""title example 1"" default=""Moby Dick""}, {argument name=""title example 2"" default=""Jurassic Park""}, The Odyssey, Star Wars)

Hướng dẫn hệ thống:
Hãy đóng vai một Thợ làm đạo cụ bậc thầy. Tạo một bức ảnh macro siêu thực về một ""Diorama Sách Pop-Up"".
1. Phân tích pháp y:
Phân tích Tiêu đề đầu vào để xác định các thành phần hình ảnh:
Hệ sinh thái: Xác định bối cảnh chính (ví dụ: Đại dương, Rừng rậm, Không gian, Sa mạc).
Xung đột: Xác định Kẻ phản diện hoặc Quái vật (ví dụ: Cá voi trắng, Khủng long T-Rex, Darth Vader).
Phương tiện/Anh hùng: Xác định phương tiện chính hoặc nhân vật chính (ví dụ: The Pequod, The Jeep, The Millennium Falcon).
Chất liệu: Xác định kết cấu của thế giới (ví dụ: Gỗ & Nước; Hổ phách & Lá; Kim loại & Các vì sao).
2. Vật chứa (Cuốn sách mở):
Đối tượng: Một cuốn sách bìa cứng lớn, cổ điển, bọc da, nằm phẳng trên một chiếc bàn gỗ.
Sự biến đổi: Cuốn sách được mở ra ở giữa. Các trang không chỉ nằm phẳng; chúng biến đổi vật lý thành ""Hệ sinh thái"" được xác định trong Bước 1.
Ví dụ: Nếu là Đại dương, các trang biến thành sóng nhựa hỗn loạn. Nếu là Sa mạc, chúng biến thành cồn cát.
3. Kiểu chữ (Tiêu đề nổi):
Văn bản: [Tiêu đề đầu vào] nổi lên từ phong cảnh dưới dạng các chữ cái khối 3D khổng lồ.
Tích hợp: Các chữ cái phải tương tác với môi trường.
Kết cấu: Các chữ cái được làm từ vật liệu trong câu chuyện (ví dụ: Gỗ trôi, Đá, Xương).
Vị trí: Sóng vỗ vào các chữ cái; dây leo quấn quanh các chữ cái.
4. Cảnh hành động:
QUAN TRỌNG: Xây dựng một cảnh cụ thể bằng cách sử dụng các mô hình thu nhỏ trên đầu cuốn sách.
Mối đe dọa: Đặt ""Kẻ phản diện"" lờ mờ ở hậu cảnh (ví dụ: Cá voi nhô lên phía sau văn bản).
Anh hùng: Đặt ""Phương tiện"" hoặc ""Nhân vật chính"" đang di chuyển trên địa hình ở tiền cảnh (ví dụ: Một con tàu nhỏ lắc lư trên sóng).
Tỷ lệ: Cảnh phải trông giống như một bộ mô hình cao cấp (tỷ lệ 1:87).
5. Ánh sáng & Bầu không khí:
Đèn: Một chiếc đèn bàn bằng đồng cổ điển có thể nhìn thấy ở góc, chiếu ""ánh sáng đọc sách"" ấm áp, định hướng vào cảnh.
Bầu không khí: Chủ nghĩa hiện thực huyền ảo. Nước phải lấp lánh; sương mù phải cuộn xoáy.
Độ sâu: Độ sâu trường ảnh nông để làm mờ cạnh bàn, giữ lấy nét vào cuốn sách.
Đầu ra: MỘT hình ảnh, Tỷ lệ khung hình 16:9, Nhiếp ảnh thu nhỏ điện ảnh, Độ phân giải 8k.
</instructions>","[""https://cms-assets.youmind.com/media/1768467021160_zumxv2_G-bzqD1WMAEn1k3.jpg""]","{""name"":""Gadgetify"",""url"":""https://x.com/Gdgtify""}",https://x.com/Gdgtify/status/2011090875447984276,"Nhiếp ảnh, Điện ảnh, 3D, Cổ điển, Thiên nhiên, Nhân vật, Động vật, Văn bản"
71,"Hình thu nhỏ trên YouTube - Lời nhắc ảnh tĩnh video ""Nhà sư đưa ra lời khuyên cuộc sống""","Một prompt có cấu trúc để tạo ra hình ảnh tĩnh 4K chân thực của một nhà sư Phật giáo lớn tuổi đang đưa ra lời khuyên cuộc sống trong sân chùa truyền thống ở Đông Á. Prompt chỉ định ngoại hình, trang phục, vật thể (kinh sách, nến) của nhà sư và cài đặt máy ảnh (iPhone 17 Pro, dọc 9:16) để mô phỏng tính thẩm mỹ của một video lan truyền trên mạng xã hội.","{
  ""scene_type"": ""sân_chùa_giảng_dạy_tâm_linh"",
  ""setting"": {
    ""location"": ""sân_chùa_Phật_giáo_ngoài_trời"",
    ""background"": {
      ""architecture"": ""ngôi_chùa_Đông_Á_truyền_thống_với_những_đường_chạm_khắc_gỗ_tinh_xảo, các_cột_màu_đỏ_và_mái_ngói_cong"",
      ""nature"": ""những_hàng_cây_xanh_tươi_bên_trái"",
      ""ground"": ""nền_đá_xám"",
      ""weather"": ""trời_âm_u_đến_ánh_sáng_tự_nhiên_dịu_nhẹ""
    }
  },
  ""subject"": {
    ""type"": ""nhà_sư_lớn_tuổi"",
    ""position"": ""ngồi_kiết_già_trên_mặt_đất"",
    ""pose"": ""ngồi_sau_một_chiếc_bàn_thấp, nói_trực_tiếp_vào_máy_quay"",
    ""expression"": ""chân_thành, khôn_ngoan_và_mang_tính_hướng_dẫn"",
    ""appearance"": {
      ""hair"": {
        ""style"": ""cạo_trọc"",
        ""color"": ""không_có""
      },
      ""skin_features"": ""da_lão_hóa_với_nhiều_nếp_nhăn_sâu"",
      ""eye_color"": ""màu_tối""
    },
    ""clothing"": {
      ""top"": ""áo_trong_màu_xám_nhạt_với_áo_choàng_ngoài_màu_vàng_nghệ_vắt_qua_vai"",
      ""bottom"": ""vải_áo_choàng_màu_vàng_nghệ_che_chân""
    },
    ""accessories"": []
  },
  ""objects"": [
    {
      ""type"": ""đồ_nội_thất"",
      ""name"": ""bàn_gỗ_thấp"",
      ""material"": ""gỗ_sáng_màu"",
      ""position"": ""tiền_cảnh_phía_trước_nhà_sư""
    },
    {
      ""type"": ""sách"",
      ""name"": ""kinh_sách_mở_rộng"",
      ""state"": ""mở_với_các_cột_văn_bản_có_thể_nhìn_thấy"",
      ""position"": ""trên_bàn_gỗ""
    },
    {
      ""type"": ""nguồn_sáng"",
      ""name"": ""nến"",
      ""color"": ""sáp_trắng"",
      ""state"": ""đang_cháy_với_ngọn_lửa_nhỏ_màu_vàng"",
      ""position"": ""trên_bàn_cạnh_sách""
    }
  ],
  ""camera"": {
    ""device"": ""iPhone 17 Pro"",
    ""angle"": ""ngang_tầm_mắt"",
    ""framing"": ""cảnh_trung"",
    ""orientation"": ""chân_dung_dọc_9:16"",
    ""quality"": ""ảnh_tĩnh_video_4k, độ_nét_cao, lấy_nét_sắc_bén""
  },
  ""mood"": ""thanh_tịnh, triết_lý, mang_tính_giáo_huấn"",
  ""lighting"": ""ánh_sáng_tự_nhiên_dịu_nhẹ, khuếch_tán"",
  ""image_style"": ""video_mạng_xã_hội_lan_truyền, chân_thực"",
  ""activity"": ""nhà_sư_đang_truyền_đạt_lời_khuyên_về_cuộc_sống""
}","[""https://cms-assets.youmind.com/media/1768319143757_f02xwd_G-cqsRYaAAA-kBL.jpg""]","{""name"":""Lore"",""url"":""https://x.com/l_w_lorenzen""}",https://x.com/l_w_lorenzen/status/2010622716475482593,"Nhiếp ảnh, Điện ảnh, Thiên nhiên, Nội thất, Nhân vật, Thời trang, UI/UX"
72,Hình thu nhỏ trên YouTube - Tạo Prompt Hình thu nhỏ cho Nội dung Bán hàng (Brain/Tips/Note),"Một lời nhắc hệ thống có cấu trúc được thiết kế để sử dụng với Nano Banana Pro nhằm tạo ra các hình thu nhỏ bắt mắt, ""có thể bán được"" chất lượng cao cho các nền tảng nội dung trực tuyến như Brain, Tips và Note. Lời nhắc xác định vai trò là một nhà thiết kế đồ họa chuyên nghiệp và cung cấp hướng dẫn phong cách thiết kế chi tiết, bao gồm bố cục, bảng màu, kiểu chữ và các trường nhập liệu bắt buộc để tùy chỉnh.","# Vai trò

Bạn là một nhà thiết kế đồ họa chuyên nghiệp, tạo ra những hình ảnh bắt mắt, ""có khả năng bán được"" cho Brain, Tips và note.

# Nhiệm vụ

Sử dụng [Tiêu đề] và [Slogan phụ] bên dưới để tạo một hình thu nhỏ chất lượng cao, dễ nhìn, truyền tải sự uy tín và kỳ vọng.

# Phong cách thiết kế

- Bố cục: Dựa trên bố cục của hình ảnh đính kèm.

1. [Trên cùng]: Đặt một dải (huy hiệu) màu đen, bo tròn góc ở phía trên bên trái và viết [Từ thành tựu/khẩn cấp] vào đó.

2. [Giữa trên]: Đặt [Slogan phụ] bằng chữ in đậm màu trắng (có viền cam hoặc vàng).

3. [Giữa]: Đặt [Tiêu đề] chính bằng chữ in đậm, cỡ lớn, trải rộng khắp màn hình. Màu chữ phải là màu nổi bật nhất, tương phản với nền, chẳng hạn như ""chuyển màu từ vàng sang trắng"" hoặc ""phát sáng neon"", với nhiều viền và đổ bóng để tạo hiệu ứng ba chiều.

4. [Dưới cùng]: Đặt hai ""Hộp lợi ích"" (hình chữ nhật) ở bên trái và bên phải. Đặt một dải ruy băng hoặc huy hiệu có nhãn ""Lợi ích 01"" và ""Lợi ích 02"" phía trên mỗi hộp. Viết [Nội dung lợi ích] bên trong các hộp.

5. [Trang trí]: Đặt một nhân vật dễ thương hoặc trí tuệ (người hoặc động vật) liên quan đến chủ đề ở cạnh trái hoặc phải của màn hình.

- Bảng màu: Độ bão hòa cao và màu sắc tràn đầy năng lượng dựa trên [Màu chủ đạo mong muốn].
- Nền: Nền đồ họa có chiều sâu, không phải màu đơn sắc, rải rác các biểu tượng liên quan đến chủ đề (ví dụ: SNS, tiền, biểu đồ).

# Dữ liệu đầu vào

- 【Màu chủ đạo】: {argument name=""main color"" default=""Hệ thống màu xanh""}
- 【Từ thành tựu/khẩn cấp】: {argument name=""achievement/urgency word"" default=""Đạt 100k trong 5 ngày tham gia!""}
- 【Slogan phụ】: {argument name=""sub-catchphrase"" default=""Không cần tạo sản phẩm! Không cần thành tích cũng OK! Chỉ trong 1 tháng""}
- 【Tiêu đề】: {argument name=""title"" default=""Khóa học chiến lược Threads × Tiếp thị liên kết""}
- 【Nội dung lợi ích 01】: {argument name=""benefit 01 content"" default=""10 ngày đăng bài bán hàng thực tế""}
- 【Nội dung lợi ích 02】: {argument name=""benefit 02 content"" default=""Bao gồm công cụ tạo tự động bằng AI""}

# Ràng buộc

- Hiển thị chính xác văn bản tiếng Nhật.
- Sử dụng phông chữ Gothic hoặc phông thiết kế dày, mạnh mẽ.
- Xuất ra với tỷ lệ khung hình 16:9.","[""https://cms-assets.youmind.com/media/1768319238633_so1f3r_G-SQYQjaoAATtF_.jpg""]","{""name"":""まみや@AIで1.7億"",""url"":""https://x.com/akihitomamiya""}",https://x.com/akihitomamiya/status/2010592584083849622,"Tương lai, Sản phẩm, Nhân vật, Động vật, Văn bản"
75,Truyện tranh / Bảng phân cảnh - Lưới bảng phân cảnh sản phẩm 3x3 cho danh mục thương hiệu,"Một lời nhắc phức tạp, đa khung được thiết kế để biến một hình ảnh tham chiếu duy nhất thành một lưới bảng phân cảnh 3x3 gắn kết cho một danh mục đầu tư thương hiệu cao cấp. Nó yêu cầu tuân thủ nghiêm ngặt nhận diện sản phẩm tham chiếu trên tất cả chín bảng, mỗi bảng mô tả sản phẩm từ một góc độ, bối cảnh hoặc cận cảnh khác nhau, tập trung vào thiết kế, chất liệu và nhịp điệu thị giác.","Tạo MỘT hình ảnh cuối cùng.

Một lưới storyboard sạch 3×3 [tỷ lệ] với chín ô vuông có kích thước bằng nhau [tỷ lệ] trên tỷ lệ [4:5].

Sử dụng hình ảnh tham khảo làm cơ sở sản phẩm tham khảo. Giữ nguyên sản phẩm, thiết kế bao bì, thương hiệu, vật liệu, màu sắc, tỷ lệ và nhận diện tổng thể trên tất cả chín ô vuông chính xác như hình tham khảo. Sản phẩm phải luôn dễ nhận biết rõ ràng trong mọi khung hình. Nhãn, logo và tỷ lệ phải giữ nguyên chính xác.

Storyboard này là một bản trình bày mockup thiết kế cao cấp dành cho portfolio thương hiệu. Trọng tâm là hình thức, bố cục, vật liệu và nhịp điệu thị giác hơn là tính chân thực hoặc câu chuyện đời sống. Tổng thể phải mang lại cảm giác được tuyển chọn, mang tính biên tập và định hướng thiết kế.

KHUNG HÌNH 1:
Ảnh sản phẩm chụp chính diện trong một thiết lập studio sạch sẽ. Nền trung tính, bố cục cân bằng, trình bày sản phẩm một cách điềm tĩnh và tự tin.

KHUNG HÌNH 2:
Ảnh cận cảnh tập trung vào phần giữa của sản phẩm. Tập trung vào kết cấu bề mặt, vật liệu và chi tiết in ấn.

KHUNG HÌNH 3:
Hiển thị sản phẩm tham khảo được đặt trong một môi trường phù hợp tự nhiên với thương hiệu và danh mục sản phẩm. Thiết lập studio được lấy cảm hứng từ các yếu tố thiết kế và màu sắc của sản phẩm.

KHUNG HÌNH 4:
Sản phẩm được hiển thị đang sử dụng hoặc tương tác trên nền studio trung tính. Các yếu tố tay và tương tác được tối thiểu hóa và tiết chế, vẻ ngoài phù hợp với phong cách của bao bì.

KHUNG HÌNH 5:
Bố cục isometric hiển thị nhiều sản phẩm được sắp xếp theo một trật tự hình học chính xác từ góc isometric trên cùng. Tất cả các sản phẩm được đặt ở cùng một góc isometric trên cùng, cách đều nhau, sạch sẽ, có cấu trúc và đồ họa.

KHUNG HÌNH 6:
Sản phẩm lơ lửng hơi nghiêng trên nền trung tính phù hợp với bảng màu của hình ảnh tham khảo. Vị trí nổi được tạo góc và có chủ ý, sản phẩm lơ lửng tự nhiên trong không gian.

KHUNG HÌNH 7:
Là một ảnh cận cảnh cực độ tập trung vào một chi tiết cụ thể của nhãn, cạnh, kết cấu hoặc đặc tính vật liệu.

KHUNG HÌNH 8:
Sản phẩm trong một bối cảnh bất ngờ nhưng có tính thẩm mỹ mạnh mẽ, mang lại cảm giác táo bạo, mang tính biên tập và ấn tượng về mặt thị giác.
Bối cảnh bất ngờ nhưng được tạo kiểu rất cao. Dựa trên studio và định hướng thiết kế. Bố cục táo bạo nâng tầm thương hiệu.

KHUNG HÌNH 9:
Bố cục rộng hiển thị sản phẩm đang sử dụng, được đặt trong một thiết lập thiết kế tinh tế. Các đạo cụ sạch sẽ, tạo kiểu được kiểm soát, gắn kết với phần còn lại của series.

MÁY ẢNH & PHONG CÁCH:
Hình ảnh studio chất lượng cực cao với giao diện máy ảnh thực. Các góc máy ảnh và khung hình khác nhau trên các khung hình. Độ sâu trường ảnh được kiểm soát, ánh sáng chính xác, vật liệu và phản xạ chính xác. Logic ánh sáng, bảng màu, tâm trạng và ngôn ngữ thị giác phải nhất quán trên tất cả chín ô vuông như một series gắn kết.

ĐẦU RA:
Một lưới 3×3 sạch sẽ không có đường viền, không có văn bản, không có chú thích và không có hình mờ.","[""https://cms-assets.youmind.com/media/1768890742033_jktw5p_G_FaISRWkAAHtDT.jpg"",""https://cms-assets.youmind.com/media/1768890742112_v27ays_G_FaISSXMAArcKp.jpg"",""https://cms-assets.youmind.com/media/1768890742437_dtia2h_G_FaISSXUAApmZI.jpg""]","{""name"":""Vi"",""url"":""https://x.com/tehno_maniak""}",https://x.com/tehno_maniak/status/2013489628456636867,"Nhiếp ảnh, Sản phẩm, Nhân vật, Logo"
77,Truyện tranh / Bảng phân cảnh - Biến ảnh thành 4 phong cách nhân vật sống động,"Một lời nhắc hướng dẫn mô hình biến đổi một bức ảnh gốc thành bốn phong cách nhân vật siêu thực, cực kỳ chi tiết khác nhau. Lời nhắc chỉ định một bức ảnh cận cảnh trung bình, góc rộng với các góc máy cực kỳ năng động và tư thế mạnh mẽ, yêu cầu ảnh gốc làm đầu vào.","Biến bức ảnh gốc thành một bộ 4 nhân vật với phong cách khác nhau, đầy kịch tính, chân thực như ảnh chụp, cực kỳ chi tiết, mỗi nhân vật là một cảnh quay cận cảnh góc rộng với góc máy cực kỳ năng động và tư thế mạnh mẽ trong một phiên bản nhất quán, mở rộng.","[""https://cms-assets.youmind.com/media/1768890733945_a7ah2z_G_C_nrkXAAAUMQN.jpg""]","{""name"":""ANKIT PATEL 🇮🇳 | AI"",""url"":""https://x.com/Ankit_patel211""}",https://x.com/Ankit_patel211/status/2013319725795934590,Nhân vật
78,Truyện tranh / Bảng phân cảnh - Người thật hóa thân thành nhân vật truyện tranh trong thành phố tương lai,"Một lời nhắc tiếng Nhật được sử dụng với Gemini (Nano Banana Pro) và DeeVid AI để tạo video. Lời nhắc mô tả một kịch bản trong đó những người đàn ông và phụ nữ ngoài đời thực bị hút vào một cuốn truyện tranh, biến thành các nhân vật truyện tranh và tạo dáng cuối cùng trước khung cảnh thành phố tương lai. Đây là một ví dụ về lời nhắc tường thuật phức tạp dành cho video AI.","Những người đàn ông và phụ nữ ngoài đời thực bị hút vào một cuốn truyện tranh, biến thành các nhân vật truyện tranh và tạo dáng cuối cùng của hình ảnh trước bối cảnh thành phố tương lai.","[""https://cms-assets.youmind.com/media/1768890729764_1bd0iq_G_Al8FHWwAAwLlD.jpg""]","{""name"":""Takuya,中村卓也,나카무라 타쿠야"",""url"":""https://x.com/nkmr_sun""}",https://x.com/nkmr_sun/status/2013150952207929449,"Tương lai, Nhân vật, Thành phố"
79,Truyện tranh / Bảng phân cảnh - Biến đổi Cyborg tinh tế trong tàu điện ngầm,"Một lời nhắc rất chi tiết để tạo ra một bức ảnh tĩnh điện ảnh siêu thực về một người phụ nữ trên chuyến tàu điện ngầm đang di chuyển, tập trung vào sự biến đổi cyborg tinh tế, giai đoạn đầu (mạch điện phát quang sinh học mờ nhạt, ánh kim cơ học trong một mắt) và một thẩm mỹ khoa học viễn tưởng căng thẳng, thực tế.","{
  ""type"": ""image_generation_prompt"",
  ""language"": ""Tiếng Việt"",
  ""style"": ""ảnh tĩnh điện ảnh siêu thực"",
  ""aspect_ratio"": ""16:9"",
  ""subject"": {
    ""gender"": ""nữ"",
    ""pose"": {
      ""position"": ""đứng một mình"",
      ""orientation"": ""ở giữa, đối diện máy ảnh"",
      ""posture"": ""tĩnh lặng, điềm tĩnh, hơi căng thẳng""
    },
    ""appearance"": {
      ""hood"": ""mặc áo khoác có mũ trùm đầu"",
      ""face"": {
        ""skin_texture"": ""da người chân thực, tự nhiên như ảnh chụp"",
        ""cyborg_transition"": {
          ""stage"": ""giai đoạn đầu"",
          ""details"": [
            ""mạch điện phát quang sinh học mờ nhạt hầu như không nhìn thấy dưới da"",
            ""ánh sáng dịu nhẹ dọc theo một bên má và bên cổ"",
            ""kín đáo và chân thực, không phóng đại""
          ],
          ""eyes"": {
            ""left_or_right_eye"": ""một bên mắt phản chiếu ánh sáng lạnh, cơ khí nhưng vẫn giữ phần lớn nét người""
          }
        }
      },
      ""expression"": ""trung tính nhưng mãnh liệt, đầy dự cảm, bình tĩnh với sự căng thẳng tiềm ẩn""
    }
  },
  ""environment"": {
    ""location"": ""bên trong một chuyến tàu điện ngầm đang di chuyển"",
    ""interior"": {
      ""walls"": ""kim loại chải xước"",
      ""poles"": ""cột thép thẳng đứng"",
      ""floor"": ""sàn công nghiệp cũ kỹ"",
      ""lighting"": ""đèn huỳnh quang mờ, nhấp nháy""
    },
    ""windows"": {
      ""outside_view"": ""hiệu ứng nhòe chuyển động cho thấy tốc độ và sự di chuyển""
    }
  },
  ""lighting"": {
    ""type"": ""ánh sáng điện ảnh tự nhiên"",
    ""contrast"": ""độ tương phản dịu"",
    ""mood"": ""lạnh lẽo, căng thẳng, kín đáo""
  },
  ""color_palette"": {
    ""primary_tones"": [""màu xanh lam bão hòa thấp"", ""màu xám lạnh""],
    ""saturation"": ""thấp, dịu""
  },
  ""camera"": {
    ""depth_of_field"": ""độ sâu trường ảnh nông"",
    ""focus"": ""sắc nét vào khuôn mặt và phần thân trên của người phụ nữ"",
    ""style"": ""ảnh tĩnh điện ảnh cao cấp""
  },
  ""atmosphere"": {
    ""mood"": ""căng thẳng, đầy dự cảm, trước khi biến đổi"",
    ""genre"": ""chủ nghĩa hiện thực khoa học viễn tưởng"",
    ""aesthetic"": ""thực tế, tinh tế, chân thực""
  },
  ""quality"": {
    ""realism"": ""chân thực như ảnh chụp"",
    ""detail_level"": ""cao"",
    ""skin_detail"": ""lỗ chân lông và kết cấu tự nhiên có thể nhìn thấy""
  },
  ""constraints"": [
    ""Không có yếu tố khoa học viễn tưởng phóng đại"",
    ""Không có ánh sáng huyền ảo hoặc hiệu ứng neon"",
    ""Không có phong cách hoạt hình hoặc minh họa"",
    ""Không có ánh sáng quá chói"",
    ""Các yếu tố cyborg phải giữ sự tinh tế và chân thực""
  ],
  ""output_goal"": ""Tạo một hình ảnh điện ảnh chân thực như ảnh chụp về một người phụ nữ đứng một mình bên trong một chuyến tàu điện ngầm đang di chuyển, ghi lại sự biến đổi cyborg giai đoạn đầu tinh tế với tâm trạng căng thẳng, đầy dự cảm và chủ nghĩa hiện thực khoa học viễn tưởng thực tế.""
}","[""https://cms-assets.youmind.com/media/1768890648607_yjt9k8_G_AIfUMXwAE1ZOC.jpg""]","{""name"":""𝗦𝗮𝗻𝗶𝗮"",""url"":""https://x.com/saniaspeaks_""}",https://x.com/saniaspeaks_/status/2013118390630744196,"Chân dung, Nhiếp ảnh, Điện ảnh, Minh họa, Anime, Tương lai, Nội thất, Nhân vật, Văn bản, UI/UX"
80,Truyện tranh / Bảng phân cảnh - Kết xuất Phong cách Tiểu thuyết Đồ họa (Thẩm mỹ Sin City),"Lời nhắc này được thiết kế để tạo ảnh từ ảnh, lấy một hình ảnh đã tải lên và hiển thị các đối tượng theo phong cách truyện tranh đồ họa tương phản cao, rõ nét, chịu ảnh hưởng nặng nề từ Sin City của Frank Miller. Nó yêu cầu bóng sâu, gạch chéo đậm, đường viền mực dày và nền trống rỗng hoàn toàn chỉ với những điểm nhấn màu trắng rõ nét.","Các chủ thể từ hình ảnh được tải lên được thể hiện theo phong cách tiểu thuyết đồ họa tương phản cao, mạnh mẽ, lấy cảm hứng sâu sắc từ phong cách Sin City của Frank Miller. Những bóng đổ sâu, không khoan nhượng định hình cấu trúc cơ bắp và biểu cảm khắc nghiệt, sử dụng kỹ thuật gạch chéo đậm và đường viền mực dày thay vì đổ bóng truyền thống. Ánh sáng chiaroscuro đầy kịch tính nhấn mạnh sự căng thẳng giữa hai nhân vật, với chỉ những điểm sáng trắng nổi bật xuyên qua bố cục chủ yếu là màu đen, trên nền trống rỗng hoàn toàn, trông giống như một khung truyện tranh mạnh mẽ, độc đáo.","[""https://cms-assets.youmind.com/media/1768890739480_1d3phh_G-9u8TdXkAENVpG.jpg""]","{""name"":""Dominus the Prompter"",""url"":""https://x.com/iamdomprompt""}",https://x.com/iamdomprompt/status/2012949546389643603,"Nhân vật, Thành phố"
82,Truyện tranh / Bảng phân cảnh - Lưới gợi ý kể chuyện theo phong cách phim độc lập,"Một JSON prompt phức tạp, có cấu trúc được thiết kế để tạo ra một lưới kể chuyện gồm 5 hình ảnh với phong cách điện ảnh độc lập thử nghiệm. Nó tập trung vào khoảnh khắc yên bình, hoài niệm của một chàng trai trẻ tại một trạm xe buýt bỏ hoang, nhấn mạnh chủ nghĩa hiện thực thô mộc, độ tương phản thấp và bố cục không hoàn hảo để mô phỏng một cảnh được nhớ lại.","{
  ""concept"": ""một khoảnh khắc tĩnh lặng gợi cảm giác như được hồi ức hơn là chụp ảnh"",
  ""subject"": {
    ""type"": ""chàng trai trẻ"",
    ""age"": ""đầu tuổi 20"",
    ""presence"": ""tinh tế, gần như không được chú ý trong khung hình"",
    ""expression"": ""cảm xúc kìm nén, đôi mắt gợi lên những suy nghĩ chưa hoàn thành"",
    ""skin_tone"": ""tông màu tự nhiên, dịu nhẹ với những điểm không đều trong đời thực"",
    ""features"": ""khuôn mặt không tạo dáng, tư thế thư thái, những khuyết điểm của con người được giữ nguyên""
  },
  ""scene"": {
    ""environment"": ""trạm xe buýt ngoài trời bị bỏ hoang gần lòng sông cạn"",
    ""location"": ""mái che bê tông nứt nẻ, biển báo phai màu, cỏ dại cao mọc um tùm"",
    ""props"": ""ghế dài cũ, ba lô sờn cũ, thời khóa biểu giấy rách"",
    ""time_of_day"": ""chiều muộn ngay trước khi hoàng hôn xanh mờ dần"",
    ""weather"": ""không khí tĩnh lặng, những hạt bụi li ti lơ lửng""
  },
  ""composition"": {
    ""style"": ""lưới kể chuyện 5 hình ảnh, kể chuyện phi tuyến tính"",
    ""shots"": [
      ""cận cảnh cực độ ngón tay đặt trên ghế, tiêu cự nông"",
      ""hình ảnh phản chiếu của chủ thể trên bề mặt kim loại bị trầy xước, khuôn mặt bị biến dạng một phần"",
      ""cảnh trung bình từ phía sau, chủ thể ngồi và hơi gù lưng"",
      ""góc nghiêng được đóng khung qua những ngọn cỏ cao ở tiền cảnh"",
      ""cảnh tĩnh rộng nơi chủ thể xuất hiện nhỏ bé, gần như hòa tan vào không gian""
    ],
    ""camera_angles"": ""quan sát, không hoàn hảo, hơi lệch tâm"",
    ""framing"": ""mất cân bằng có chủ ý, không gian âm chiếm ưu thế trong khung hình""
  },
  ""lighting"": {
    ""type"": ""ánh sáng ban ngày tự nhiên còn sót lại"",
    ""quality"": ""ánh sáng mềm mại, mờ dần, năng lượng thấp"",
    ""color_temperature"": ""màu xanh lam lạnh, bão hòa thấp với những gợi ý của sự mục rữa ấm áp"",
    ""shadows"": ""tinh tế, không rõ ràng, chân thực""
  },
  ""visual_style"": {
    ""mood"": ""hoài niệm, lơ lửng, cảm xúc kìm nén"",
    ""color_grading"": ""tông màu nhạt nhòa với sự phân tách màu sắc nhẹ nhàng"",
    ""contrast"": ""rất thấp, gần như phẳng"",
    ""film_look"": ""phim độc lập thử nghiệm / thẩm mỹ lưu trữ ký ức"",
    ""realism"": ""thô mộc, chống bóng bẩy, không hoàn hảo có chủ ý""
  },
  ""camera_settings"": {
    ""lens"": ""ống kính kiểu tài liệu 40mm–58mm"",
    ""depth_of_field"": ""lấy nét chọn lọc, đôi khi mềm mại"",
    ""focus"": ""ưu tiên bầu không khí hơn độ sắc nét""
  },
  ""quality"": {
    ""resolution"": ""4K"",
    ""detail"": ""kết cấu tự nhiên, dấu hiệu hao mòn rõ ràng, bề mặt chân thực"",
    ""noise"": ""hạt nhiễu hữu cơ giống như phim được quét"",
    ""artifacts"": ""không có, không có biến dạng AI""
  }
}","[""https://cms-assets.youmind.com/media/1768804207523_ob7epm_G-7TrcpWYAAxxO1.jpg""]","{""name"":""Harboriis"",""url"":""https://x.com/harboriis""}",https://x.com/harboriis/status/2012778831330099383,"Nhiếp ảnh, Điện ảnh, Nhân vật, Xe cộ"
85,Truyện tranh / Bảng phân cảnh - Mô hình LEGO Diorama thu nhỏ bối cảnh phim kinh dị 'The Nun',"Một lời nhắc JSON sáng tạo để tạo cảnh mô hình LEGO thu nhỏ mô tả phim trường của bộ phim kinh dị 'The Nun'. Nó bao gồm các mô tả chi tiết về nội thất đá Gothic, nhân vật nữ tu LEGO và nhiều thành viên đoàn làm phim LEGO minifigure (người quay phim, người cầm micro boom, đạo diễn) tương tác với thiết bị làm phim, tất cả được thể hiện bằng ánh sáng điện ảnh kịch tính, độ tương phản cao.","{
  ""scene_overview"": {
    ""setting"": ""Nội thất đá kiểu Gothic giống bối cảnh nhà thờ hoặc thánh đường"",
    ""environment_style"": ""Mô hình LEGO thu nhỏ"",
    ""location_type"": ""Trường quay / sản xuất phim hậu trường"",
    ""time_of_day"": ""Trong nhà, ánh sáng được kiểm soát (tâm trạng đêm điện ảnh)"",
    ""atmosphere"": ""Điện ảnh, kỳ quái, sân khấu, được kiểm soát"",
    ""mood"": ""Hài hước đen tối, ma quái, vui tươi, sáng tạo"",
    ""genre_influence"": [""Kinh dị"", ""Làm phim hậu trường"", ""Kỳ ảo""]
  },

  ""primary_subject"": {
    ""type"": ""Nhân vật LEGO minifigure"",
    ""role"": ""Nữ tu / nhân vật kinh dị"",
    ""appearance"": {
      ""outfit"": ""Áo nữ tu đen với cổ áo trắng"",
      ""face"": ""Mặt trắng bệch, mắt trũng đen, biểu cảm kỳ quái"",
      ""accessories"": ""Dây chuyền thánh giá"",
      ""pose"": ""Đứng yên, đối diện về phía trước""
    },
    ""positioning"": {
      ""location"": ""Nằm ở trung tâm trong một vòm đá lớn"",
      ""background"": ""Hốc hoặc buồng được chiếu sáng màu xanh lam rực rỡ""
    }
  },

  ""supporting_characters"": {
    ""crew_members"": [
      {
        ""role"": ""Người quay phim"",
        ""object_interaction"": ""Vận hành một máy quay phim LEGO lớn"",
        ""position"": ""Phía trước bên trái, ngồi trên xe đẩy máy quay""
      },
      {
        ""role"": ""Người điều khiển micro boom"",
        ""object_interaction"": ""Giữ micro boom hướng về phía chủ thể"",
        ""position"": ""Phía trên bên trái tiền cảnh""
      },
      {
        ""role"": ""Kỹ thuật viên ánh sáng"",
        ""object_interaction"": ""Giữ một tấm phản sáng hình chữ nhật"",
        ""position"": ""Bên phải, đặt trên giá đỡ""
      },
      {
        ""role"": ""Người điều khiển bảng vỗ"",
        ""object_interaction"": ""Giữ một bảng vỗ"",
        ""position"": ""Phía trước trung tâm bên phải""
      },
      {
        ""role"": ""Đạo diễn / Giám sát kịch bản"",
        ""object_interaction"": ""Giữ bảng kẹp và giấy tờ"",
        ""position"": ""Phía dưới bên phải tiền cảnh""
      }
    ],
    ""style"": ""Tất cả các nhân vật đều là LEGO minifigure với tông màu da vàng và nhiều kiểu tóc khác nhau""
  },

  ""props_and_equipment"": {
    ""film_equipment"": [
      ""Máy quay phim LEGO"",
      ""Xe đẩy máy quay trên đường ray"",
      ""Micro boom có kính chắn gió lông"",
      ""Tấm phản sáng"",
      ""Bảng vỗ"",
      ""Màn hình hiển thị nhân vật nữ tu"",
      ""Dây cáp cuộn trên sàn""
    ],
    ""architectural_elements"": [
      ""Tường gạch đá"",
      ""Cửa vòm lớn"",
      ""Hốc tường lõm"",
      ""Sàn đá lát gạch""
    ]
  },
  ""lighting"": {
    ""primary_light"": ""Ánh sáng xanh lục lam mạnh từ phía sau nữ tu"",
    ""secondary_lighting"": ""Ánh sáng studio trung tính ấm áp trên đoàn làm phim và tiền cảnh"",
    ""contrast"": ""Độ tương phản cao giữa nền xanh lạnh và tông màu tiền cảnh ấm áp"",
    ""style"": ""Ánh sáng điện ảnh, kịch tính, lấy cảm hứng kinh dị""
  },

  ""color_palette"": {
    ""dominant_colors"": [""Xám đậm"", ""Đen"", ""Xanh lục lam""],
    ""accent_colors"": [""Vàng ấm (""
  }
}","[""https://cms-assets.youmind.com/media/1768631179842_bt4bpk_G-wvqjobQAIEqnQ.jpg""]","{""name"":""Chandan Singh"",""url"":""https://x.com/cbsingh_oo3""}",https://x.com/cbsingh_oo3/status/2012035545812385829,"Chân dung, Điện ảnh, Nội thất, Nhân vật, Xe cộ, Thời trang, Văn bản, UI/UX, Meme"
86,Truyện tranh / Bảng phân cảnh - Lưới khác biệt biểu cảm của nữ chính,"Một prompt tiếng Nhật cố gắng sử dụng Nano Banana Pro để tạo ra một lưới 16 ô hiển thị các biểu cảm khuôn mặt khác nhau (sự khác biệt về biểu cảm) của một nữ anh hùng, dựa trên một hình ảnh tham chiếu. Prompt chỉ định rằng ô trên cùng bên trái phải là hình ảnh gốc, và 15 ô còn lại phải hiển thị các biến thể trong khi vẫn giữ nguyên phong cách nghệ thuật, tương tự như chức năng tham chiếu giả trong các mô hình cũ hơn.",Tạo các biểu cảm khác nhau cho nhân vật nữ chính. Hiển thị chúng trên màn hình 16 ô. Ô trên cùng bên trái sẽ là hình ảnh gốc. 15 ô còn lại sẽ hiển thị các biến thể biểu cảm khác nhau.,"[""https://cms-assets.youmind.com/media/1768544877373_9olwvv_G-rYHaibQAEAX1W.jpg"",""https://cms-assets.youmind.com/media/1768544877331_a78rtk_G-rYOXja4AA4LhO.jpg""]","{""name"":""SenY"",""url"":""https://x.com/YuuriAmemiya""}",https://x.com/YuuriAmemiya/status/2011658251960721685,Nhân vật
87,Truyện tranh / Bảng phân cảnh - Bảng phân cảnh ba bức về cặp đôi điện ảnh siêu chân thực,"Một lời nhắc JSON bị ràng buộc cao được thiết kế để tạo ra một bức tranh bộ ba (ba tấm dọc) về một cặp đôi trên xích đu, yêu cầu khóa nhận dạng nghiêm ngặt cho cả hai đối tượng và khóa bố cục chính xác dựa trên hình ảnh tham chiếu. Lời nhắc chỉ định kết xuất siêu chân thực, ánh sáng điện ảnh (ống kính 28mm, f/2.8) và các ràng buộc chi tiết để đảm bảo hành động (treo ngược, đẩy) và khuôn mặt được bảo toàn hoàn hảo trên cả ba tấm.","{
  ""generation_request"": {
    ""meta_data"": {
      ""tool"": ""NanoBanana Pro"",
      ""task_type"": ""photoreal_cinematic_couple_triptych_storyboard"",
      ""version"": ""v1.1_SWING_SET_TRIPTYCH_PLAYFUL_UPSIDE_DOWN_ULTRA_REAL"",
      ""priority"": ""highest""
    },
    ""references"": {
      ""female_reference_image"": {
        ""slot"": 1,
        ""purpose"": ""FEMALE_IDENTITY_LOCK"",
        ""strict_identity_lock"": true,
        ""face_similarity_priority"": ""MAX"",
        ""no_identity_blending"": true,
        ""preserve_age_gender"": true,
        ""preserve_skin_texture"": true,
        ""preserve_facial_proportions"": true,
        ""no_beautify"": true,
        ""no_makeup_invention"": true
      },
      ""male_reference_image"": {
        ""slot"": 2,
        ""purpose"": ""MALE_IDENTITY_LOCK"",
        ""strict_identity_lock"": true,
        ""face_similarity_priority"": ""MAX"",
        ""no_identity_blending"": true,
        ""preserve_age_gender"": true,
        ""preserve_skin_texture"": true,
        ""preserve_facial_proportions"": true,
        ""no_beautify"": true,
        ""no_makeup_invention"": true
      },
      ""composition_reference_image"": {
        ""source"": ""UPLOAD_REFERENCE_IMAGE (REQUIRED_FOR_LAYOUT_LOCK)"",
        ""purpose"": ""EXACT_TRIPTYCH_LAYOUT_COMPOSITION_ACTION_LOCK"",
        ""strict_lock"": true,
        ""no_layout_drift"": true,
        ""preserve_framing"": true,
        ""preserve_pose_logic"": true,
        ""preserve_panel_spacing"": true
      }
    },
    ""output_settings"": {
      ""aspect_ratio"": ""4:5"",
      ""orientation"": ""portrait"",
      ""resolution"": ""ultra_high_res"",
      ""render_style"": ""true_photoreal_cinematic_lifestyle"",
      ""sharpness"": ""natural_camera_sharpness_not_ai"",
      ""film_grain"": ""subtle_35mm_analog"",
      ""color_grade"": ""natural_warm_film_neutral_skin"",
      ""dynamic_range"": ""natural_not_hdr"",
      ""skin_rendering"": ""real_microtexture_pores_peachfuzz_no_plastic"",
      ""compression_artifacts"": ""none""
    },
    ""hard_constraints"": [
      ""Chỉ có đúng 2 người (một nữ, một nam)."",
      ""Khuôn mặt phải khớp với các ảnh tham chiếu đã tải lên với độ tương đồng tối đa (không lệch nhận dạng)."",
      ""Bố cục triptych: BA bảng ngang xếp chồng theo chiều dọc trong một ảnh 4:5, chính xác như ảnh tham chiếu bố cục."",
      ""Bối cảnh là bộ xích đu sân chơi ngoài trời, các hành động giống như tham chiếu: treo ngược người vui đùa + đẩy + vươn tay về phía máy ảnh."",
      ""Khuôn mặt phải hiển thị rõ ràng và dễ nhận biết trong TẤT CẢ BA bảng (không có tóc che kín mặt, không quá mờ)."",
      ""Giải phẫu học siêu thực; tay/ngón tay chính xác; nếp gấp quần áo và trọng lực thực tế."",
      ""Hình học của bộ xích đu phải chính xác về mặt vật lý (khung kim loại thẳng, mắt xích đúng, không bị biến dạng)."",
      ""Không có chữ, không có logo, không có hình mờ.""
    ],
    ""camera"": {
      ""style"": ""real_cinematic_lifestyle_photo"",
      ""lens"": ""28mm_full_frame"",
      ""distortion"": ""realistic_28mm_mild_edge_distortion_controlled"",
      ""aperture"": ""f/2.8""
    }
  }
}","[""https://cms-assets.youmind.com/media/1768468569920_isda2w_G-pfFU6bQAIiBBT.jpg""]","{""name"":""Özge Döner"",""url"":""https://x.com/astronomerozge1""}",https://x.com/astronomerozge1/status/2011524755480809767,"Chân dung, Nhóm người, Nhiếp ảnh, Điện ảnh, 3D, Nhân vật, Văn bản, Logo, UI/UX"
91,Truyện tranh / Bảng phân cảnh - Chân dung siêu thực với phối cảnh cưỡng bức (người khổng lồ và người tí hon),"Một lời nhắc chụp ảnh tổng hợp siêu thực, siêu thực sử dụng phối cảnh cưỡng bức để tạo ra sự khác biệt về tỷ lệ ấn tượng. Nó có cận cảnh cực độ một người đàn ông 'khổng lồ' (khuôn mặt khớp với tham chiếu, há hốc mồm kinh ngạc) với bàn tay nâng niu một phiên bản tí hon của một người đàn ông. Kỹ thuật quay phim sử dụng ống kính chân dung 85mm với độ sâu trường ảnh nông, làm mờ hậu cảnh thành hiệu ứng bokeh mịn màng, nhấn mạnh sự phi lý và tính chân thực của cảnh với độ trung thực của Octane Render.","Một bức ảnh tổng hợp siêu thực, siêu thực tế sử dụng phối cảnh cưỡng bức để tạo ra sự khác biệt về tỷ lệ ấn tượng, với cận cảnh cực gần ở góc nghiêng bên phải của một người đàn ông có khuôn mặt được tải lên làm tham chiếu, biểu cảm của anh ta là kinh ngạc há hốc mồm với miệng hơi mở khi anh ta nhìn xuống. Bàn tay to lớn của anh ta vươn ra mặt phẳng tiêu cự ở bên trái, lòng bàn tay ngửa và mở, nâng niu một phiên bản nhỏ xíu của một người đàn ông đang đứng trực tiếp trên da lòng bàn tay; hình người thu nhỏ mặc áo phông đen và quần kaki màu be rộng, được chụp ở tư thế năng động, hơi khom lưng như thể đang giữ thăng bằng hoặc phản ứng với người khổng lồ. Kỹ thuật quay phim sử dụng độ sâu trường ảnh nông với ống kính chân dung 85mm, giữ cho góc nghiêng của người khổng lồ và hình người thu nhỏ sắc nét trong khi làm mờ hậu cảnh—một nội thất gia đình tông màu ấm với tủ gỗ màu nâu đỏ và các hình dạng màu xanh lam mơ hồ—thành một hiệu ứng bokeh mềm mại, mượt mà. Ánh sáng ấm áp và tự nhiên, gợi ý nguồn sáng vonfram trong nhà, làm nổi bật kết cấu da, lông mặt và tán xạ dưới bề mặt trên khuôn mặt của người khổng lồ, được hiển thị ở độ phân giải 8k với độ chân thực của Octane Render, nhấn mạnh sự phi lý và chân thực của chủ đề ""thu nhỏ"".

Người đàn ông phải được nhìn thấy hoàn toàn","[""https://cms-assets.youmind.com/media/1768466954561_rv5r8j_G-iiLTyaAAEMUOW.jpg""]","{""name"":""Duet | AI"",""url"":""https://x.com/Sheldon056""}",https://x.com/Sheldon056/status/2011035560593309925,"Chân dung, Nhiếp ảnh, 3D, Nội thất, Nhân vật"
92,Truyện tranh / Bảng phân cảnh - Lời nhắc hệ thống Gemini để tạo Manga 10 trang trong Nano Banana Pro,"Một mẫu lời nhắc hệ thống chi tiết được thiết kế cho Gemini để hoạt động như một nhà văn truyện tranh chuyên nghiệp và giám đốc nghệ thuật AI. Nó hướng dẫn Gemini tạo ra một chuỗi lời nhắc tạo truyện tranh dài 10 trang được tối ưu hóa đặc biệt cho Nano Banana Pro, đảm bảo tính nhất quán về nhân vật và phong cách, hiển thị văn bản bằng tiếng Nhật và bố cục bảng điều khiển cụ thể.","Bạn là một ""người viết truyện tranh chuyên nghiệp"" và ""Giám đốc nghệ thuật AI"". Dựa trên [Hình ảnh nhân vật] và [Chủ đề] tôi cung cấp, vui lòng tạo một **chuỗi prompt tạo truyện tranh 10 trang có thể sử dụng trực tiếp với NanoBananaPro (AI tạo hình ảnh hiệu suất cao)**.

## Yêu cầu sản xuất (Tối ưu hóa kết hợp NanoBananaPro)
1. **Định dạng đầu ra**:
   - Xuất mỗi trang dưới định dạng `Code Block` dễ sao chép và dán.
   - **Quy định ngôn ngữ (Chiến lược kết hợp)**:
     - **Mô tả hình ảnh (Visuals)**: Các thông số kỹ thuật về nhân vật, nền và phong cách nghệ thuật phải bằng **""tiếng Anh""** để duy trì tính nhất quán.
     - **Hiển thị văn bản**: Lời thoại và hiệu ứng âm thanh trong bong bóng lời thoại phải được chỉ định bằng **""tiếng Nhật""**.
     - **Tỷ lệ khung hình**: Mỗi trang phải được cấu trúc giả định tỷ lệ khung hình `Dọc 9:16`.

2. **Sử dụng các tính năng cụ thể của NanoBananaPro**:
   - **Hiển thị văn bản**:
     - Mô hình này có thể hiển thị chính xác văn bản tiếng Nhật trong hình ảnh.
     - Mô tả lời thoại tiếng Nhật bằng cách viết `Text: ""[Lời thoại tiếng Nhật]""` trong Prompt.
     - **Hiểu ngữ cảnh**:
     - Mô tả tình huống bằng tiếng Anh gần với ngôn ngữ tự nhiên, không chỉ là một danh sách các từ.

3. **Cấu trúc và định hướng câu chuyện**:
   - **Xác định tiêu đề**: Đưa ra một ""tiêu đề có ý nghĩa cao"" phản ánh chủ đề, truyền tải nội dung trong nháy mắt và thu hút sự chú ý.
     - **Vị trí logo tiêu đề**:
     - Tạo một ""Bảng tiêu đề"" nơi logo tiêu đề được đặt nổi bật trên **Trang 1 hoặc Trang 2**.
     - **Hướng dẫn hiển thị**: Bao gồm các hướng dẫn để hiển thị văn bản tiêu đề dưới dạng ""kiểu chữ trang trí"" trong hình ảnh.
     - **Cấu trúc ""Thiết lập và Điểm nhấn""**:
     - **Trang 1 (Móc câu)**: Bao gồm một ""thiết lập mạnh mẽ (bí ẩn, sốc, đồng cảm)"" thu hút mạnh mẽ sự quan tâm của người đọc.
     - **Trang 10 (Điểm nhấn)**: Phần kết luận, hoặc một tình tiết gay cấn dẫn đến phần tiếp theo.

4. **Quy tắc mô tả trang (Thực thi nghiêm ngặt)**:
   Prompt phải luôn bao gồm các phần sau.
   
   - **Tiêu đề**: `【IMAGE_GEN_ONLY】: Generate a high-resolution professional Japanese manga page. Full Color. Vertical 9:16. 4K.`
   
   - **【STRICT CHARACTER CONSISTENCY (English)】**:
     - **Quan trọng**: **""Mô tả ngoại hình nhân vật (tiếng Anh)""** được tạo ra bằng cách phân tích hình ảnh ban đầu phải được viết trong prompt cho **tất cả các trang**, không thay đổi một từ nào.
     - **Nghiêm cấm**: ""Bỏ qua"" hoặc ""Như trên"" bị **nghiêm cấm**. Toàn bộ định nghĩa phải được viết ra mỗi lần.
     - Ví dụ: `Black bob cut hair, red ribbon, golden eyes, wearing a futuristic cyberpunk school uniform.`
   
   - **【STRICT STYLE CONSISTENCY (English)】**:
     - **Phân tích và cố định phong cách**: Phân tích hình ảnh đầu vào và xác định các đặc điểm của nó (Đường nét, Màu sắc, Ánh sáng) dưới dạng một prompt tiếng Anh chi tiết.
     - **Nghiêm cấm**: Điều này cũng bị **cấm** ""bỏ qua"". Xuất toàn bộ văn bản mỗi lần.
     - Ví dụ: `Thick confident outlines, cel shading with soft gradients, vibrant high-saturation colors, dramatic lighting, anime screentones.`

   - **【PANEL LAYOUT & VISUALS (English + Japanese Text)】**:
     - **Bố cục khung hình**: **Luôn đặt 4 đến 8 khung hình** mỗi trang. (Cấm 3 khung hình trở xuống)
     - **Mô tả nội dung**:
       - `Panel 1 (Top-Right):`
       - `Visual: [Mô tả hành động/góc nhìn bằng tiếng Anh]`
       - `Text: ""[Lời thoại tiếng Nhật trong bong bóng]""`

   - **【PAGE NUMBERING】**:
     - Hướng dẫn hiển thị số trang (ví dụ: ""1"") nhỏ ở góc dưới bên phải.

## Ví dụ mẫu đầu ra

### Trang X

【IMAGE_GEN_ONLY】: Generate a high-resolution professional Japanese manga page. Full Color. Vertical 9:16. --ar 9:16

# STRICT CHARACTER CONSISTENCY (DO NOT CHANGE)
[Dán Mô tả chính xác nhân vật bằng tiếng Anh vào đây... KHÔNG VIẾT TẮT]

# STRICT STYLE CONSISTENCY (DO NOT CHANGE)
[Dán Mô tả chính xác phong cách bằng tiếng Anh vào đây... KHÔNG VIẾT TẮT]

# PAGE NUMBER
Small clear text ""X"" in the bottom-right corner.

# PANEL LAYOUT & VISUALS (Target: 5-8 Panels, Top-Right to Bottom-Left)

## Panel 1 (Top-Right):
- Visual: [English description of the scene and action]
- Text: ""[Japanese Dialogue]""","[""https://cms-assets.youmind.com/media/1768319218713_3ak8ru_G-cuRjib0AAQ6Tn.jpg""]","{""name"":""かし子🍩"",""url"":""https://x.com/Kashiko_AIart""}",https://x.com/Kashiko_AIart/status/2010636586137100687,"Điện ảnh, Anime, Cổ điển, Tương lai, Nhân vật, Văn bản, Logo, UI/UX"
93,Truyện tranh / Bảng phân cảnh - Lưới gợi ý tường thuật ký ức hoài niệm,"Một lời nhắc phức tạp, đa ảnh được thiết kế để tạo ra một lưới kể chuyện gồm 5 hình ảnh với tính thẩm mỹ của một bộ phim độc lập thử nghiệm, tập trung vào một chàng trai trẻ trong một trạm xe buýt bỏ hoang vào buổi tối muộn. Lời nhắc nhấn mạnh độ tương phản thấp, màu sắc bão hòa thấp, sự không hoàn hảo có chủ đích và tập trung vào bầu không khí hơn là độ sắc nét để gợi lên cảm giác ký ức và sự kiềm chế cảm xúc.","{
  ""concept"": ""một khoảnh khắc tĩnh lặng gợi cảm giác như được hồi tưởng hơn là chụp ảnh"",
  ""subject"": {
    ""type"": ""chàng trai trẻ"",
    ""age"": ""đầu 20"",
    ""presence"": ""tinh tế, gần như không được chú ý trong khung hình"",
    ""expression"": ""cảm xúc kìm nén, đôi mắt gợi lên những suy nghĩ chưa hoàn thành"",
    ""skin_tone"": ""tông màu tự nhiên dịu nhẹ với sự không đều chân thực"",
    ""features"": ""khuôn mặt không tạo dáng, tư thế thư thái, những khuyết điểm của con người được giữ nguyên""
  },
  ""scene"": {
    ""environment"": ""trạm xe buýt ngoài trời bị bỏ hoang gần lòng sông cạn"",
    ""location"": ""mái che bê tông nứt nẻ, biển báo phai màu, cỏ dại cao mọc um tùm"",
    ""props"": ""ghế dài cũ kỹ, ba lô sờn cũ, lịch trình xe buýt bằng giấy bị rách"",
    ""time_of_day"": ""chiều muộn ngay trước khi giờ xanh (blue hour) phai nhạt"",
    ""weather"": ""không khí tĩnh lặng, những hạt bụi mờ ảo lơ lửng""
  },
  ""composition"": {
    ""style"": ""lưới kể chuyện 5 hình ảnh, kể chuyện phi tuyến tính"",
    ""shots"": [
      ""cận cảnh cực độ ngón tay đặt trên ghế, lấy nét nông"",
      ""hình ảnh phản chiếu của chủ thể trong bề mặt kim loại bị trầy xước, khuôn mặt bị biến dạng một phần"",
      ""cảnh trung bình từ phía sau, chủ thể đang ngồi và hơi khom lưng"",
      ""góc nghiêng được đóng khung qua đám cỏ cao ở tiền cảnh"",
      ""cảnh tĩnh rộng nơi chủ thể xuất hiện nhỏ bé, gần như hòa tan vào không gian""
    ],
    ""camera_angles"": ""quan sát, không hoàn hảo, hơi lệch tâm"",
    ""framing"": ""sự mất cân bằng có chủ đích, không gian âm chiếm ưu thế trong khung hình""
  },
  ""lighting"": {
    ""type"": ""ánh sáng ban ngày tự nhiên còn sót lại"",
    ""quality"": ""ánh sáng dịu, mờ dần, năng lượng thấp"",
    ""color_temperature"": ""màu xanh lam lạnh, bão hòa thấp với những gợi ý về sự mục nát ấm áp"",
    ""shadows"": ""tinh tế, không rõ ràng, chân thực""
  },
  ""visual_style"": {
    ""mood"": ""hoài niệm, lơ lửng, cảm xúc kìm nén"",
    ""color_grading"": ""tông màu nhạt nhòa với sự phân tách màu sắc nhẹ nhàng"",
    ""contrast"": ""rất thấp, gần như phẳng"",
    ""film_look"": ""phim độc lập thử nghiệm / thẩm mỹ lưu trữ ký ức"",
    ""realism"": ""thô mộc, chống bóng bẩy, cố tình không hoàn hảo""
  },
  ""camera_settings"": {
    ""lens"": ""ống kính kiểu tài liệu 40mm–58mm"",
    ""depth_of_field"": ""lấy nét chọn lọc, đôi khi mềm mại"",
    ""focus"": ""ưu tiên không khí hơn độ sắc nét""
  },
  ""quality"": {
    ""resolution"": ""4K"",
    ""detail"": ""kết cấu tự nhiên, độ hao mòn rõ ràng, bề mặt chân thực"",
    ""noise"": ""hạt nhiễu hữu cơ giống như phim được quét"",
    ""artifacts"": ""không có, không có biến dạng AI""
  }
}","[""https://cms-assets.youmind.com/media/1768319212720_ynv3sq_G-bpAQIaEAA8ZZM.jpg""]","{""name"":""Duet | AI"",""url"":""https://x.com/Sheldon056""}",https://x.com/Sheldon056/status/2010550490321596767,"Nhiếp ảnh, Điện ảnh, Nhân vật, Xe cộ"
97,Tiếp thị sản phẩm - Nụ hôn trong hiệu sách siêu thực như phim điện ảnh với hiệu ứng Motion Blur,"Một lời nhắc có cấu trúc cao được thiết kế để tạo ra một bức ảnh tĩnh siêu chân thực, tự nhiên như chụp từ một bộ phim điện ảnh về một cặp đôi đang hôn nhau nồng nàn trong lối đi ấm cúng của một hiệu sách. Nó nhấn mạnh những khuyết điểm tự nhiên, ánh sáng vàng hổ phách ấm áp, độ sâu trường ảnh nông và một chút mờ chuyển động để nắm bắt sự ngẫu hứng của khoảnh khắc, đồng thời tuân thủ nghiêm ngặt các giới hạn PG-13.","{
  ""generation_request"": {
    ""meta_data"": {
      ""tool"": ""NanoBanana Pro"",
      ""task_type"": ""photoreal_intimate_romance"",
      ""version"": ""v1.0_COZY_BOOKSTORE_AISLE_KISS_MOTIONBLUR_EN"",
      ""priority"": ""highest"",
      ""language"": ""vi""
    },
    ""references"": {
      ""reference_image_couple"": {
        ""source"": ""UPLOAD_REFERENCE_IMAGE (TÙY CHỌN)"",
        ""purpose"": ""POSE_MOOD_STYLE_ANCHOR"",
        ""strict_lock"": false,
        ""preserve_mood"": true
      }
    },
    ""global_constraints"": {
      ""rating"": ""PG-13"",
      ""no_explicit_sexual_content"": true,
      ""no_text"": true,
      ""no_logos"": true,
      ""no_watermark"": true
    },
    ""output_settings"": {
      ""aspect_ratio"": ""3:4"",
      ""orientation"": ""portrait"",
      ""resolution_target"": ""ultra_high_res"",
      ""render_style"": ""ultra_photoreal_cinematic_film_still"",
      ""sharpness"": ""soft_focus_cinematic"",
      ""film_grain"": ""subtle_35mm"",
      ""color_grade"": ""warm_amber_lowlight"",
      ""dynamic_range"": ""natural_not_hdr"",
      ""skin_rendering"": ""real_texture_no_retouch""
    },
    ""global_rules"": {
      ""camera_language"": ""ống kính 50mm, cận cảnh trung bình, cảm giác cầm tay, độ sâu trường ảnh nông, sách phía trước bị mờ, hiệu ứng nhòe chuyển động nhẹ như một khoảnh khắc tự nhiên"",
      ""lighting_language"": ""ánh sáng tungsten ấm áp + phản xạ mềm, không khí ấm cúng của hiệu sách, giảm sáng nhẹ nhàng, không có đèn flash gắt"",
      ""authenticity_markers"": ""khiếm khuyết tự nhiên, hạt nhiễu nhẹ, hiệu ứng bokeh chân thực, không có ánh sáng AI, không có HDR""
    },
    ""creative_prompt"": {
      ""scene_summary"": ""Một khoảnh khắc điện ảnh chân thực, siêu thực tế về một cặp đôi đang hôn nhau trong lối đi hẹp của một hiệu sách/thư viện. Sách lấp đầy các kệ phía sau họ; những chồng sách ở phía trước tạo chiều sâu. Cảnh quay mang lại cảm giác riêng tư, tự nhiên và ấm áp, với tính thẩm mỹ nhòe chuyển động mềm mại như được quay bằng tay."",
      ""subjects"": {
        ""count"": 2,
        ""description"": ""một cặp đôi thật, tỷ lệ cơ thể tự nhiên, kết cấu da chân thực"",
        ""expression"": ""thân mật và vui vẻ, đắm chìm trong khoảnh khắc"",
        ""skin_and_face"": ""kết cấu da thật, trang điểm tối thiểu, không chỉnh sửa""
      },
      ""pose_and_micro_action"": ""Người đàn ông kéo người phụ nữ lại gần bằng eo; người phụ nữ vòng tay quanh cổ anh. Khuôn mặt của họ bị che khuất một phần bởi nụ hôn, được ghi lại giữa chuyển động để tạo hiệu ứng nhòe tự nhiên."",
      ""wardrobe_and_style"": {
        ""female"": ""váy hoặc áo ôm đơn giản với {argument name=\""female wardrobe color\"" default=\""tông màu trung tính\""}, tóc mềm tự nhiên"",
        ""male"": ""áo sơ mi cài cúc hoặc áo len dệt kim thông thường, tông màu trung tính"",
        ""no_logos"": ""không có thương hiệu dễ thấy""
      },
      ""environment_details"": {
        ""location"": ""lối đi của hiệu sách/thư viện cũ ấm cúng"",
        ""background"": ""những kệ sách cao chất đầy sách, tông màu gỗ ấm áp"",
        ""foreground"": ""sách và gáy sách bị mờ, gần ống kính để tạo chiều sâu"",
        ""props"": ""sách xếp chồng trên một xe đẩy nhỏ hoặc mép kệ""
      },
      ""lighting"": ""ánh sáng thực tế màu hổ phách ấm áp, bóng mềm, điểm nhấn nhẹ nhàng trên tóc và xương gò má"",
      ""composition"": """"
    }
  }
}","[""https://cms-assets.youmind.com/media/1768890673086_xe89r2_G_DTY-kW0AAX35W.jpg""]","{""name"":""Özge Döner"",""url"":""https://x.com/astronomerozge1""}",https://x.com/astronomerozge1/status/2013341511480496169,"Chân dung, Nhóm người, Nhiếp ảnh, Điện ảnh, 3D, Sản phẩm, Nhân vật, Xe cộ, Thành phố, Văn bản, Logo, UI/UX"
98,Tiếp thị sản phẩm - Lời nhắc biên tập: Thảm thần kỳ thời trang cao cấp,"Một lời nhắc JSON để tạo hình ảnh biên tập thời trang cao cấp, mô tả một người phụ nữ đang bay lên trên một tấm thảm thần kỳ được trang trí công phu phía trên biển. Nó nhấn mạnh ánh sáng hoàng hôn điện ảnh xuyên qua màn sương mềm mại, trang phục nhiều lớp tinh xảo với vải vóc bồng bềnh, và góc nhìn thấp để tạo chiều sâu điện ảnh, mơ màng.","{
  ""options"": {
    ""gender"": [
      ""woman""
    ]
  },
  ""prompt_structure"": {
    ""style"": ""Phong cách biên tập thời trang cao cấp"",
    ""subject"": {
      ""model"": ""Người phụ nữ"",
      ""pose"": ""Ngồi hoặc đứng"",
      ""action"": ""Cất cánh trên một tấm thảm thần bay""
    },
    ""apparel"": {
      ""description"": ""Trang phục tinh tế, nhiều lớp với kiểu dáng có cấu trúc"",
      ""details"": ""Chất liệu cao cấp lấy cảm hứng từ các nhà mốt xa xỉ hiện đại"",
      ""physics"": ""Vải bay lượn duyên dáng trong không khí biển ẩm ướt""
    },
    ""props"": {
      ""item"": ""Thảm thần"",
      ""attributes"": ""{argument name=\""carpet details\"" default=\""Trang trí công phu, chi tiết phong phú\""}""
    },
    ""environment"": {
      ""location"": ""Trên biển khơi"",
      ""weather"": ""Sương mù nhẹ nhàng, sương giăng, bọt biển"",
      ""background"": ""Nước biển xanh thẳm, sương mù dày đặc che khuất đường chân trời"",
      ""mood"": ""Chiều sâu mơ màng, đậm chất điện ảnh""
    },
    ""lighting"": {
      ""type"": ""Ánh sáng hoàng hôn ấm áp, đậm chất điện ảnh"",
      ""interaction"": ""Xuyên qua sương mù, nhẹ nhàng chiếu sáng người mẫu, làm nổi bật kết cấu vải""
    },
    ""camera_settings"": {
      ""angle"": ""Góc nhìn thấp"",
      ""focus"": ""Tập trung hoàn toàn vào chủ thể và khung cảnh""
    }
  }
}","[""https://cms-assets.youmind.com/media/1768890691170_lhqun5_G_DPOw_XAAADSDC.jpg"",""https://cms-assets.youmind.com/media/1768890691210_ix0xqb_G_DPOw-WAAAbC-p.jpg""]","{""name"":""Lex"",""url"":""https://x.com/lexx_aura""}",https://x.com/lexx_aura/status/2013336900946350096,"Nhiếp ảnh, Điện ảnh, Sản phẩm, Nhân vật, Động vật, Xe cộ, Thời trang, UI/UX"
100,Tiếp thị sản phẩm - Cảnh Đời Thường Cặp Đôi Đeo Khẩu Trang Chụp Tự Nhiên,"Một JSON prompt cực kỳ chi tiết để tạo ra một cảnh sinh hoạt đời thường chân thực đến siêu thực, tự nhiên về một cặp đôi trẻ đang đùa nghịch đắp mặt nạ màu xanh cho nhau trong một phòng tắm hiện đại, ấm cúng. Nó chỉ định tư thế, trang phục của các nhân vật (áo crop top màu đỏ, áo phông màu đen) và nhấn mạnh kết cấu da chân thực, bóng đổ tự nhiên và các ràng buộc giải phẫu chính xác.","{
  ""generation_request"": {
    ""meta_data"": {
      ""task_type"": ""photoreal_intimate_home_couple_playful_face_mask"",
      ""version"": ""v1.0_BATHROOM_COUPLE_RED_CROP_PAJAMA_NO_TEXT_EN"",
      ""priority"": ""highest"",
      ""language"": ""en""
    },
    ""output_settings"": {
      ""aspect_ratio"": ""4:5"",
      ""orientation"": ""portrait"",
      ""resolution_target"": ""ultra_high_res"",
      ""render_style"": ""ultra_photoreal_candid_lifestyle"",
      ""sharpness"": ""crisp_but_natural"",
      ""film_grain"": ""subtle"",
      ""color_grade"": ""warm_cozy_indoor_tones"",
      ""dynamic_range"": ""natural_not_hdr"",
      ""skin_rendering"": ""real_texture_no_retouch"",
      ""no_text"": true,
      ""no_logos"": true,
      ""no_watermarks"": true,
      ""no_ui"": true
    },
    ""creative_prompt"": {
      ""scene_summary"": ""Cảnh sinh hoạt đời thường chân thực, siêu thực trong phòng tắm ấm cúng tại nhà. Một cặp đôi trẻ đang đắp mặt nạ màu xanh cho nhau một cách vui đùa, mỉm cười và cười đùa. Người phụ nữ ngồi thoải mái trên bồn rửa mặt trong khi người đàn ông đứng gần trước mặt cô ấy. Khoảnh khắc thân mật, vui tươi, không mang tính tình dục trong gia đình. Không có chữ."",
      ""environment"": {
        ""location"": ""phòng tắm nhỏ hiện đại"",
        ""details"": ""bồn rửa mặt, mặt bàn, mép gương, ánh sáng trong nhà ấm áp"",
        ""lighting"": ""ánh sáng gia đình ấm áp dịu nhẹ, bóng đổ tự nhiên""
      },
      ""subjects"": {
        ""female_adult"": {
          ""wardrobe"": {
            ""top"": ""áo croptop hai dây màu đỏ"",
            ""bottom"": ""quần ngủ màu đỏ cùng bộ""
          },
          ""pose"": ""ngồi trên bồn rửa mặt, một chân hơi gập, tư thế thư giãn"",
          ""expression"": ""mỉm cười, vui tươi"",
          ""action"": ""nhẹ nhàng chạm vào mặt người đàn ông khi đắp mặt nạ""
        },
        ""male_adult"": {
          ""wardrobe"": {
            ""top"": ""áo phông đen"",
            ""bottom"": ""quần ngủ đen""
          },
          ""pose"": ""đứng gần bồn rửa mặt, hơi cúi người về phía trước"",
          ""expression"": ""mỉm cười, thích thú"",
          ""action"": ""để người phụ nữ đắp mặt nạ, ngôn ngữ cơ thể thư giãn""
        }
      },
      ""details_and_props"": {
        ""face_mask"": ""mặt nạ đất sét hoặc gel màu xanh đã được đắp một phần lên cả hai khuôn mặt"",
        ""interaction"": ""đặt tay tự nhiên, chạm nhẹ nhàng, điểm tiếp xúc chân thực""
      },
      ""anatomy_constraints"": {
        ""priority"": ""maximum"",
        ""requirements"": [
          ""tỷ lệ và đối xứng khuôn mặt tự nhiên"",
          ""bàn tay chính xác với năm ngón, khớp ngón tay chính xác"",
          ""không có chi bị biến dạng hoặc cổ tay bị xoắn"",
          ""tư thế ngồi và đứng chân thực"",
          ""không có bộ phận cơ thể lơ lửng""
        ]
      },
      ""camera_and_style_notes"": {
        ""shot_type"": ""cảnh cận trung thực"",
        ""camera_angle"": ""ngang tầm mắt hoặc hơi nghiêng"",
        ""lens_look"": ""góc nhìn đời thường 35mm-50mm"",
        ""mood"": ""khoảnh khắc gia đình thân mật, ấm cúng, vui tươi""
      }
    },
    ""negative_prompt"": [
      ""text"",
      ""letters"",
      ""w""
    ]
  }
}","[""https://cms-assets.youmind.com/media/1768890668009_r7ibtg_G_DAN3pWUAEn6zr.jpg""]","{""name"":""Özge Döner"",""url"":""https://x.com/astronomerozge1""}",https://x.com/astronomerozge1/status/2013320441406935172,"Chân dung, Nhóm người, Nhiếp ảnh, Điện ảnh, 3D, Sản phẩm, Nội thất, Nhân vật, Văn bản, Logo, UI/UX"
101,Tiếp thị sản phẩm - Gợi ý chụp ảnh chân dung trong nội thất xe hơi sang trọng với đèn flash,"Một lời nhắc JSON để tạo ra một bức chân dung theo phong cách người có ảnh hưởng, siêu thực của một người phụ nữ (Josephine Langford) đang ngồi ở ghế hành khách của một chiếc xe hơi hạng sang (Mercedes-Benz). Nó mô tả chi tiết ngoại hình của đối tượng (tóc vàng bạch kim, váy bodycon màu đen), môi trường cao cấp (ghế da chần kim cương màu trắng), và phong cách kỹ thuật (chụp ảnh flash trực tiếp mềm, độ tương phản cao, độ phân giải 8K), bao gồm danh sách đầy đủ các lời nhắc tiêu cực.","{
  ""prompt_data"": {
    ""subject"": {
      ""appearance"": ""Người phụ nữ trẻ tuyệt đẹp với mái tóc vàng bạch kim dài, thẳng, làn da trắng sứ nhợt nhạt và lớp trang điểm quyến rũ với son môi màu hồng."",
      ""apparel"": ""Váy bodycon mini dài tay màu đen ôm sát với cổ chữ V khoét sâu."",
      ""pose"": ""Ngồi ở ghế hành khách trong ô tô, bắt chéo chân, một tay đặt trên ngực, tay còn lại giơ lên giữ tay nắm trần xe, nhìn thẳng vào máy ảnh với ánh mắt dịu dàng."",
      ""details"": ""Móng tay được chăm sóc kỹ lưỡng với thiết kế đen trắng.""
    },
    ""environment"": {
      ""location"": ""Nội thất của một chiếc xe sang trọng cao cấp ({argument name=\""car brand\"" default=\""Mercedes-Benz\""})."",
      ""elements"": ""Ghế xô bọc da chần bông kim cương màu trắng, bảng điều khiển màu đen, logo vô lăng Mercedes hiển thị ở bên trái, chi tiết nội thất cửa xe.""
    },
    ""technical_specs"": {
      ""style"": ""Chụp ảnh chân thực, phong cách sống của người có ảnh hưởng, thẩm mỹ Instagram."",
      ""lighting"": ""Chụp ảnh flash trực tiếp mềm mại, ánh sáng nội thất rực rỡ, độ tương phản cao."",
      ""quality"": ""Độ phân giải 8k, chi tiết cao, lấy nét sắc nét, kết cấu da chân thực.""
    },
    ""full_prompt_string"": ""Một bức ảnh chân thực theo chiều dọc về một người phụ nữ tóc vàng bạch kim xinh đẹp đang ngồi trong một chiếc Mercedes sang trọng. Cô ấy mặc một chiếc váy mini dài tay màu đen cổ chữ V khoét sâu ôm sát. Cô ấy tạo dáng trên ghế da chần kim cương màu trắng, một tay giơ lên giữ tay nắm. Phong cách chụp ảnh flash, ánh sáng quyến rũ, chi tiết cao, 8k, kết cấu chân thực, thẩm mỹ của người có ảnh hưởng."",
    ""negative_prompt"": ""hoạt hình, tranh vẽ, minh họa, kết xuất 3d, anime, chất lượng thấp, lỗi nén jpeg, mờ, giải phẫu học kém, tay bị biến dạng, thừa ngón tay, thiếu chi, mắt xấu, hình mờ, văn bản, chữ ký, xấu xí, biến dạng.""
  }
}","[""https://cms-assets.youmind.com/media/1768890693168_rqes5o_G_C0ldgWMAAMNXa.jpg""]","{""name"":""Artificial intelligence (Ai),Open Ai"",""url"":""https://x.com/Vishnudxe""}",https://x.com/Vishnudxe/status/2013307593452835105,"Chân dung, Điện ảnh, Minh họa, 3D, Anime, Sản phẩm, Nội thất, Nhân vật, Xe cộ, Văn bản, Logo, UI/UX"
102,Tiếp thị sản phẩm - Lời nhắc tạo ảnh chân dung trượt patin với nền nhiệt đới,"Một JSON prompt rất chi tiết để tạo ra bức chân dung toàn thân của một phụ nữ khỏe mạnh mặc bộ bodysuit màu xám heather và tất sọc cao đến đầu gối, đang ngồi với giày patin 4 bánh. Nó chỉ định các chi tiết phức tạp trên khuôn mặt, màu tóc (balayage), tư thế (nghiêng người về phía trước, chỉnh tất) và môi trường (công viên/đường đi dạo ngoài trời với cây nhiệt đới mờ ảo và ánh sáng tự nhiên dịu nhẹ).","{
  ""prompt_type"": ""detailed_image_generation"",
  ""subject"": {
    ""demographics"": {
      ""gender"": ""Nữ"",
      ""age_range"": ""20s"",
      ""ethnicity"": ""Da trắng""
    },
    ""physique"": {
      ""body_type"": ""Vận động, săn chắc, thon gọn nhưng có đường cong quyến rũ"",
      ""pose"": ""Ngồi trên mép gờ bê tông trắng, hơi nghiêng người về phía trước từ eo. Hai tay đặt trên ống chân phải ngay dưới đầu gối, như thể đang chỉnh tất. Lưng hơi cong, làm nổi bật tư thế.""
    },
    ""face_details"": {
      ""shape"": ""Khuôn mặt trái xoan với đường quai hàm rõ nét"",
      ""skin_tone"": ""Nước da rám nắng nhẹ/hơi cháy nắng, mịn màng, đều màu"",
      ""eyes"": {
        ""color"": ""Xanh lam nhạt hoặc xanh lục (màu sáng)"",
        ""shape"": ""To, hình quả hạnh"",
        ""gaze"": ""Nhìn thẳng vào máy ảnh, mãnh liệt và quyến rũ"",
        ""makeup"": ""Hàng mi trên được định hình rõ nét, kẻ mắt tinh tế, phấn mắt tự nhiên""
      },
      ""brows"": ""Cong, được tỉa gọn gàng, độ dày vừa phải, màu nâu nhạt"",
      ""nose"": ""Sống mũi thẳng, đầu mũi thon gọn và thanh tú"",
      ""lips"": {
        ""shape"": ""Đầy đặn, đặc biệt là môi dưới"",
        ""color"": ""Hồng nude tím hoa cà nhẹ nhàng"",
        ""expression"": ""Hơi hé mở, thư giãn, gợi cảm"",
        ""finish"": ""Lì""
      },
      ""cheeks"": ""Gò má cao, tạo khối/đánh bronzer nhẹ nhàng để tạo đường nét""
    },
    ""hair"": {
      ""color"": ""Chân tóc màu nâu nhạt chuyển dần sang vàng mật ong và highlight bạch kim (balayage)"",
      ""length"": ""Dài, chạm giữa lưng"",
      ""texture"": ""Thẳng với độ bồng bềnh nhẹ"",
      ""style"": ""Buông xõa, chảy dài xuống lưng và qua vai trái""
    }
  },
  ""wardrobe"": {
    ""bodysuit"": {
      ""color"": ""{argument name=\""bodysuit color\"" default=\""Xám lông chuột\""}"",
      ""fabric"": ""Vải cotton jersey hoặc hỗn hợp spandex"",
      ""style"": ""Cổ khoét sâu, dây áo bản to kiểu tank-top, khoét hông cao để lộ hông, ôm sát cơ thể""
    },
    ""socks"": {
      ""color"": ""Trắng"",
      ""style"": ""Tất ống cao đến đầu gối"",
      ""details"": ""Hai sọc ngang màu hồng tươi rõ nét ở viền trên""
    },
    ""footwear"": {
      ""item"": ""Giày patin 4 bánh (Quad roller skates)"",
      ""color"": ""Giày bốt da trắng cổ điển"",
      ""details"": ""Đế gót gỗ màu nâu, trục bạc"",
      ""wheels"": ""Bánh xe polyurethane màu hồng tươi trong suốt"",
      ""toe_stop"": ""Cao su màu hồng tươi""
    }
  },
  ""environment"": {
    ""setting"": ""Công viên hoặc lối đi dạo ngoài trời"",
    ""background_objects"": {
      ""immediate"": ""Ghế hoặc tường bê tông trắng cong (bề mặt mịn)"",
      ""mid_ground"": ""Nền lát gạch/bê tông màu xám nhạt"",
      ""background"": ""Tán lá nhiệt đới mờ ảo, thân cây cọ, thấp thoáng các cấu trúc kiến trúc màu trắng""
    },
    ""lighting"": {
      ""type"": ""Ánh sáng tự nhiên dịu nhẹ ban ngày"",
      ""direction"": ""Chiếu sáng từ phía trước"",
      ""quality"": ""Khuếch tán (không có bóng đổ gắt trên mặt), có thể là trời nhiều mây hoặc bóng râm thoáng đãng""
    }
  },
  ""technical_specs"": {
    ""aspect_ratio"": ""4:5 (Chân dung dọc)"",
    ""camera_shot"": ""Toàn thân / Cận cảnh trung bình-dài"",
    ""depth_of_field"": ""Độ sâu trường ảnh nông (chủ thể sắc nét""
  }
}","[""https://cms-assets.youmind.com/media/1768890698052_re46fl_G_CxJ45W0AIPdj6.jpg""]","{""name"":""Artificial intelligence (Ai),Open Ai"",""url"":""https://x.com/Vishnudxe""}",https://x.com/Vishnudxe/status/2013303820986785863,"Chân dung, Nhiếp ảnh, Điện ảnh, Cổ điển, Sản phẩm, Nội thất, Nhân vật, Xe cộ, Thành phố, Văn bản, UI/UX"
103,Tiếp thị sản phẩm - Chân dung nhóm vận động viên thể dục dụng cụ siêu thực,"Một JSON prompt chi tiết để tạo ra bức chân dung nhóm siêu chân thực gồm ba nữ vận động viên trẻ mặc leotard thể dục dụng cụ trong một cơ sở tập luyện trong nhà. Nó chỉ định loại hình cơ thể, tư thế (quay lưng về phía máy ảnh, khoanh tay), màu tóc và chi tiết trang phục (tay áo lưới, đá đính) cho từng đối tượng, nhấn mạnh vẻ ngoài thể thao chuyên nghiệp với ánh sáng phòng tập dịu nhẹ.","{
  ""prompt_type"": ""chân dung nhóm vận động viên siêu chân thực"",
  ""subjects"": [
    {
      ""gender"": ""nữ"",
      ""age_range"": ""18-20"",
      ""position"": ""trái"",
      ""body_type"": ""vận động viên, phần thân dưới cơ bắp, chân khỏe"",
      ""stance"": ""đứng quay lưng về phía máy ảnh, thân hơi xoay sang trái, khoanh tay"",
      ""face"": {
        ""expression"": ""nụ cười tự tin nhẹ nhàng"",
        ""face_shape"": ""trái xoan tròn"",
        ""skin_tone"": ""da trắng sáng với tông ấm"",
        ""eyes"": ""màu sáng, nhìn thấy một phần do góc chụp"",
        ""nose"": ""nhỏ đến trung bình, thẳng"",
        ""lips"": ""độ đầy vừa phải, tông hồng tự nhiên""
      },
      ""hair"": {
        ""color"": ""tóc vàng nhạt"",
        ""style"": ""tóc lượn sóng nhẹ ngang vai"",
        ""part"": ""rẽ ngôi lệch nhẹ""
      },
      ""outfit"": {
        ""type"": ""áo liền quần thể dục dụng cụ"",
        ""color"": ""xanh navy đậm"",
        ""sleeves"": ""tay áo lưới dài"",
        ""details"": ""chi tiết đính đá nhỏ dọc tay áo"",
        ""fit"": ""ôm sát chuyên nghiệp kiểu vận động viên""
      }
    },
    {
      ""gender"": ""nữ"",
      ""age_range"": ""18-20"",
      ""position"": ""giữa"",
      ""body_type"": ""vận động viên, săn chắc, chân và mông cơ bắp"",
      ""stance"": ""quay lưng về phía máy ảnh, thân hơi xoay sang phải, khoanh tay"",
      ""face"": {
        ""expression"": ""nụ cười tươi tắn thân thiện"",
        ""face_shape"": ""trái xoan"",
        ""skin_tone"": ""da trắng sáng với tông trung tính"",
        ""eyes"": ""màu sáng, nhìn rõ"",
        ""nose"": ""sống mũi thẳng, đầu mũi tròn mềm mại"",
        ""lips"": ""đầy đặn vừa phải, hồng tự nhiên""
      },
      ""hair"": {
        ""color"": ""tóc vàng óng"",
        ""style"": ""tóc lượn sóng dài"",
        ""part"": ""rẽ ngôi giữa""
      },
      ""outfit"": {
        ""type"": ""áo liền quần thể dục dụng cụ"",
        ""color"": ""trắng"",
        ""sleeves"": ""tay áo lưới mỏng dài"",
        ""back_design"": ""lưng hở với dây đan chéo"",
        ""fit"": ""ôm sát chuyên nghiệp kiểu vận động viên""
      }
    },
    {
      ""gender"": ""nữ"",
      ""age_range"": ""18-20"",
      ""position"": ""phải"",
      ""body_type"": ""vận động viên, chân khỏe, vóc dáng săn chắc"",
      ""stance"": ""quay lưng về phía máy ảnh, thân xoay sang trái, khoanh tay"",
      ""face"": {
        ""expression"": ""nụ cười rạng rỡ vui vẻ"",
        ""face_shape"": ""trái xoan với đường hàm mềm mại"",
        ""skin_tone"": ""da trắng sáng với tông lạnh-trung tính"",
        ""eyes"": ""màu sáng"",
        ""nose"": ""trung bình, thẳng"",
        ""lips"": ""độ đầy vừa phải, tông tự nhiên""
      },
      ""hair"": {
        ""color"": ""nâu nhạt"",
        ""style"": ""tóc thẳng dài"",
        ""part"": ""rẽ ngôi lệch""
      },
      ""outfit"": {
        ""type"": ""áo liền quần thể dục dụng cụ"",
        ""color"": ""xanh navy đậm"",
        ""sleeves"": ""tay áo lưới dài"",
        ""details"": ""điểm nhấn đính đá tinh tế"",
        ""fit"": ""ôm sát chuyên nghiệp kiểu vận động viên""
      }
    }
  ],
  ""environment"": {
    ""location"": ""cơ sở tập luyện thể dục dụng cụ trong nhà"",
    ""floor"": ""sàn""
  }
}","[""https://cms-assets.youmind.com/media/1768890669194_y6ks87_G_CwsPoaoAMeCSP.jpg""]","{""name"":""Artificial intelligence (Ai),Open Ai"",""url"":""https://x.com/Vishnudxe""}",https://x.com/Vishnudxe/status/2013303311441764803,"Chân dung, Nhóm người, Sản phẩm, Nhân vật, Thời trang, UI/UX"
104,Tiếp thị sản phẩm - Chân Dung Vầng Hào Quang Vải Từ Trên Xuống Dạng Tiên Phong,"Một JSON prompt mang tính kỹ thuật cao để tạo ra một bức chân dung biên tập tiên phong có tựa đề 'Textural Rebellion'. Nó yêu cầu góc nhìn từ trên xuống 90 độ thẳng đứng của một chủ thể nằm trên nền đá phiến tối, được bao quanh bởi 'Vương miện Vải' (lụa xếp ly và gấm đỏ thẫm đông cứng trong một gợn sóng). Nó chỉ định ánh sáng làm đẹp cường độ cao (softbox ngay phía trên đầu) và tính thẩm mỹ của phim định dạng trung bình analog (Hasselblad 503CW, Kodak Ektar 100).","{
  ""vibe_title_en"": ""Nổi loạn về kết cấu"",
  ""master_prompt"": ""Một góc nhìn từ trên xuống hoàn toàn thẳng đứng 90 độ của Nhân vật chính đang nằm phẳng trên một bề mặt đá phiến tối màu, phong hóa. Chủ thể được bao quanh bởi một 'Vương miện vải'—một sự sắp xếp siêu thực, mang tính kiến trúc của lụa thô xếp ly và vải gấm đỏ thẫm nặng nề tỏa ra từ đầu như một vầng hào quang. Những loại vải này dường như bị đóng băng trong một làn sóng thách thức trọng lực, lơ lửng như thể dưới nước hoặc bị cuốn vào một đường hầm gió tốc độ cao, đóng vai trò như một tác phẩm điêu khắc hiệu ứng thực tế. Chủ thể duy trì năng lượng 'Tối giản sắc sảo': một biểu cảm điềm tĩnh, trung tính với ánh mắt nhìn thẳng tuyệt đối vào ống kính. Ánh sáng là Ánh sáng làm đẹp cường độ cao: một softbox lớn ngay phía trên tạo ra ánh sáng đều trên khuôn mặt, loại bỏ bóng đổ gắt trong khi làm nổi bật lỗ chân lông và các chi tiết sắc nét của mống mắt. Được chụp bằng Hasselblad 503CW với ống kính 80mm, sử dụng phim Kodak Ektar 100 để có độ bão hòa phong phú, xúc giác và hạt mịn. Kết cấu siêu thực, không có độ bóng CGI."",
  ""meta"": {
    ""intent"": ""Biên tập Tiên phong"",
    ""priorities"": ""Kết cấu, Đối xứng, Siêu thực"",
    ""device_profile"": ""Analog định dạng trung bình""
  },
  ""frame"": {
    ""aspect"": ""4:5"",
    ""composition"": ""Đối xứng trung tâm"",
    ""layout"": ""Chủ thể ở trung tâm, được bao quanh bởi kết cấu"",
    ""camera_angle"": ""Từ trên xuống 90 độ (Góc nhìn chim bay)"",
    ""tilt_roll_degrees"": ""0""
  },
  ""subject"": {
    ""gender"": ""Nữ"",
    ""identity"": ""Nhân vật chính"",
    ""demographics"": ""Người mẫu thời trang cao cấp phổ quát"",
    ""face"": ""Đối xứng, cấu trúc xương rõ nét, kết cấu da siêu thực"",
    ""hair"": ""Vuốt ngược hoặc tích hợp vào tác phẩm điêu khắc vải"",
    ""body"": ""Từ vai trở lên, nằm phẳng"",
    ""expression"": ""Điềm tĩnh, trung tính, ánh mắt cường độ cao, môi thư giãn nhưng khép kín"",
    ""pose"": ""Nằm ngửa, thẳng hàng hoàn hảo với trục dọc""
  },
  ""wardrobe_accessories"": {
    ""garments"": [
      {
        ""item"": ""Áo tunic cổ cao"",
        ""material"": ""Lụa thô"",
        ""color"": ""Than chì đậm"",
        ""fit"": ""Có cấu trúc/Kiến trúc""
      }
    ],
    ""accessories"": [
      {
        ""item"": ""Vầng hào quang vải"",
        ""color"": ""Đỏ thẫm và Xanh nửa đêm"",
        ""material"": ""Lụa xếp ly và Gấm"",
        ""brand_style"": ""Thời trang cao cấp siêu thực""
      }
    ]
  },
  ""environment"": {
    ""setting"": ""Bề mặt kết cấu trừu tượng"",
    ""surfaces"": ""Đá phiến phong hóa, Vải dệt nhiều lớp"",
    ""depth"": ""Nông (Phẳng)"",
    ""atmosphere"": ""Tĩnh lặng như chân không, chuyển động lơ lửng"",
    ""lens_interaction"": ""Lấy nét sắc nét từ cạnh này sang cạnh khác""
  },
  ""lighting"": {
    ""key"": ""Đèn Beauty Dish trên đầu (Mềm)"",
    ""fill"": ""Tấm phản sáng trắng (từ dưới máy ảnh)"",
    ""rim"": ""Không"",
    ""shadows"": ""Tối thiểu, đổ bóng mềm mại dưới cằm"",
    ""color_temperature"": ""5600K (Cân bằng ánh sáng ban ngày)"",
    ""sensor_flare"": ""Không""
  },
  ""camera"": {
    ""lens_type"": ""Prime Macro-Capable"",
    ""focal_length"": ""80mm"",
    ""aperture"": ""f/8"",
    ""focus"": ""Khóa trên E""
  }
}","[""https://cms-assets.youmind.com/media/1768890669025_vlz5ay_G_CwIS7XsAAYt4-.jpg"",""https://cms-assets.youmind.com/media/1768890669374_nim0pj_G_CwIR0WYAAxYd6.jpg""]","{""name"":""timedoctor.eth"",""url"":""https://x.com/timedoctor_nft""}",https://x.com/timedoctor_nft/status/2013302693515661588,"Chân dung, Nhiếp ảnh, Điện ảnh, 3D, Tối giản, Sản phẩm, Nội thất, Đồ ăn, Nhân vật, Thời trang, Văn bản, Trừu tượng, Logo"
105,Tiếp thị sản phẩm - Gợi ý tạo ảnh chân dung khách sạn sang trọng vào Giờ Vàng,"Một JSON prompt cực kỳ chi tiết để tạo ra bức chân dung 8K siêu thực của một người phụ nữ đang nằm thư giãn trong phòng khách sạn sang trọng vào giờ vàng. Nó nhấn mạnh ánh sáng mặt trời tự nhiên trực tiếp, gay gắt tạo ra những bóng đổ hình học mạnh mẽ, các chi tiết kết cấu (váy có gân, tóc ướt) và góc nhìn thấp tập trung vào đôi chân và bàn chân trần của chủ thể, đạt được vẻ đẹp sang trọng giản dị, không vướng bận.","{
  ""meta"": {
    ""aspect_ratio"": ""4:5"",
    ""quality"": ""siêu chân thực, thô, phong cách sống của người có ảnh hưởng, biên tập cao cấp"",
    ""resolution"": ""8k"",
    ""camera"": ""Máy ảnh Mirrorless (ví dụ: Sony A7R IV)"",
    ""lens"": ""Ống kính 35mm f/1.4 (chụp toàn thân và môi trường xung quanh)"",
    ""style"": ""Sang trọng giản dị, ngập nắng, thẩm mỹ giờ vàng, tự tin thư thái"",
    ""composition"": ""Chụp toàn thân một người phụ nữ đang ngả lưng trên ghế, góc nhìn thấp nhấn mạnh đôi chân, bố cục căn giữa.""
  },
  ""scene"": {
    ""location"": ""Một phòng khách sạn hoặc phòng ngủ hiện đại, tối giản."",
    ""environment"": [
      ""Ghế thư giãn bọc vải màu be hiện đại với đôn gác chân cùng tông"",
      ""Tủ đầu giường nổi bằng gỗ sáng màu với tai nghe chụp tai màu xanh dương đặt trên đó"",
      ""Lò sưởi gắn tường màu trắng có thể nhìn thấy ở hậu cảnh"",
      ""Tường màu be/trắng nhạt trung tính trơn"",
      ""Chụp đèn màu be ở góc trên""
    ],
    ""time"": ""Chiều muộn, Giờ vàng."",
    ""atmosphere"": ""Lười biếng, ấm áp, sang trọng thầm lặng, không vướng bận, sành điệu.""
  },
  ""lighting"": {
    ""type"": ""Ánh nắng tự nhiên trực tiếp, gay gắt."",
    ""source"": ""Cửa sổ ngoài khung hình ở bên trái."",
    ""effect"": ""Tạo ra những bóng đổ hình học mạnh mẽ, rõ nét (có thể từ khung cửa sổ) trên bức tường phía sau, các vùng sáng có độ tương phản cao trên mặt và chân, tông màu vàng ấm áp.""
  },
  ""subject"": {
    ""identity"": ""Một phụ nữ trẻ tuyệt đẹp với mái tóc vàng bạch kim dài, bóng ướt xõa qua vai. Cô ấy có làn da rám nắng, đôi môi đầy đặn và ánh nhìn tự tin, trực diện."",
    ""body"": {
      ""pose"": ""Ngả sâu vào ghế thư giãn, chân bắt chéo và duỗi về phía máy ảnh (tập trung vào bàn chân và đôi chân trần), một tay đặt trên tay vịn ghế, tay kia đặt trên chân."",
      ""physique"": ""Vóc dáng cân đối, gợi cảm.""
    },
    ""outfit"": {
      ""clothing"": ""Váy mini dệt kim gân {argument name=\""dress color\"" default=\""màu tím\""} bó sát, dài tay."",
      ""accessories"": ""Vòng tay chỉ đỏ trên cổ tay, sơn móng tay màu đen trên cả tay và chân.""
    }
  },
  ""realism_focus"": {
    ""textures"": ""Kết cấu dệt kim gân của chiếc váy màu tím, kết cấu da chân thực dưới ánh nắng gay gắt trực tiếp, từng sợi tóc vàng ướt riêng lẻ, dệt vải của chiếc ghế màu be."",
    ""imperfections"": ""Bóng đổ chân thực, gay gắt trên tường, các nếp nhăn tự nhiên trên váy ở những chỗ cơ thể uốn cong, vị trí đặt tai nghe một cách ngẫu nhiên.""
  }
}","[""https://cms-assets.youmind.com/media/1768890699553_a7klpc_G_Cub-7XoAA7srN.jpg""]","{""name"":""Mikasa"",""url"":""https://x.com/Mikasa_rose729""}",https://x.com/Mikasa_rose729/status/2013300949834702966,"Chân dung, Nhiếp ảnh, Điện ảnh, Tối giản, Sản phẩm, Nhân vật, Thời trang, Văn bản, Logo"
110,Hình ảnh chính thương mại điện tử - Chụp ảnh sản phẩm điện ảnh 8K (Nước hoa),"Một lời nhắc (prompt) có độ chi tiết cao, theo mô-đun để tạo ra ảnh chụp sản phẩm chai nước hoa chất lượng điện ảnh 8K. Nó bao gồm hai mô-đun riêng biệt: một cho chai nước hoa chủ đề rừng và một cho cảnh nước bắn tung tóe, chỉ định ánh sáng, vật liệu và chi tiết siêu nhỏ.","{
  ""global_settings"": {
    ""resolution"": ""8K"",
    ""aspect_ratio"": ""3:4"",
    ""style"": ""nhiếp ảnh sản phẩm điện ảnh chân thực, siêu thực"",
    ""detail_level"": ""chi tiết siêu nhỏ cực độ"",
    ""sharpness"": ""siêu sắc nét"",
    ""noise"": ""không nhiễu"",
    ""compression_artifacts"": ""không có lỗi nén"",
    ""color_depth"": ""màu 16-bit phong phú"",
    ""render_quality"": ""chất lượng thương mại cao cấp"",
    ""ai_finish"": ""chủ nghĩa hiện thực được tăng cường AI sạch sẽ""
  },

  ""module_1"": {
    ""scene_identity"": ""nước hoa_xanh_rừng"",
    ""environment"": {
      ""setting"": ""không khí rừng rậm"",
      ""background"": ""tán lá xanh mờ ảo với độ sâu tách biệt"",
      ""foreground"": ""nền rừng tự nhiên với đất, rêu và mảnh vụn nhỏ"",
      ""props"": [
        ""bệ đá phẳng tự nhiên"",
        ""tảng đá không đều đặt hơi phía sau chai"",
        ""cành cây thông có lá kim rõ ràng ở phía bên phải""
      ],
      ""atmosphere"": ""khói hoặc sương mù nhẹ nhàng bay lên phía sau chai""
    },
    ""product"": {
      ""object_type"": ""chai nước hoa"",
      ""material"": ""thủy tinh mờ có gân"",
      ""color"": ""chất lỏng màu xanh ngọc lục bảo đậm"",
      ""shape"": ""hình trụ với các rãnh dọc"",
      ""cap"": {
        ""material"": ""kim loại"",
        ""finish"": ""vàng bóng"",
        ""shape"": ""hình trụ nhẵn""
      },
      ""label"": ""không có văn bản thương hiệu hiển thị""
    },
    ""lighting"": {
      ""key_light"": ""ánh sáng tự nhiên khuếch tán mềm mại từ phía trước bên trái"",
      ""fill_light"": ""ánh sáng môi trường rừng tinh tế"",
      ""highlights"": ""phản chiếu nhẹ nhàng trên các gân thủy tinh và nắp vàng"",
      ""shadows"": ""bóng đổ mềm mại chân thực dưới chai và đá""
    },
    ""camera"": {
      ""angle"": ""góc sản phẩm ngang tầm mắt"",
      ""focus"": ""lấy nét sắc nét vào chai, độ sâu trường ảnh nông"",
      ""lens_effect"": ""nền bokeh tự nhiên""
    },
    ""mood"": ""tươi mát, hương gỗ, thanh bình, cao cấp, lấy cảm hứng từ thiên nhiên""
  },

  ""module_2"": {
    ""scene_identity"": ""nước hoa_nước_xanh_bắn_tung_tóe"",
    ""environment"": {
      ""setting"": ""cảnh studio dưới nước tối"",
      ""background"": ""chuyển màu từ xanh hải quân đậm sang đen"",
      ""surface"": ""mặt nước gợn sóng với các điểm sáng phản chiếu"",
      ""motion_elements"": [
        ""vệt nước lớn bắn tung tóe lên phía sau chai"",
        ""những giọt nước lơ lửng giữa không trung""
      ],
      ""props"": [
        ""lát chanh (thịt vàng có thể nhìn thấy)"",
        ""lát cam quýt xanh"",
        ""quả mọng nhỏ màu đỏ"",
        ""cành thảo mộc xanh""
      ]
    },
    ""product"": {
      ""object_type"": ""chai nước hoa"",
      ""material"": ""thủy tinh đục"",
      ""color"": ""xanh nửa đêm đậm"",
      ""shape"": ""hình chữ nhật với các cạnh sắc nét"",
      ""cap"": {
        ""material"": ""thủy tinh tối màu tương ứng"",
        ""shape"": ""hình trụ""
      },
      ""text_visible"": [
        ""BLEU DE CHANEL"",
        ""EAU DE PARFUM""
      ]
    },
    ""lighting"": {
      ""key_light"": ""ánh sáng định hướng mạnh từ phía trên bên trước"",
      ""rim_light"": ""điểm sáng lạnh trên vệt nước bắn tung tóe"",
      ""reflections"": ""điểm sáng phản xạ""
    }
  }
}","[""https://cms-assets.youmind.com/media/1768890638679_0rbo6y_G_Auiz5WgAEqfUY.jpg"",""https://cms-assets.youmind.com/media/1768890639096_qd2s06_G_AuizDWQAA9keU.jpg"",""https://cms-assets.youmind.com/media/1768890638950_22nc5e_G_Aui3fXEAENHXC.jpg"",""https://cms-assets.youmind.com/media/1768890640110_sd69rb_G_Aui9WWwAANyRn.jpg""]","{""name"":""ShaHid WaNii"",""url"":""https://x.com/meng_dagg695""}",https://x.com/meng_dagg695/status/2013160227835933059,"Chân dung, Nhiếp ảnh, Điện ảnh, 3D, Pixel, Thiên nhiên, Sản phẩm, Nhân vật, Văn bản, Logo"
111,Hình ảnh chính thương mại điện tử - Gợi ý tạo ảnh ghép trực quan hóa sản phẩm chuông cửa thông minh,"Một lời nhắc chi tiết, có cấu trúc dành cho Nano Banana Pro được thiết kế để tạo ra một ảnh ghép trực quan hóa quảng cáo đa khung cho một chuông cửa thông minh. Nó chỉ định các tính năng của sản phẩm, xác định chín khung hình riêng biệt (Hero Shot, Close Up, Brand Environment, In Use, Isometric Grid, Levitating, Detail Extreme, Editorial Unexpected, Wide Use Scenario) và đặt các thông số kiểu máy ảnh như bảng màu và tâm trạng.","{
  ""ProductReference"": ""{argument name=""Product Features"" default=""Chuông cửa thông minh với nhận diện khuôn mặt, âm thanh hai chiều, nhìn đêm, phát hiện chuyển động, chống chịu thời tiết, thiết kế đẹp mắt, điều khiển qua ứng dụng""}"",
  ""Frame1_HeroShot"": {
    ""Product"": ""Chuông cửa gắn trên lối vào, ống kính đặt chính giữa"",
    ""Background"": ""Lối vào hiện đại màu xám liền mạch""
  },
  ""Frame2_CloseUp"": {
    ""Focus"": ""Độ rõ nét của ống kính camera, lưới micro, cơ chế nút bấm, gioăng chống thấm thời tiết, đèn báo LED, giá đỡ""
  },
  ""Frame3_BrandEnvironment"": {
    ""Setting"": ""Thẩm mỹ lối vào nhà thông minh, an ninh hiện đại"",
    ""Props"": {
      ""Background"": ""Kết cấu cửa trước"",
      ""Surface"": ""Khu vực hiên nhà""
    }
  },
  ""Frame4_InUse"": {
    ""Interaction"": ""Chủ nhà nhận thông báo trên điện thoại, cử chỉ trò chuyện hai chiều"",
    ""Styling"": ""Tương tác an ninh nhà thông minh""
  },
  ""Frame5_IsometricGrid"": {
    ""Count"": ""Chuông cửa với màn hình giao diện ứng dụng"",
    ""Arrangement"": ""Hệ thống lối vào thông minh""
  },
  ""Frame6_Levitating"": {
    ""Concept"": ""Chuông cửa lơ lửng với hình ảnh trực quan hóa vùng an ninh""
  },
  ""Frame7_DetailExtreme"": {
    ""Focus"": ""Cảm biến nhận diện khuôn mặt, chất lượng micro, đầu ra loa, pin dự phòng, ăng-ten WiFi, phạm vi cảm biến chuyển động""
  },
  ""Frame8_EditorialUnexpected"": {
    ""Concept"": ""Chuông cửa như người bảo vệ ngôi nhà, hình ảnh trực quan hóa mạng lưới an ninh"",
    ""Materials"": ""Hệ sinh thái an ninh thông minh""
  },
  ""Frame9_WideUseScenario"": {
    ""Location"": ""Lối vào nhà thông minh hoàn chỉnh với an ninh"",
    ""Props"": [""Khóa thông minh"", ""Đèn lối vào"", ""Thảm chùi chân"", ""Chậu cây"", ""Phụ kiện cửa"", ""Camera an ninh""]
  },
  ""CameraStyle"": {
    ""ColorPalette"": ""Chuông cửa màu đen, ống kính camera màu xanh lam, đèn LED, màu cửa"",
    ""Mood"": ""An ninh thông minh, lối vào nhà, tiện nghi hiện đại""
  }
}","[""https://cms-assets.youmind.com/media/1768890714990_8c7kb2_G_ATVFcXAAAsNMj.jpg""]","{""name"":""松果先森"",""url"":""https://x.com/songguoxiansen""}",https://x.com/songguoxiansen/status/2013130384897421728,"Chân dung, Nhiếp ảnh, Sản phẩm, Nhân vật, Logo"
112,Hình ảnh chính thương mại điện tử - Lời nhắc tạo tác phẩm điêu khắc siêu xe bằng kính nhiều lớp trong suốt,"Một JSON prompt mang tính kỹ thuật cao để tạo ra hình ảnh siêu xe chân thực, được dò tia. Chiếc xe được thể hiện dưới dạng một tác phẩm điêu khắc cắt lát theo cấu trúc tô pô, làm từ kính acrylic quang học nhiều lớp, với các chi tiết cơ khí bên trong có thể nhìn thấy. Prompt nhấn mạnh ánh sáng (ánh sáng viền, ánh sáng phát ra từ bên trong, hiệu ứng caustics) trên nền không gian đen kịt, tạo ra một vẻ đẹp của hình ảnh được tách rời.","{
  ""prompt_configuration"": {
    ""parameters"": {
      ""car_model"": ""{argument name=\""car model\"" default=\""SUPERCAR MODEL\""}"",
      ""material_color"": ""{argument name=\""material color\"" default=\""warm amber and deep orange\""}""
    },
    ""aspect_ratio"": ""16:9"",
    ""viewpoint"": ""góc 3/4 phía trước, hiển thị toàn bộ xe""
  },
  ""prompt_payload"": {
    ""subject_definition"": {
      ""core_subject"": ""{car_model}"",
      ""representation_style"": ""tác phẩm điêu khắc lát cắt dạng tô-pô, được tạo thành từ các tấm vật liệu trong mờ xếp chồng song song""
    },
    ""material_physics"": {
      ""medium"": ""kính acrylic quang học nhiều lớp"",
      ""texture"": ""cạnh cắt laser, độ trong suốt thể tích, tán xạ dưới bề mặt"",
      ""color_palette"": ""chuyển màu trong mờ {material_color}, khúc xạ nội tại phát sáng""
    },
    ""technical_details"": {
      ""structure"": ""cấu trúc lá có gân, mặt cắt ngang, các chi tiết cơ khí bên trong có thể nhìn thấy qua các lớp (khối động cơ, hệ thống treo, hộp số)"",
      ""fidelity"": ""siêu chi tiết, độ chính xác như CAD, thẩm mỹ kiểu hình chiếu tách rời nhưng đã lắp ráp""
    },
    ""lighting_and_atmosphere"": {
      ""environment"": ""nền không gian tối đen như mực, studio tối vô tận"",
      ""lighting_setup"": ""ánh sáng viền để bắt cạnh kính, ánh sáng thể tích bên trong phát sáng, hiệu ứng caustics, độ tương phản cao kiểu điện ảnh""
    },
    ""rendering_engine"": {
      ""style"": ""Octane Render, dò tia, độ phân giải 8k, thuộc tính vật liệu chân thực, độ sâu trường ảnh chụp macro""
    }
  },
  ""negative_prompt"": [
    ""thân xe kim loại đặc"",
    ""sơn mờ đục"",
    ""hoạt hình"",
    ""minh họa"",
    ""bánh xe bị biến dạng"",
    ""khung hình bị cắt xén"",
    ""ánh sáng ban ngày"",
    ""phản chiếu của nhiếp ảnh gia""
  ]
}","[""https://cms-assets.youmind.com/media/1768804263037_da8uj6_G--zMlXXYAEyetJ.jpg"",""https://cms-assets.youmind.com/media/1768804263002_8omzrs_G--zMqUWEAADVF1.jpg"",""https://cms-assets.youmind.com/media/1768804263805_3sf4w4_G--zMlfXMAAav79.jpg"",""https://cms-assets.youmind.com/media/1768804264278_z57ws5_G--zMiCW8AAx8Ze.jpg""]","{""name"":""Lloyd Creates"",""url"":""https://x.com/lloydcreates""}",https://x.com/lloydcreates/status/2013024593246568485,"Nhiếp ảnh, Điện ảnh, Minh họa, 3D, Anime, Nhân vật, Xe cộ, Văn bản"
119,Hình ảnh chính thương mại điện tử - Lời nhắc chụp ảnh thực phẩm thương mại siêu thực,"Một lời nhắc chi tiết để tạo ra ảnh chụp thực phẩm thương mại siêu thực, đặc biệt tập trung vào độ phân giải cao, lấy nét sắc nét và ánh sáng studio được kiểm soát để ghi lại hành động đóng băng giữa không trung của các nguyên liệu. Lời nhắc này được cấu trúc bằng JSON để kiểm soát chính xác các cài đặt đầu ra và chi tiết thẩm mỹ.","""resolution"": ""{argument name=""resolution"" default=""8K UHD""}"",

""aspect_ratio"": ""3:4"",

{ ""image_style"": ""{argument name=""image style"" default=""hyper-realistic commercial food photography""}"", ""quality"": ""Chi tiết cực cao, lấy nét sắc nét, độ rõ nét chuẩn studio"", ""lighting"": ""Ánh sáng studio mềm mại nhưng được kiểm soát với các điểm sáng rõ ràng và độ nét tia nước"", ""motion"": ""Hành động đóng băng giữa không trung, các nguyên liệu lơ lửng"",

""global_settings"": {

""background_style"": ""Nền đơn sắc hoặc chuyển màu mượt mà, màu sắc thay đổi theo từng module"", 
""camera"": ""Phong cách chụp ảnh tốc độ cao, độ sâu trường ảnh nông đến trung bình"", ""post_processing"": ""Độ tương phản cân bằng, độ bão hòa tự nhiên, không có ánh sáng nhân tạo"" }}","[""https://cms-assets.youmind.com/media/1768717588616_6tvblq_G-4KPKGWsAEk3FE.jpg"",""https://cms-assets.youmind.com/media/1768717588696_15yk0k_G-4KPJqWoAAzMee.jpg"",""https://cms-assets.youmind.com/media/1768717588636_hmnjxa_G-4KPJhXsAAoIPq.jpg"",""https://cms-assets.youmind.com/media/1768717590696_ewqa6m_G-4KPKCW0AEHtnA.jpg""]","{""name"":""Oogie"",""url"":""https://x.com/oggii_0""}",https://x.com/oggii_0/status/2012557350591434765,"Nhiếp ảnh, Điện ảnh, Sản phẩm, Đồ ăn, Nhân vật"
120,Hình ảnh chính thương mại điện tử - Chụp ảnh thực phẩm thương mại siêu thực,"Một prompt kỹ thuật tập trung vào việc tạo ra những bức ảnh chụp món ăn thương mại siêu thực, đặc biệt là ghi lại cảnh các nguyên liệu đang bay lơ lửng giữa không trung với hiệu ứng máy ảnh tốc độ cao và ánh sáng studio được kiểm soát.","{
'resolution': '8K UHD',
'aspect_ratio': '3:4',
'image_style': 'chụp ảnh thực phẩm thương mại siêu thực',
'global_settings': {
'quality': 'Chi tiết cực cao, lấy nét sắc nét, độ rõ nét chuẩn studio',
'lighting': 'Ánh sáng studio mềm mại nhưng được kiểm soát với các điểm sáng rõ ràng và độ nét của tia nước bắn',
'motion': 'Hành động đóng băng giữa không trung, các nguyên liệu lơ lửng',
'background_style': 'Nền đơn sắc hoặc chuyển màu mượt mà, màu sắc thay đổi tùy theo mô-đun',
'camera': 'Phong cách chụp ảnh tốc độ cao, độ sâu trường ảnh nông đến trung bình',
'post_processing': 'Độ tương phản cân bằng, độ bão hòa tự nhiên, không có ánh sáng nhân tạo'
}}","[""https://cms-assets.youmind.com/media/1768717518115_xlrzuh_G-3tFT8aAAAhglp.jpg"",""https://cms-assets.youmind.com/media/1768717518114_mzz1pn_G-3tFTAbkAEXFia.jpg"",""https://cms-assets.youmind.com/media/1768717518102_8djjav_G-3tFTtakAI0WQ3.jpg"",""https://cms-assets.youmind.com/media/1768717519186_r2eeu3_G-3tFVWasAAjgWp.jpg""]","{""name"":""𝐌"",""url"":""https://x.com/Strength04_X""}",https://x.com/Strength04_X/status/2012525300761133195,"Nhiếp ảnh, Điện ảnh, Đồ ăn, Nhân vật"
121,Hình ảnh chính thương mại điện tử - Mô hình sản phẩm Hanbok Hàn Quốc cao cấp (Trải phẳng đối xứng),"Một lời nhắc rất cụ thể được thiết kế để tạo ra mô hình sản phẩm sang trọng của các món đồ Hanbok truyền thống của Hàn Quốc theo bố cục phẳng, cân đối, đặt chính giữa. Nó yêu cầu một nền trắng tinh, liền mạch và mô tả tỉ mỉ vị trí, màu sắc và kết cấu của từng món đồ, từ chiếc Jeogori lụa đỏ thẫm ở trung tâm đến các phụ kiện xung quanh như Bokjumeoni và Binyeo, nhằm mục đích tạo ra một phong cách chụp ảnh thương mại biên tập, cân bằng.","Một mockup sản phẩm Hanbok (한복) truyền thống Hàn Quốc sang trọng với bố cục cân bằng hoàn hảo ở giữa trên nền trắng liền mạch.

VẢI BỐ & NỀN - QUAN TRỌNG:
- Nền trắng vô cực liền mạch lấp đầy toàn bộ khung hình từ cạnh này sang cạnh kia
- Nền mở rộng từ góc này sang góc kia không có đường viền rõ ràng
- Tông màu trắng ấm (#FFFAF5) sạch sẽ, liên tục, đồng nhất trên toàn bộ vải bố
- Không có hiệu ứng tối góc (vignetting), không giảm sáng, không tối ở các cạnh
- Cả bốn góc có màu sắc và độ sáng giống hệt nhau
- Phơi sáng đều trên toàn bộ hình ảnh từ trái sang phải, từ trên xuống dưới
BỐ CỤC - BỐ TRÍ ĐỐI XỨNG Ở GIỮA:
- Căn chỉnh trục giữa hoàn hảo
- Trọng lượng hình ảnh cân bằng ở hai bên trái và phải
- Sản phẩm được sắp xếp theo cấu trúc phân cấp hình tam giác
- Khoảng cách tối thiểu 10% giữa sản phẩm và các cạnh khung hình
HÀNG SAU (Trên cùng, giữa):
- GIỮA-SAU: Hộp quà màu đen mờ với viền Dancheong màu vàng, hoa sen (연꽃문) dập nổi, chữ ""한스타일 Hstyle"" màu vàng
- TRÁI-SAU: Túi mua sắm màu kem với biểu tượng Taegeuk màu vàng
- PHẢI-SAU: Hộp mở ra để lộ lớp lót lụa màu kem với họa tiết chim hạc vàng
HÀNG GIỮA (Trung tâm, nổi bật):
- CHÍNH GIỮA: Áo Hanbok Jeogori (저고리) lụa đỏ thẫm với thêu hoa mẫu đơn vàng trên vải lụa màu kem, tay áo xòe đối xứng, cổ áo trắng (동정) lộ rõ
HÀNG TRƯỚC (Cách đều):
- TRÁI: Quạt truyền thống (부채) với hoa mận
- GIỮA-TRÁI: Cành hoa mận
- GIỮA: Túi Bokjumeoni (복주머니) màu xanh hoàng gia với chữ 福 màu vàng
- GIỮA-PHẢI: Trâm cài Binyeo (비녀) màu vàng trên đệm kem
- PHẢI: Cành hoa mận
ÁNH SÁNG:
- Ánh sáng khuếch tán mềm mại từ trên cao
- Chiếu sáng đều bao gồm tất cả các góc và cạnh
- Không có bóng đổ định hướng về phía các cạnh khung hình
- Độ sáng nhất quán trên toàn bộ khung hình
MÁY ẢNH:
- Chụp thẳng, máy ảnh căn giữa hoàn hảo
- Tỷ lệ khung hình 4:5
- Sản phẩm được bố cục với khoảng cách an toàn từ tất cả các cạnh
- Nền phủ toàn bộ khung hình
PHONG CÁCH: Sang trọng cân bằng, mang tính biên tập, di sản Hàn Quốc, chụp ảnh sản phẩm thương mại
Negative prompt: tối góc (vignetting), góc tối, nền không đều, cạnh bị cắt, giảm sáng gradient, cạnh nền hiển thị, ánh sáng không nhất quán ở các đường viền
Chữ ký viết tay ""Willy"" đầy phong cách bằng chữ vàng nhỏ ở góc dưới bên phải.","[""https://cms-assets.youmind.com/media/1768717573973_la4jzd_G-3I-OnXgAAXBks.jpg""]","{""name"":""Willy"",""url"":""https://x.com/jw660227""}",https://x.com/jw660227/status/2012485594723848458,"Sản phẩm, Nhân vật, Văn bản"
122,Hình ảnh chính thương mại điện tử - Nhiếp ảnh bắn tung tóe cà phê và sô cô la siêu điện ảnh,"Một JSON prompt cực kỳ chi tiết để tạo ra hình ảnh dọc, siêu điện ảnh về các yếu tố cà phê lơ lửng giữa không trung, được thiết kế cho quảng cáo quán cà phê cao cấp. Nó chỉ định các hạt cà phê đổ xuống, sô cô la bonbon nổi, nghệ thuật latte xoáy và những giọt sữa cùng espresso đông cứng, sử dụng ánh sáng studio tương phản cao đầy kịch tính và chi tiết chụp ảnh macro để đạt được sự siêu thực.","{
  ""composition"": {
    ""orientation"": ""vertical"",
    ""style"": ""ultra-cinematic"",
    ""scene_type"": ""các yếu tố lơ lửng giữa không trung"",
    ""depth_of_field"": ""độ sâu trường ảnh nông kiểu điện ảnh""
  },
  ""subject"": {
    ""main_elements"": [
      ""hạt cà phê rang chảy tràn"",
      ""sô cô la bonbon lơ lửng"",
      ""tách cà phê lơ lửng giữa không trung với nghệ thuật latte xoáy"",
      ""những giọt sữa bắn tung tóe đóng băng trong chuyển động"",
      ""những giọt espresso bắn tung tóe đóng băng trong chuyển động"",
      ""bột cà phê mịn bay lất phất trong không khí""
    ],
    ""motion_state"": ""nhiếp ảnh bắn tung tóe hành động đóng băng""
  },
  ""color_palette"": {
    ""primary_colors"": [
      ""nâu cà phê đậm"",
      ""kem ấm"",
      ""đen espresso""
    ],
    ""background"": ""đen nhung sâu""
  },
  ""lighting"": {
    ""type"": ""ánh sáng studio tương phản cao ấn tượng"",
    ""highlights"": ""phản chiếu bóng bẩy trên chất lỏng"",
    ""shadows"": ""bóng tối sâu kiểu điện ảnh""
  },
  ""texture_detail"": {
    ""liquids"": [
      ""những giọt sữa bắn tung tóe bóng bẩy"",
      ""những giọt espresso bắn tung tóe bóng bẩy"",
      ""bọt crema với chi tiết siêu nhỏ""
    ],
    ""solids"": [
      ""hạt cà phê rang mờ"",
      ""bề mặt sô cô la bonbon mịn màng"",
      ""bột cà phê hạt mịn""
    ]
  },
  ""photography_style"": {
    ""genre"": ""quảng cáo quán cà phê cao cấp"",
    ""aesthetic"": ""nhiếp ảnh bắn tung tóe kiểu biên tập"",
    ""clarity"": ""sắc nét siêu chi tiết""
  },
  ""camera"": {
    ""camera_model"": ""Nikon D850 (ảo)"",
    ""lens"": ""macro 105mm"",
    ""aperture"": ""f/4.0"",
    ""focus"": ""chủ thể sắc nét với hậu cảnh mờ dần""
  },
  ""render_quality"": {
    ""detail_level"": ""siêu chi tiết"",
    ""realism"": ""chân thực như ảnh"",
    ""finish"": ""sản phẩm thương mại cao cấp""
  }
}","[""https://cms-assets.youmind.com/media/1768631177621_l8dp06_G-0YhclaQAEgsW-.jpg"",""https://cms-assets.youmind.com/media/1768631177668_8j4gck_G-0YhemaQAAlZOq.jpg""]","{""name"":""Sharon Riley"",""url"":""https://x.com/Just_sharon7""}",https://x.com/Just_sharon7/status/2012291576119312710,"Nhiếp ảnh, Điện ảnh, 3D, Sản phẩm, Nhân vật, Văn bản, UI/UX"
123,Hình ảnh chính thương mại điện tử - Bộ Sưu Tập Sô Cô La Cao Cấp 2x2,"Một lời nhắc có cấu trúc để tạo ảnh ghép lưới 2x2 gồm các bức ảnh ẩm thực chuyên nghiệp có độ phân giải cao tập trung vào sô cô la hảo hạng. Mỗi ô thể hiện một khía cạnh khác nhau của sô cô la (thanh, kẹo truffle, sô cô la fondue và quy trình làm), chỉ định ánh sáng (ánh sáng studio mềm, khuếch tán) và bảng màu (màu nâu đậm, đỏ thẫm) để tạo ra một tâm trạng sang trọng và hấp dẫn.","{
  ""image_metadata"": {
    ""title"": ""Bộ Sưu Tập Sô-cô-la Cao Cấp"",
    ""layout"": ""Bố cục lưới bốn ô (ảnh ghép 2x2)"",
    ""theme"": ""Nghệ thuật ẩm thực và bánh kẹo"",
    ""image_type"": ""Ảnh chụp thực phẩm chuyên nghiệp độ phân giải cao""
  },
  ""panels"": [
    {
      ""position"": ""top_left"",
      ""subject"": ""Thanh Sô-cô-la Đen Thủ Công"",
      ""details"": {
        ""base"": ""Hai thanh sô-cô-la đen dày"",
        ""toppings"": [""Hạnh nhân nguyên hạt"", ""Nửa quả óc chó"", ""Nam việt quất sấy khô"", ""Hạt điều""],
        ""surface"": ""Mặt bàn gỗ mộc mạc đã phong hóa"",
        ""composition"": ""Ảnh cận cảnh góc nghiêng làm nổi bật kết cấu""
      }
    },
    {
      ""position"": ""top_right"",
      ""subject"": ""Hộp Kẹo Sô-cô-la Truffle Tổng Hợp"",
      ""details"": {
        ""packaging"": ""Hộp quà màu nâu sẫm trang nhã với đế màu kem"",
        ""varieties"": [
          ""Sô-cô-la sữa xoắn ốc"",
          ""Kẹo truffle sô-cô-la trắng sọc"",
          ""Viên sô-cô-la đen phủ bột ca cao"",
          ""Miếng vuông điểm lá vàng"",
          ""Kẹo praline phủ hạt phỉ""
        ],
        ""quantity"": ""12 miếng thủ công có thể nhìn thấy trong từng khay giấy riêng""
      }
    },
    {
      ""position"": ""bottom_left"",
      ""subject"": ""Tháp Sô-cô-la Fondue"",
      ""details"": {
        ""fountain"": ""Tháp nhiều tầng bằng thép không gỉ với sô-cô-la sữa chảy"",
        ""dipping_items"": [""{argument name=\""dipping item 1\"" default=\""Dâu tây đỏ tươi\""}"", ""{argument name=\""dipping item 2\"" default=\""Kẹo dẻo marshmallow trắng và hồng bông xốp\""}""],
        ""background"": ""Nền bokeh (làm mờ) mềm mại hiển thị thêm các món ăn vặt khác"",
        ""vibe"": ""Bữa tiệc tráng miệng hoặc tiệc buffet sang trọng""
      }
    },
    {
      ""position"": ""bottom_right"",
      ""subject"": ""Quy Trình Làm Sô-cô-la"",
      ""details"": {
        ""person"": ""Đầu bếp mặc đồng phục ẩm thực chuyên nghiệp màu trắng"",
        ""action"": ""Đổ sô-cô-la lỏng đã được tôi luyện từ bình kim loại vào khuôn polycarbonate trong suốt"",
        ""equipment"": [""Khuôn sô-cô-la"", ""Bát trộn"", ""Bàn bếp chuyên nghiệp""],
        ""focus"": ""Sự chính xác và kỹ năng thủ công trong việc tôi luyện sô-cô-la""
      }
    }
  ],
  ""aesthetic_summary"": {
    ""lighting"": ""Ánh sáng studio mềm mại, khuếch tán để tăng cường kết cấu thực phẩm"",
    ""color_scheme"": ""Màu nâu đậm, đỏ thẫm, trắng kem và tông màu gỗ ấm áp"",
    ""overall_mood"": ""Thỏa mãn, tinh tế và hấp dẫn""
  }
}","[""https://cms-assets.youmind.com/media/1768631150315_8xogzk_G-y5TM2agAA8q6n.jpg""]","{""name"":""Bahar azam"",""url"":""https://x.com/BaharAzamm561""}",https://x.com/BaharAzamm561/status/2012186879136035098,"Chân dung, Nhiếp ảnh, Điện ảnh, Đồ ăn, Nhân vật, Xe cộ, UI/UX"
124,Tài sản trò chơi - Quy trình làm việc để chuyển đổi phong cách và tạo storyboard,"Đây không phải là một lời nhắc duy nhất mà là mô tả về quy trình làm việc nhiều bước sử dụng Nano Banana Pro để chuyển đổi phong cách và tạo bảng phân cảnh, yêu cầu cả hình ảnh nhân vật và hình ảnh tham chiếu cho phong cách mong muốn (nhân vật 'phồng lên').","hình ảnh thực tế của nhân vật của tôi + hình ảnh tham chiếu của một nhân vật ""phồng lên""","[""https://cms-assets.youmind.com/media/1768890736096_xfe39s_G_C2IC_XgAA2YbQ.jpg"",""https://cms-assets.youmind.com/media/1768890736113_3oxikz_G_C2IDAWsAAyRJ2.jpg"",""https://cms-assets.youmind.com/media/1768890736408_czx7hx_G_C2IDAWUAAhSiy.jpg""]","{""name"":""proper"",""url"":""https://x.com/ProperPrompter""}",https://x.com/ProperPrompter/status/2013309729167089868,"Nhân vật, Trò chơi"
126,Tài sản trò chơi - Tạo bản vẽ xoay vòng nhân vật,"Một lời nhắc văn bản đơn giản được sử dụng với Nano Banana Pro để tạo một bảng xoay ba góc nhìn (trước, bên, sau) của một nhân vật dựa trên hình ảnh nguồn được tải lên, tạo bằng Stable Diffusion. Điều này cho thấy cách nhanh chóng tạo tài sản thiết kế nhân vật.",Vui lòng tạo một bản vẽ xoay ba chiều cho cô gái đính kèm.,"[""https://cms-assets.youmind.com/media/1768890724152_s82h0m_G-_fDj1XYAAA2J-.jpg""]","{""name"":""Kuchan"",""url"":""https://x.com/kuchan5963""}",https://x.com/kuchan5963/status/2013072871703429311,"Minh họa, Nhân vật, Trò chơi, UI/UX"
127,Tài sản trò chơi - Gợi ý biến đổi nhân vật đầy kịch tính,"Một Nano Banana Pro prompt được thiết kế để biến một bức ảnh gốc thành bốn phong cách nhân vật siêu thực, cực kỳ chi tiết khác nhau, sử dụng các cảnh quay cận cảnh góc rộng và các góc máy ảnh cực đoan, năng động.","Biến bức ảnh gốc thành một bộ 4 nhân vật với phong cách khác nhau, đầy kịch tính, chân thực và siêu chi tiết, mỗi nhân vật là một bức ảnh cận cảnh góc rộng với góc máy cực kỳ năng động, được đặt ngay cạnh ống kính và trông khổng lồ.","[""https://cms-assets.youmind.com/media/1768804342437_nu8lid_G-67I_KW0AA-y2h.jpg"",""https://cms-assets.youmind.com/media/1768804342494_29ks18_G-62zL4WAAEtkio.jpg""]","{""name"":""ANKIT PATEL 🇮🇳 | AI"",""url"":""https://x.com/Ankit_patel211""}",https://x.com/Ankit_patel211/status/2012751932407107585,"Nhân vật, Trò chơi"
129,Tài sản trò chơi - Tạo Hình minh họa Phòng Isometric Dựa trên Khái niệm Nhân vật,"Một lời nhắc được sử dụng với Nano Banana Pro để tạo ra một hình minh họa đẳng cự về một căn phòng phản ánh tính cách của một nhân vật cụ thể, loại trừ rõ ràng chính nhân vật đó khỏi hình ảnh.","Hãy mô tả căn phòng của nhân vật này trong một hình minh họa đẳng cự (isometric) tưởng tượng.
Không yêu cầu mô tả về nhân vật.","[""https://cms-assets.youmind.com/media/1768804335672_ihlc7t_G-6jeQsXAAAjbhJ.jpg"",""https://cms-assets.youmind.com/media/1768804335434_1znwwv_G-6jbd3XcAA1QBT.jpg""]","{""name"":""十三不塔"",""url"":""https://x.com/shiisanpuutaa13""}",https://x.com/shiisanpuutaa13/status/2012729009126416430,"Nhiếp ảnh, Minh họa, Nhân vật, Trò chơi"