id,title,description,content,sourceMedia,author,sourceLink,keywords
4,Ưu Đãi Đặc Biệt Ngày Tết Dương Lịch: Câu Đố Bốn Ô Chúc Phúc Năm 2026,"Một lời nhắc đa bảng chi tiết cho Nano Banana Pro, tạo ra một ảnh ghép 2x2 ô vuông trong đó một nhân vật nữ duy nhất, trong bốn bộ trang phục và bối cảnh khác nhau, đang ghép một câu đố có nội dung '2026 New Year's Day Happy' ở giữa. Lời nhắc chỉ định giữ lại các đặc điểm khuôn mặt chính xác, chi tiết trang phục, các yếu tố nền và các thông số chụp ảnh theo phong cách tạp chí thời trang.","[Lưu ý: Giữ nguyên các đặc điểm khuôn mặt chính xác, giữ nguyên cấu trúc khuôn mặt ban đầu, nhân vật trong ảnh phải hoàn toàn nhất quán với hình ảnh tham chiếu đã tải lên] Ảnh studio cao cấp, lưới 2x2. Ô trên cùng bên trái (nền xanh hải quân): Nhân vật mặc váy đồng phục màu xanh hải quân, trang trí cúc vàng, tóc xoăn cổ điển với mũ nồi xanh và khuyên tai ngọc trai. Cô ấy dùng hai tay giữ một mảnh ghép hình lớn (mảnh trên cùng bên trái, có số ""20"" trên đó), di chuyển nó về phía trung tâm khung hình. Đôi mắt cô ấy tập trung vào khu vực ghép hình trung tâm, biểu cảm nghiêm túc, với một nụ cười nhẹ. Nền có các sọc xanh hải quân, một chiếc mỏ neo và dòng chữ ""Set Sail for the New Year"". Ô trên cùng bên phải (nền hồng hoa anh đào): Người phụ nữ tương tự mặc váy ren hồng, vòng cổ ngọc trai, kiểu tóc công chúa với kẹp tóc hoa hồng hồng và khuyên tai pha lê. Cô ấy dùng hai tay giữ mảnh ghép hình trên cùng bên phải (có số ""26"" trên đó), di chuyển nó về phía trung tâm để nối với mảnh trên cùng bên trái. Đôi mắt cô ấy nhìn vào đường nối của mảnh ghép, biểu cảm tập trung và mong đợi, cơ thể hơi nghiêng về phía trước. Nền có hoa anh đào hồng, dòng chữ ""Beautiful Encounter"", bướm và cánh hoa. Ô dưới cùng bên trái (nền xanh bạc hà): Người phụ nữ tương tự mặc váy cotton và linen màu xanh bạc hà, theo phong cách nghệ thuật, với mái tóc dài tự nhiên, băng đô xanh và khuyên tai gỗ. Cô ấy dùng hai tay giữ mảnh ghép hình dưới cùng bên trái (có dòng chữ ""New Year's Day"" trên đó), di chuyển nó lên trên để nối với mảnh trên cùng bên trái. Đôi mắt cô ấy nhìn vào mảnh ghép, biểu cảm nghiêm túc, và miệng hơi mím lại. Nền có cây xanh, dòng chữ ""Hope Grows"", chồi non và lá. Ô dưới cùng bên phải (nền vàng chanh): Người phụ nữ tương tự mặc váy vàng với họa tiết hoa hướng dương, tóc tết hai bím với nơ vàng. Cô ấy đẩy mảnh ghép hình cuối cùng ở dưới cùng bên phải (có dòng chữ ""Happy"" trên đó) để hoàn thành bức ghép. Bốn mảnh ghép hoàn hảo tạo thành hình ảnh hoàn chỉnh ""2026 New Year's Day Happy"" ở trung tâm khung hình. Cô ấy ngẩng đầu ra sau, nhìn vào bức ghép đã hoàn thành, khuôn mặt rạng rỡ với nụ cười thành công, vui vẻ. Trung tâm khung hình bùng nổ ánh sáng vàng và pháo hoa. Nền có mặt trời vàng, dòng chữ ""Complete Success"", các biểu tượng mặt cười và hoa hướng dương. Các mảnh ghép hội tụ từ bốn góc vào trung tâm để tạo thành một bức tranh hoàn chỉnh. Trang điểm rõ nét, ánh sáng vòng sáng, ống kính 85mm, khẩu độ f/1.8, bố cục bốn ô với tương tác ghép hình, phong cách tạp chí thời trang.","[""https://cms-assets.youmind.com/media/1767455034932_ivuvu0_G9V-MszakAEAIBw.jpg""]","{""name"":""松果先森"",""url"":""https://x.com/songguoxiansen""}",https://x.com/songguoxiansen/status/2005822648027091031,"Nhiếp ảnh, Cổ điển, Nhân vật, Thời trang, Văn bản, UI/UX"
7,Sơ đồ 'Đầm lầy' Phát triển AI Agent,"Một lời nhắc dựa trên JSON chi tiết dành cho Nano Banana Pro để tạo ra sơ đồ 'Swamp' (một định dạng meme phổ biến trên internet) minh họa tính chất tuần hoàn của việc bị mắc kẹt trong quá trình phát triển AI Agent. Lời nhắc xác định cấu trúc, phong cách (đơn giản, minh họa dễ thương), bố cục (đường dẫn giới thiệu thẳng dẫn vào một vòng lặp theo chiều kim đồng hồ) và các nút cụ thể với nhân vật, hình ảnh và thuật ngữ đối thoại/suy nghĩ của sơ đồ.","diagram:
  title: ""{argument name=""diagram title"" default=""Vòng Lặp Đầm Lầy Phát Triển AI Agent Sinh Thành""}""
  style:
    character: ""simple_editorial_cute""
    tone: ""light_like_original""
    line: ""soft_round""
    shading: ""flat_minimal""
    palette: ""muted_editorial""
    background: ""light_beige_or_white""

  rule:
    first_character_only: ""Chỉ người đầu tiên là khác""
    others_same_character: ""Tất cả những người khác đều là một""
    anxiety_requires_tech_terms: true
    dialogue_tone: ""Giữ nguyên cách diễn đạt ngắn gọn, nhẹ nhàng của sơ đồ gốc""

layout:
  intro_track: ""Phần trên là một đường thẳng (từ trái sang phải), sau đó rẽ xuống để nối vào vòng lặp""
  loop_track: ""Sắp xếp thành một vòng lặp (hình tròn), với các mũi tên cong theo chiều kim đồng hồ dọc theo chu vi""

nodes:
  # ===== Upper Section: Straight Introduction =====
  - id: A
    zone: ""intro""
    position: ""upper_left""
    actor: ""Người khác (Kỹ sư cấp cao)""
    visual: ""Chỉ vào máy tính xách tay""
    item: ""Màn hình Demo AI Agent""
    says: ""Nó sẽ làm bạn hạnh phúc.""
    arrow_to: { id: B, shape: ""straight"", direction: ""right"" }

  - id: B
    zone: ""intro""
    position: ""upper_center""
    actor: ""Nhân vật chính (Cùng một người)""
    visual: ""Vẫy tay nhẹ""
    says: ""Ngay cả một agent đơn giản...""
    arrow_to: { id: C, shape: ""straight"", direction: ""right"" }

  - id: C
    zone: ""intro""
    position: ""upper_right""
    actor: ""Nhân vật chính (Cùng một người)""
    visual: ""Thực thi mã mẫu""
    item: ""Mẫu LangChain / CrewAI""
    arrow_to: { id: D, shape: ""straight"", direction: ""down"" }

  # ===== D: Awakening Point =====
  - id: D
    zone: ""connector""
    position: ""right_outer_before_loop""
    actor: ""Nhân vật chính (Cùng một người)""
    visual:
      face: ""Mắt mở to (dễ thương)""
      effect: ""Vệt sáng nhỏ của sự cảm hứng""
      posture: ""Nghiêng người về phía trước""
    state: ""Thức tỉnh""
    says: ""Agent, cái này thật điên rồ...""
    micro_text: ""(Thức tỉnh ở đây)""
    arrow_to:
      id: E
      shape: ""gentle_curve""
      direction: ""down_into_ring""

  # ===== Loop Start (Must rotate from here) =====
  - id: E
    zone: ""loop""
    position: ""loop_right_upper""
    actor: ""Nhân vật chính (Cùng một người)""
    visual: ""Ôm đầu (dễ thương)""
    state: ""Bắt đầu lo lắng/khó chịu""
    says: ""Khó chịu""
    thought_terms:
      - ""Thiết kế Prompt""
      - ""Lựa chọn công cụ""
      - ""Thiết kế bộ nhớ""
    thought_text: ""Nó không hoạt động như mong đợi...""
    arrow_to: { id: F, shape: ""curved_along_ring"", direction: ""clockwise"" }

  - id: F
    zone: ""loop""
    position: ""loop_right_lower""
    actor: ""Nhân vật chính (Cùng một người)""
    visual: ""Bị bao quanh bởi mã và nhật ký""
    state: ""Sự khó chịu lắng xuống""
    says: ""Trong trạng thái khó chịu""
    callout: ""Vòng lặp! Chạy loạn! Ảo giác!""
    thought_terms:
      - ""RAG""
      - ""Gọi hàm""
      - ""Sử dụng công cụ""
    arrow_to: { id: G, shape: ""curved_along_ring"", direction: ""clockwise"" }

  - id: G
    zone: ""loop""
    position: ""loop_bottom""
    actor: ""Nhân vật chính (Cùng một người)""
    visual: ""Bị bao phủ bởi ghi chú và sơ đồ""
    says: ""Cơ thể dần dần phát triển khả năng chịu đựng, và việc sử dụng tăng lên.""
    items:
      - ""Sơ đồ kiến trúc Agent""
      - ""Ghi nhớ phân công vai trò""
      - ""Luồng chuyển đổi trạng thái""
    arrow_to: { id: H, shape: ""curved_along_ring"", direction: ""clockwise"" }

  - id: H
    zone: ""loop""
    position: ""loop_left_lower""
    actor: ""Nhân vật chính (Cùng một người)""
    visual: ""Hoạt động tốt, nắm tay nhỏ""
    state: ""Thỏa mãn tạm thời""
    says: ""Mong muốn tạm thời được thỏa mãn""
    arrow_to: { id: I, shape: ""curved_along_ring"", direction: ""clockwise"" }

  - id: I
    zone: ""loop""
    position: ""loop_left_upper""
    actor: ""Nhân vật chính (Cùng một người)""
    visual: ""Suy nghĩ lại""
    state: ""Ám ảnh/Chiếm hữu suy nghĩ""
    says: ""Suy nghĩ về agent""","[""https://cms-assets.youmind.com/media/1766667407596_i77nzi_G8ybmHWagAUO-CF.jpg""]","{""name"":""Studio Veco|日本一ダサい画像を生成する人"",""url"":""https://x.com/studio_veco""}",https://x.com/studio_veco/status/2003147059298443496,"Chân dung, Minh họa, Tối giản, Nội thất, Nhân vật, Văn bản, UI/UX, Meme"
13,Hồ sơ / Ảnh đại diện - Chân Dung Biên Tập Chụp Ảnh Tự Sướng Ban Đêm Với Đèn Flash,"Một JSON prompt rất cụ thể để tạo ảnh chân dung selfie cận cảnh siêu chân thực được chụp vào ban đêm bằng đèn flash trực tiếp từ điện thoại, đạt được vẻ ngoài tự nhiên nhưng mang tính biên tập. Nó yêu cầu khóa nhận dạng khuôn mặt nghiêm ngặt, mô tả chi tiết ngoại hình của chủ thể (tóc đen nhánh, chuỗi ngọc trai trên đầu), và chỉ định ánh sáng cùng phông nền (phòng chờ thiếu sáng, hiệu ứng bokeh nổi bật).","{
  ""generation_request"": {
    ""meta_data"": {
      ""tool"": ""NanoBanana Pro"",
      ""task_type"": ""photoreal_selfie_flash_nightlife_editorial"",
      ""version"": ""v1.0_PEARL_HEADCHAIN_SELFIE_FLASH_NO_AI_LOOK_NO_TEXT"",
      ""priority"": ""highest""
    },

    ""references"": {
      ""reference_image_1"": {
        ""source"": ""UPLOAD_REFERENCE_IMAGE (OPTIONAL)"",
        ""purpose"": ""FACE_IDENTITY_AND_GLAM_STYLE_LOCK"",
        ""strict_lock"": true,
        ""face_similarity_priority"": ""MAX"",
        ""no_identity_blending"": true,
        ""no_beautify"": true,
        ""no_age_shift"": true,
        ""preserve_skin_texture"": true,
        ""preserve_facial_proportions"": true,
        ""preserve_expression"": true
      }
    },

    ""output_settings"": {
      ""aspect_ratio"": ""4:5"",
      ""orientation"": ""portrait"",
      ""resolution_target"": ""ultra_high_res"",
      ""render_style"": ""flash_candid_editorial"",
      ""sharpness"": ""flash_crisp_face_soft_background"",
      ""film_grain"": ""subtle_35mm"",
      ""color_grade"": ""warm_night_flash_neutral_skin"",
      ""dynamic_range"": ""natural_not_hdr"",
      ""skin_rendering"": ""real_texture_editorial_finish""
    },

    ""creative_prompt"": {
      ""scene_summary"": ""Chân dung selfie cận cảnh siêu chân thực vào ban đêm với đèn flash điện thoại trực tiếp. Một phụ nữ trẻ quyến rũ với mái tóc đen nhánh dài thẳng nhìn vào máy ảnh với vẻ tự tin, hơi bĩu môi. Cô ấy đeo một chuỗi ngọc trai và pha lê phức tạp (kiểu lưới) phủ lên đường chân tóc với những giọt nhỏ lủng lẳng, cùng với đôi bông tai ngọc trai dài. Trang phục là một chiếc váy yếm lụa óng ánh màu ngà thanh lịch với độ che phủ vừa phải và các nếp vải chân thực. Tổng thể toát lên vẻ sang trọng của cuộc sống về đêm, tự nhiên nhưng mang tính biên tập, với kết cấu da sạch và cấu trúc khuôn mặt hoàn hảo."",

      ""environment"": {
        ""location"": ""phòng chờ trong nhà/ngoài trời mờ ảo / lối vào biệt thự vào ban đêm"",
        ""background"": ""xà gỗ tối màu, ánh sáng thực tế dịu nhẹ xung quanh, độ sâu trường ảnh nông, hiệu ứng bokeh nổi bật"",
        ""lighting"": ""đèn flash điện thoại trực tiếp là nguồn sáng chính, ánh sáng lấp đầy xung quanh tối thiểu, điểm nhấn phản chiếu chân thực trên ngọc trai""
      },

      ""subject"": {
        ""appearance"": {
          ""hair"": ""tóc đen dài thẳng, bóng mượt nhưng tự nhiên, sợi tóc rõ ràng, không bị bóng nhờn"",
          ""makeup"": ""trang điểm nhẹ nhàng quyến rũ, kẻ mắt sắc nét, lông mày rõ ràng, má hồng nhẹ, môi nude bóng, lỗ chân lông chân thực"",
          ""skin"": ""kết cấu da thật, không làm mịn, không có lớp hoàn thiện bằng nhựa""
        },
        ""accessories"": {
          ""headpiece"": ""chuỗi ngọc trai và pha lê dạng lưới, hoa văn lưới đối xứng trên đỉnh đầu, những giọt ngọc trai nhỏ lủng lẳng ở trán và hai bên, lấp lánh chân thực"",
          ""earrings"": ""bông tai ngọc trai dài, thanh lịch, phản chiếu chân thực""
        },
        ""wardrobe"": {
          ""dress"": ""váy yếm lụa óng ánh màu ngà, đường viền cổ thanh lịch, độ che phủ vừa phải, rủ tự nhiên và lấp lánh nhẹ""
        },
        ""pose"": ""góc chụp selfie, cánh tay duỗi về phía máy ảnh, vai thư giãn""
      }
    }
  }
}","[""https://cms-assets.youmind.com/media/1768890662377_5diu24_G_DbnLqWoAAEqSM.jpg""]","{""name"":""Özge Döner"",""url"":""https://x.com/astronomerozge1""}",https://x.com/astronomerozge1/status/2013350554542498168,"Chân dung, Nhiếp ảnh, Điện ảnh, 3D, Nhân vật, Văn bản, Logo, UI/UX"
16,Hồ sơ / Ảnh đại diện - Lời nhắc chuyển đổi chân dung Avatar Girl Studio,"Một JSON prompt chi tiết để tạo ra bức chân dung studio siêu thực của một người phụ nữ, biến đôi tai người của cô ấy thành đôi tai avatar giả tưởng thanh lịch trong khi vẫn giữ nguyên danh tính, kết cấu da và tỷ lệ khuôn mặt dựa trên hình ảnh tham chiếu.","{
  ""JOB_TYPE"": ""image_generation"",
  ""LANGUAGE"": ""vi"",
  ""REFERENCE_IMAGES"": {
    ""REF_1_SUBJECT_IDENTITY"": ""Sử dụng hình ảnh tham chiếu ĐẦU TIÊN làm nguồn DUY NHẤT cho danh tính của người phụ nữ (khuôn mặt, kết cấu da, tàn nhang, vùng mắt, mũi, môi, đường viền hàm, tỷ lệ). Giữ nguyên danh tính của cô ấy."",
    ""REF_2_OPTIONAL"": ""Nếu sử dụng tham chiếu thứ hai, nó CHỈ dành cho tâm trạng/ánh sáng. Không thay đổi danh tính.""
  },
  ""LOCKS"": {
    ""IDENTITY_LOCK"": ""Danh tính của người phụ nữ PHẢI khớp chính xác với REF_1. Không thay đổi tuổi tác, sắc tộc, cấu trúc khuôn mặt, kiểu tàn nhang, hình dạng mắt, mũi, môi hoặc kết cấu da."",
    ""STUDIO_LOCK"": ""Phải trông giống như một bức chân dung studio chuyên nghiệp với phông nền liền mạch màu trắng tinh khiết."",
    ""FRAMING_LOCK"": ""Chân dung chụp từ eo trở lên. Đầu hiển thị đầy đủ. Bố cục căn giữa.""
  },
  ""SCENE"": {
    ""SETTING"": ""phòng chụp ảnh chuyên nghiệp"",
    ""BACKGROUND"": ""phông nền liền mạch màu trắng tinh khiết, sạch sẽ và giảm thiểu bóng"",
    ""LIGHTING"": ""ánh sáng chính softbox + ánh sáng lấp đầy nhẹ nhàng, ánh sáng studio cường độ cao, phơi sáng đều, bóng mềm"",
    ""CAMERA"": {
      ""SHOT_TYPE"": ""chân dung chụp từ eo trở lên"",
      ""ANGLE"": ""ngang tầm mắt"",
      ""LENS_LOOK"": ""kiểu ống kính chân dung, phối cảnh tự nhiên, lấy nét sắc nét vào mắt"",
      ""QUALITY"": ""độ phân giải cực cao, chi tiết sắc nét, kết cấu da tự nhiên""
    }
  },
  ""SUBJECT"": {
    ""POSE"": ""tư thế thư giãn trung tính, vai tự nhiên, đầu hơi nghiêng nếu cần, biểu cảm bình tĩnh tự tin"",
    ""GAZE"": ""nhìn vào máy ảnh"",
    ""CLOTHING"": ""áo đơn giản tối giản (tông màu trung tính), không logo, phù hợp với studio""
  },
  ""TRANSFORMATIONS"": {
    ""AVATAR_EARS"": {
      ""DESCRIPTION"": ""Thay thế tai người bằng tai avatar giả tưởng thanh lịch: thon dài, hơi nhọn, hình dạng hữu cơ mềm mại, gắn tự nhiên vào đầu, hòa trộn và tạo bóng da chân thực, đối xứng, cân đối với khuôn mặt.""
    },
    ""HAIR"": {
      ""COLOR"": ""{argument name=\""hair color\"" default=\""xám bạc gần trắng (rất nhạt), tông lạnh\""}"",
      ""STYLE"": ""tóc tết rasta gọn gàng (tóc tết dreadlock), độ dày từ mỏng đến trung bình, đường rẽ ngôi da đầu rõ ràng, các cạnh gọn gàng, tết chuyên nghiệp, chiều dài bím tóc đồng đều, rủ tự nhiên quanh đầu và vai"",
      ""DETAILS"": ""độ nét sợi tóc cao, không xù, kết cấu sợi tóc chân thực""
    }
  },
  ""RENDERING_STYLE"": {
    ""LOOK"": ""chân dung studio siêu thực với các đặc điểm giả tưởng tinh tế"",
    ""SKIN"": ""giữ nguyên lỗ chân lông và tàn nhang tự nhiên, không da nhựa, không làm mịn quá mức"",
    ""COLOR_GRADING"": ""màu trung tính sạch sẽ, tông màu studio cường độ cao""
  },
  ""NEGATIVE_PROMPT"": [
    ""người khác"",
    ""khuôn mặt bị thay đổi"",
    ""thêm tai"",
    ""tai biến dạng"",
    ""tai không đối xứng"",
    ""mờ"",
    ""độ phân giải thấp"",
    ""hoạt hình"",
    ""anime"",
    ""da quá mịn"",
    ""trang điểm đậm"",
    ""bóng gắt"",
    ""nền màu"",
    ""nền lộn xộn"",
    ""văn bản"",
    ""hình mờ"",
    ""logo"",
    ""cắt đầu"",
    ""ra khỏi khung hình""
  ],
  ""OUTPUT"": {
    ""ASPECT_RATIO"": ""1:1"",
    ""STYLE_STRENGTH"": ""medium"",
    ""REA""
  }
}","[""https://cms-assets.youmind.com/media/1768890743764_g1j1r5_G_BuF5LW0AAIXpP.jpg""]","{""name"":""manolya"",""url"":""https://x.com/manolyaai""}",https://x.com/manolyaai/status/2013230284175495545,"Chân dung, Nhiếp ảnh, Điện ảnh, 3D, Anime, Tối giản, Nhân vật, Thời trang, Logo"
17,Hồ sơ / Ảnh đại diện - Gợi ý chụp ảnh selfie bãi biển tự nhiên bằng iPhone 15 Pro,"Một JSON prompt cực kỳ chi tiết, có cấu trúc cho Nano Banana Pro, mô phỏng một bức ảnh selfie tự nhiên, chụp từ góc cao bằng iPhone 15 Pro trên một bãi biển đầy nắng. Prompt này chỉ định các chi tiết chủ thể siêu thực (đặc điểm búp bê sứ, trang phục cụ thể và biểu cảm) cùng các ràng buộc kỹ thuật, bao gồm ánh sáng, môi trường và danh sách negative prompt.","{
    ""format"": {
      ""type"": ""biên tập"",
      ""intent"": ""thẳng thắn/tự chụp/ngẫu nhiên"",
      ""aspect_ratio"": ""9:16"",
      ""resolution"": ""4K""
    },
    ""camera_system"": {
      ""body"": ""iPhone 15 Pro"",
      ""lens"": ""Camera Chính"",
      ""focal_length"": ""24mm"",
      ""associative_traits"": ""nhiếp ảnh điện toán, độ sâu trường ảnh sâu, hiển thị kỹ thuật số sắc nét, phơi sáng tự động""
    },
    ""subject"": {
      ""identity"": ""cô gái trẻ với những đặc điểm búp bê sứ đặc trưng"",
      ""physical_details"": ""làn da trắng ngần không tì vết, đôi mắt xanh băng giá to tròn với hàng mi rõ nét, mũi nhỏ thanh tú, miệng chúm chím tự nhiên, tóc vàng bạch kim tết hai bím chặt, móng tay sơn màu xanh dương rực rỡ"",
      ""clothing"": ""áo ôm sát màu xanh nhạt với đường xẻ cổ chữ V rất sâu và rộng để lộ rõ vòng một"",
      ""action"": ""góc nhìn selfie từ trên cao, một tay che mắt chống lại ánh sáng chói ven biển, nhìn lên camera"",
      ""expression"": ""trung tính, mắt mở to, vô cảm, ánh nhìn trống rỗng như búp bê""
    },
    ""lighting"": {
      ""source"": ""ánh sáng ban ngày tự nhiên chói chang ven biển + phản xạ từ cát"",
      ""direction"": ""chiếu từ trên cao và lấp đầy đa hướng"",
      ""quality"": ""mềm mại, khuếch tán nhưng rất sáng"",
      ""color_temp"": ""ánh sáng ban ngày trung tính (5500K)"",
      ""fill"": ""lấp đầy tối đa từ phản xạ cát trắng sáng"",
      ""distribution"": ""chiếu sáng đều, ít bóng, làm nổi bật kết cấu da"",
      ""intent"": ""ngày biển sáng""
    },
    ""environment"": {
      ""setting"": ""bãi biển đầy cát vào ban ngày"",
      ""hero_materials"": [
        {
          ""material"": ""cát"",
          ""micro_detail"": ""hạt trắng mịn, phản chiếu cao""
        },
        {
          ""material"": ""vải"",
          ""micro_detail"": ""đồ bơi màu xanh nhạt/hỗn hợp cotton co giãn""
        },
        {
          ""material"": ""da"",
          ""micro_detail"": ""mịn màng, không lỗ chân lông, kết cấu sứ, hơi ẩm ướt do nóng""
        }
      ],
      ""objects"": ""đường chân trời đại dương mờ ảo ở phía xa, bãi cát rộng lớn"",
      ""state"": ""sáng sủa, nắng, ven biển""
    },
    ""technical_finish"": {
      ""film_stock"": ""Nguồn Kỹ thuật số"",
      ""exposure"": ""phơi sáng rực rỡ (high key)"",
      ""grain"": ""không/nhiễu kỹ thuật số"",
      ""tone_curve"": ""đường cong tông màu trung tính tuyến tính"",
      ""color_science"": ""bảng màu pastel (xanh nhạt, cát trắng, da nhợt nhạt), màu sắc ánh sáng ban ngày tự nhiên""
    },
    ""constraints"": {
      ""avoid"": [
        ""tuyết"",
        ""quần áo mùa đông"",
        ""móng tay đỏ"",
        ""áo đen"",
        ""cổ áo kín đáo"",
        ""bóng tối đậm""
      ],
      ""must_include"": [
        ""móng tay xanh"",
        ""áo xanh nhạt"",
        ""khe ngực sâu"",
        ""phông nền bãi biển"",
        ""đặc điểm búp bê sứ""
      ]
    }
  }","[""https://cms-assets.youmind.com/media/1768890705798_znhp8b_G_BJSVuWEAAzAMR.jpg""]","{""name"":""Emily"",""url"":""https://x.com/IamEmily2050""}",https://x.com/IamEmily2050/status/2013189624848633963,"Chân dung, Nhiếp ảnh, Điện ảnh, Nhân vật, Thời trang, Văn bản, Logo"
20,Hồ sơ / Ảnh đại diện - E-Girl Chụp Ảnh Tự Sướng Trong Ánh Sáng Hoàng Hôn,"Một JSON prompt chi tiết cho Gemini Nano Banana Pro, tập trung vào việc tạo ra một bức ảnh selfie chân thực như ảnh chụp của một người phụ nữ theo phong cách 'e-girl' hoặc 'soft grunge'. Nó chỉ định tóc vàng bạch kim, áo corset satin trắng in hình hoạt hình, và bối cảnh là hành lang trong nhà ngập tràn ánh nắng vàng ấm áp của giờ vàng.","{
  ""prompt_description"": {
    ""subject"": {
      ""type"": ""phụ nữ"",
      ""hair"": ""tóc dài, thẳng, màu vàng bạch kim"",
      ""features"": ""tông da sáng, trang điểm nhẹ nhàng, ngón tay đặt trên môi"",
      ""tattoos"": ""hình xăm chữ nhỏ trên ngực, hình xăm 'XXX' trên cổ tay""
    },
    ""outfit"": {
      ""top"": ""áo corset satin trắng có họa tiết hoạt hình/anime màu hồng (kiểu {argument name=\""cartoon character\"" default=\""My Melody\""}), viền ren, dây buộc nơ phía trước"",
      ""bottom"": ""chân váy mini xếp ly màu đen, gấu váy cắt thô"",
      ""accessories"": ""vớ đùi cao màu đen có ren phía trên, quần tất lưới"",
      ""phone_case"": ""ốp điện thoại minh họa phong cách anime đen trắng đồ họa""
    },
    ""pose"": {
      ""type"": ""selfie gương"",
      ""stance"": ""đứng, một bên hông hếch lên"",
      ""hand_position"": ""cầm điện thoại bằng tay phải, tay trái chạm môi""
    },
    ""environment"": {
      ""location"": ""hành lang hoặc phòng ngủ trong nhà"",
      ""background"": ""tường trắng, sàn gạch xám, áp phích đóng khung trên tường"",
      ""lighting"": ""ánh sáng mặt trời hoàng hôn vàng ấm, bóng đổ mềm mại"",
      ""decor"": ""tối giản, cây cảnh trong chậu ở hậu cảnh""
    },
    ""style"": {
      ""aesthetic"": ""e-girl, soft grunge, coquette, hợp thời trang"",
      ""camera_angle"": ""ngang tầm mắt, phản chiếu"",
      ""quality"": ""độ nét cao, chân thực như ảnh, màu sắc sống động""
    }
  }
}","[""https://cms-assets.youmind.com/media/1768890708248_z2jdm2_G-_zv_DXYAAIGDC.jpg""]","{""name"":""Mira"",""url"":""https://x.com/xmiiru_""}",https://x.com/xmiiru_/status/2013095567547666866,"Chân dung, Nhiếp ảnh, Điện ảnh, Minh họa, Anime, Tối giản, Nhân vật, Xe cộ, Thời trang, Văn bản, Poster"
21,Hồ sơ / Ảnh đại diện - Lời nhắc tạo ảnh tự họa (Placeholder),Một lời nhắc giữ chỗ được sử dụng trong quy trình làm việc để tạo ảnh tự chụp bằng Gemini Nano Banana Pro. Quy trình làm việc bao gồm việc tải lên những bức ảnh rõ nét về khuôn mặt của người dùng và sau đó sử dụng lời nhắc này để tạo hình ảnh.,"Tạo một bức chân dung siêu thực của chủ thể đã tải lên theo phong cách {argument name=""style"" default=""biên tập thời trang điện ảnh""} với {argument name=""lighting"" default=""ánh sáng studio ấn tượng""} và {argument name=""background"" default=""phông nền tối giản""}.","[""https://cms-assets.youmind.com/media/1768890740648_6sohxb_G-_wqcmXEAAYHrM.jpg""]","{""name"":""七表哥"",""url"":""https://x.com/seven_cuz""}",https://x.com/seven_cuz/status/2013092400701608349,"Chân dung, Điện ảnh, Tối giản, Cổ điển, Thời trang"
22,Hồ sơ / Ảnh đại diện - E-Girl Tự Chụp Ảnh Trong Ánh Sáng Hoàng Hôn (Bản Sao),"Một JSON prompt chi tiết cho Gemini Nano Banana Pro, tập trung vào việc tạo ra một bức ảnh selfie chân thực như ảnh chụp của một người phụ nữ theo phong cách 'e-girl' hoặc 'soft grunge'. Nó chỉ định tóc vàng bạch kim, áo corset bằng sa tanh trắng có in hình hoạt hình và bối cảnh là hành lang trong nhà ngập tràn ánh nắng vàng ấm áp của giờ vàng. (Bản sao của 2013095567547666866)","{
  ""prompt_description"": {
    ""subject"": {
      ""type"": ""phụ nữ"",
      ""hair"": ""tóc dài, thẳng, vàng bạch kim"",
      ""features"": ""da sáng, trang điểm nhẹ nhàng, ngón tay đặt trên môi"",
      ""tattoos"": ""hình xăm chữ nhỏ trên ngực, hình xăm 'XXX' trên cổ tay""
    },
    ""outfit"": {
      ""top"": ""áo corset satin trắng in hình hoạt hình/anime màu hồng (kiểu {argument name=\""cartoon character\"" default=\""My Melody\""}), viền ren, dây buộc nơ phía trước"",
      ""bottom"": ""chân váy mini xếp ly màu đen, gấu váy cắt thô"",
      ""accessories"": ""vớ đùi cao màu đen có ren, quần tất lưới"",
      ""phone_case"": ""ốp điện thoại minh họa phong cách anime đen trắng đồ họa""
    },
    ""pose"": {
      ""type"": ""tự chụp ảnh qua gương"",
      ""stance"": ""đứng, một bên hông hếch lên"",
      ""hand_position"": ""cầm điện thoại bằng tay phải, tay trái chạm môi""
    },
    ""environment"": {
      ""location"": ""hành lang hoặc phòng ngủ trong nhà"",
      ""background"": ""tường trắng, sàn gạch xám, áp phích đóng khung trên tường"",
      ""lighting"": ""ánh sáng mặt trời hoàng hôn vàng ấm, bóng đổ mềm mại"",
      ""decor"": ""tối giản, cây cảnh trong chậu ở hậu cảnh""
    },
    ""style"": {
      ""aesthetic"": ""e-girl, soft grunge, coquette, hợp thời trang"",
      ""camera_angle"": ""ngang tầm mắt, phản chiếu"",
      ""quality"": ""độ nét cao, chân thực như ảnh, màu sắc sống động""
    }
  }
}","[""https://cms-assets.youmind.com/media/1768890709718_8jx82s_G-_pBv0W0AAv4gM.jpg""]","{""name"":""Sudee🥀"",""url"":""https://x.com/NameIsSudee""}",https://x.com/NameIsSudee/status/2013083792937009531,"Chân dung, Nhiếp ảnh, Điện ảnh, Minh họa, Anime, Tối giản, Nhân vật, Xe cộ, Thời trang, Văn bản, Poster"
23,Hồ sơ / Ảnh đại diện - Chụp ảnh selfie điện thoại thiếu sáng với ánh sáng màn hình,"Một văn bản nhắc chi tiết cho Nano Banana Pro để tạo ra một bức ảnh selfie điện thoại dọc, chân thực, thiếu sáng trong phòng ngủ mờ ảo, nhấn mạnh ánh sáng xanh tím mát lạnh từ màn hình hắt lên khuôn mặt và một vẻ đẹp buồn ngủ, lo-fi, yêu cầu sử dụng khuôn mặt tham chiếu.","Chụp ảnh selfie bằng điện thoại theo chiều dọc, chân thực, trong điều kiện ánh sáng yếu, trong phòng ngủ thiếu sáng vào ban đêm. Khuôn mặt giống như ảnh tham khảo (không thay đổi). Ánh sáng xanh tím mát lạnh từ màn hình chiếu lên khuôn mặt nhợt nhạt; hậu cảnh chủ yếu tối với rèm cửa màu be cản sáng ở bên trái. Cảm giác buồn ngủ, ấm cúng, không khí lo-fi đêm khuya.
Cận cảnh, góc hơi thấp. Chủ thể nằm sấp, tựa vào chiếc gối màu xám có họa tiết tinh tế. Tóc đen bù xù với mái lưa thưa. Ánh mắt dịu dàng, mơ màng/trống rỗng, miệng hơi hé. Tay gần mặt, ngón trỏ chạm vào môi dưới.
Mặc một chiếc {argument name=""clothing item"" default=""áo hai dây màu đen""}; dây áo ren mỏng có thể nhìn thấy, vai trái trần. Lấy nét mềm, có thể nhìn thấy hạt/nhiễu, độ tương phản cao giữa khuôn mặt được chiếu sáng và hậu cảnh tối.
Negative Prompt:
ánh sáng ban ngày chói chang, nắng, ánh sáng studio/đèn flash, tông màu ấm/cam, ngoài trời, lấy nét sắc nét, máy ảnh chuyên nghiệp, 4k sạch, da mịn màng, trang điểm đậm, hoạt hình, anime, kết xuất 3D, bàn tay biến dạng, thừa/thiếu ngón tay, khuôn mặt mất nét.","[""https://cms-assets.youmind.com/media/1768804273563_s6vi3f_G-9PfqUbUAA0A3k.jpg""]","{""name"":""Kevin Hudson"",""url"":""https://x.com/fnjialun""}",https://x.com/fnjialun/status/2012914967117541703,"Chân dung, 3D, Anime, Thời trang"
25,Hồ sơ / Ảnh đại diện - Ảnh phong cách sống của người có ảnh hưởng cao cấp với chủ đề Cheetos,"Một JSON prompt toàn diện cho Nano Banana Pro để tạo ra một hình ảnh phong cách sống siêu chân thực, cao cấp về một người mẫu nữ có đường cong tạo dáng tinh nghịch trên bàn bếp với các phụ kiện chủ đề Cheetos, nhấn mạnh độ sắc nét và ánh sáng tự nhiên ban ngày.","{
  ""meta"": {
    ""aspect_ratio"": ""9:16"",
    ""quality"": ""ultra_photorealistic"",
    ""resolution"": ""8k"",
    ""camera"": ""Sony A7R IV"",
    ""lens"": ""50mm f/1.4 GM"",
    ""style"": ""chụp ảnh phong cách sống của người có ảnh hưởng cao cấp, lấy nét sắc nét, ánh sáng tự nhiên ban ngày, tính thẩm mỹ của tệp thô""
  },

  ""scene"": {
    ""location"": ""nhà bếp ở nhà ngoại ô"",
    ""environment"": [
      ""mặt bàn đá granite với các đốm màu be và nâu"",
      ""tủ gỗ tối màu ở phía sau"",
      ""khu vực ăn uống mờ ảo với ghế tối màu"",
      ""cửa sổ lớn có rèm cho ánh sáng tự nhiên chiếu vào"",
      ""cây xanh nhìn thấy qua cửa sổ mờ""
    ],
    ""time"": ""giữa trưa"",
    ""atmosphere"": ""vui tươi, tinh nghịch, sống động, quyến rũ giản dị""
  },

  ""lighting"": {
    ""type"": ""ánh sáng tự nhiên và ánh sáng trong nhà hỗn hợp"",
    ""key_light"": ""ánh sáng ban ngày khuếch tán mềm mại từ cửa sổ (phía sau bên phải)"",
    ""fill_light"": ""ánh sáng xung quanh phòng phản chiếu từ các bức tường sáng"",
    ""effect"": ""bóng mềm trên da, điểm sáng rực rỡ trên tóc, độ giảm tự nhiên ở hậu cảnh"",
    ""reflections"": ""phản chiếu bóng loáng trên các túi Cheetos""
  },

  ""camera_perspective"": {
    ""pov"": ""ngang tầm mắt so với chủ thể trên quầy"",
    ""framing"": ""cảnh trung bình, từ đầu gối đến đầu"",
    ""focus"": ""độ sâu trường ảnh nông (phông nền bokeh), lấy nét sắc nét vào mắt và mặt""
  },

  ""subject"": {
    ""gender"": ""nữ"",
    ""age"": ""đầu tuổi 20"",
    ""ethnicity"": ""Caucasian"",
    ""body"": {
      ""type"": ""thể hình cân đối, có đường cong"",
      ""skin"": ""da trắng, kết cấu da chân thực với lỗ chân lông có thể nhìn thấy và màu hồng tự nhiên, không chỉnh sửa bằng airbrush"",
      ""waist"": ""thon gọn"",
      ""glutes"": ""nổi bật và có đường cong (được nhấn mạnh bởi tư thế)"",
      ""legs"": ""săn chắc""
    },

    ""hair"": {
      ""color"": ""đỏ đồng rực rỡ"",
      ""length"": ""dài, đến giữa lưng"",
      ""style"": ""thẳng với kiểu tóc đuôi ngựa buộc nửa đầu cao, những sợi tóc lỏng lẻo ôm lấy khuôn mặt"",
      ""texture"": ""mượt mà nhưng chân thực, bắt sáng""
    },

    ""face"": {
      ""expression"": ""nụ cười quyến rũ, ánh mắt tự tin nhìn lại qua vai"",
      ""eyes"": ""xanh dương sáng sắc sảo"",
      ""makeup"": ""trang điểm lộng lẫy, nền lì, mascara đậm, kẻ mắt cánh, môi hồng nhạt"",
      ""details"": ""đường quai hàm sắc nét, khuyên tai vòng bạc có thể nhìn thấy""
    },

    ""pose"": {
      ""position"": ""quỳ trên đảo bếp/quầy"",
      ""orientation"": ""nhìn nghiêng/cạnh, xoay thân về phía máy ảnh"",
      ""back"": ""cong mạnh (tư thế ưỡn cột sống)"",
      ""hands"": ""đặt trên đùi/quầy để hỗ trợ"",
      ""head"": ""hơi quay sang trái để đối mặt trực tiếp với ống kính""
    },

    ""outfit"": {
      ""bikini"": {
        ""color"": ""{argument name=\""bikini color\"" default=\""bright yellow\""} với viền cam"",
        ""style"": ""áo tam giác và quần lọt khe"",
        ""fabric"": ""chất liệu đồ bơi lì, dây áo hơi căng"",
        ""details"": ""dây buộc ở cổ và hông""
      },
      ""accessories"": {
        ""socks"": ""tất mắt cá chân với họa tiết ngọn lửa kiểu Cheetos (vàng/đỏ/cam)"",
        ""jewelry"": ""khuyên tai vòng bạc lớn mỏng, del""
      }
    }
  }
}","[""https://cms-assets.youmind.com/media/1768804267806_x3g5yk_G-82wiRWIAArc6r.jpg""]","{""name"":""Bananai"",""url"":""https://x.com/aibananai""}",https://x.com/aibananai/status/2012887772235743238,"Chân dung, Nhiếp ảnh, Điện ảnh, Nhân vật, Xe cộ, Thời trang, Thành phố, Văn bản, UI/UX"
26,Hồ sơ / Ảnh đại diện - Gen Z Influencer Chụp Ảnh Tự Sướng Trong Hành Lang Màu Pastel,"Một lời nhắc tạo ảnh cực kỳ chi tiết, chân thực như ảnh chụp cho một bức ảnh selfie trước gương với phong cách của một influencer Gen Z. Nó mô tả ngoại hình của chủ thể (tóc búi không gian màu vàng bạch kim, trang điểm cụ thể), trang phục (váy ống xếp ly màu xanh pastel, giày cao gót màu cam), tư thế (quỳ gối, kéo tóc) và một môi trường hành lang trong nhà màu pastel chi tiết, bao gồm cả chi tiết điện thoại cụ thể.","{
  ""meta_data"": {
    ""prompt_version"": ""2.0"",
    ""use_case"": ""Tạo ảnh siêu thực"",
    ""main_subject_count"": 1
  },
  ""subject_layer"": {
    ""anatomy"": {
      ""demographics"": {
        ""gender"": ""Nữ"",
        ""age_group"": ""Người trẻ tuổi"",
        ""ethnicity"": ""Da trắng"",
        ""skin_tone"": ""Sáng với tông đào ấm"",
        ""build"": ""Cân đối, nhỏ nhắn""
      },
      ""face_detail"": {
        ""eyes"": {
          ""color"": ""Xanh dương"",
          ""makeup"": ""Kẻ mắt mèo đen sắc sảo, lông mi rõ nét""
        },
        ""nose"": ""Nhỏ, hình cúc áo"",
        ""mouth"": {
          ""shape"": ""Mở hình chữ 'O' (chu môi/ngạc nhiên)"",
          ""teeth_visibility"": ""Thấy răng trên"",
          ""tongue_visibility"": ""Hơi thấy lưỡi phía sau răng"",
          ""lip_color"": ""Hồng nhạt, tự nhiên""
        },
        ""complexion_accents"": ""Má hồng đậm màu hồng cánh sen trên má và sống mũi (kiểu da rám nắng)""
      },
      ""hair"": {
        ""color"": ""Tóc vàng bạch kim"",
        ""style_core"": ""Hai búi tóc không gọn gàng trên đỉnh đầu"",
        ""framing"": ""Những sợi tóc dài buông lơi ôm lấy khuôn mặt"",
        ""interaction"": ""Chủ thể đang kéo một sợi tóc dài sang một bên bằng tay trái""
      }
    },
    ""attire_layer"": {
      ""garment_main"": {
        ""item"": ""Đầm ống"",
        ""length"": ""Ngắn"",
        ""fit"": ""Ôm sát/Bodycon"",
        ""color"": ""{argument name=\""dress color\"" default=\""Xanh lá chanh pastel\""}"",
        ""texture"": ""Vải nhún, các nếp gấp ngang tự nhiên""
      },
      ""accessories"": {
        ""neck"": ""Vòng cổ choker hạt màu xanh ngọc/xanh mòng két to bản""
      },
      ""footwear"": {
        ""type"": ""Giày cao gót mũi nhọn"",
        ""visibility"": ""Một chiếc giày có thể nhìn thấy trên bàn chân nhấc lên"",
        ""color_way"": ""Cam""
      }
    },
    ""pose_dynamics"": {
      ""posture"": ""Quỳ trên sàn, đầu gối dang rộng, hơi ưỡn lưng dưới"",
      ""orientation"": ""Hướng mặt về phía gương"",
      ""limb_placement"": {
        ""right_arm"": ""Giơ lên cầm điện thoại gần mặt"",
        ""left_arm"": ""Duỗi sang bên giữ sợi tóc"",
        ""legs"": ""Quỳ gối, một bàn chân hơi nhấc lên phía sau""
      }
    }
  },
  ""environment_layer"": {
    ""setting_type"": ""Hành lang/sảnh trong nhà"",
    ""spatial_layout"": {
      ""floor"": ""Thảm trải sàn màu vàng nhạt sang trọng"",
      ""walls"": ""Sơn màu hồng nhạt, ván chân tường màu trắng"",
      ""background_left"": ""Cửa gỗ màu đỏ với tay nắm bạc, công tắc đèn màu trắng"",
      ""background_right"": ""Cầu thang với lan can màu hồng và bậc thang trải thảm màu tím""
    }
  },
  ""composition_and_tech"": {
    ""framing"": {
      ""type"": ""Ảnh tự chụp qua gương"",
      ""angle"": ""Ngang tầm mắt"",
      ""prop_device"": ""Điện thoại thông minh iPhone màu trắng ngà, ốp lưng óng ánh/cầu vồng, camera sau có thể nhìn thấy""
    },
    ""lighting"": {
      ""source"": ""Ánh sáng tự nhiên trong nhà khuếch tán"",
      ""direction"": ""Trước/Phải"",
      ""shadows"": ""Bóng mềm, tự nhiên trên tường phía sau""
    },
    ""aesthetic_style"": {
      ""visual_core"": ""Chủ nghĩa siêu thực"",
      ""vibe"": ""Gen Z Infl""
    }
  }
}","[""https://cms-assets.youmind.com/media/1768804290245_yyhrbj_G-8HddUX0AAJbA4.jpg"",""https://cms-assets.youmind.com/media/1768804290325_vsx8to_G-8w2MhWsAANB8i.jpg"",""https://cms-assets.youmind.com/media/1768804290419_4oztcw_G-8w2OvWIAAvfYU.jpg"",""https://cms-assets.youmind.com/media/1768804291792_2opmkn_G-8HddUWsAA21S7.jpg""]","{""name"":""KeorUnreal"",""url"":""https://x.com/KeorUnreal""}",https://x.com/KeorUnreal/status/2012881277297311760,"Chân dung, Nhóm người, Nhiếp ảnh, Điện ảnh, Thành phố, Văn bản, UI/UX"
27,Hồ sơ / Ảnh đại diện - Ảnh Chụp Selfie Phản Chiếu Chân Thực Với Tóc Búi Không Gian Và Váy Hồng (Bản Sao),"Một JSON prompt chi tiết cho Nano Banana Pro để tạo ra một bức ảnh selfie phản chiếu chân thực của một phụ nữ trẻ đang quỳ trên sàn trải thảm, mặc một chiếc váy ống màu hồng pastel và đi giày thể thao cổ cao, nhấn mạnh các biểu cảm khuôn mặt cụ thể, kiểu tóc (tóc búi hai bên), và bố cục môi trường chi tiết.","{
  ""meta_data"": {
    ""prompt_version"": ""2.0"",
    ""use_case"": ""Photorealistic Image Generation"",
    ""main_subject_count"": 1
  },
  ""subject_layer"": {
    ""anatomy"": {
      ""demographics"": {
        ""gender"": ""Nữ"",
        ""age_group"": ""Người trẻ tuổi"",
        ""ethnicity"": ""Da trắng"",
        ""skin_tone"": ""Sáng với tông đào ấm"",
        ""build"": ""Mảnh mai, nhỏ nhắn""
      },
      ""face_detail"": {
        ""eyes"": {
          ""color"": ""Xanh dương/Xám"",
          ""makeup"": ""Kẻ mắt mèo sắc nét màu đen, lông mi rõ ràng""
        },
        ""nose"": ""Nhỏ, hình cúc áo"",
        ""mouth"": {
          ""shape"": ""Mở hình chữ 'O' (chu môi/ngạc nhiên)"",
          ""teeth_visibility"": ""Thấy răng hàm trên"",
          ""tongue_visibility"": ""Hơi thấy lưỡi phía sau răng"",
          ""lip_color"": ""Hồng nhạt, tự nhiên""
        },
        ""complexion_accents"": ""Má hồng đậm màu hồng phấn trên má và sống mũi (kiểu da rám nắng)""
      },
      ""hair"": {
        ""color"": ""Vàng sẫm đến nâu nhạt"",
        ""style_core"": ""Hai búi tóc cao lộn xộn"",
        ""framing"": ""Những sợi tóc dài lỏng lẻo ôm lấy khuôn mặt"",
        ""interaction"": ""Chủ thể đang dùng tay trái kéo một sợi tóc dài sang một bên""
      }
    },
    ""attire_layer"": {
      ""garment_main"": {
        ""item"": ""Váy ống"",
        ""length"": ""Ngắn"",
        ""fit"": ""Ôm sát/Bodycon"",
        ""color"": ""{argument name=\""dress color\"" default=\""Hồng pastel\""}"",
        ""texture"": ""Vải nhún, các nếp gấp ngang tự nhiên""
      },
      ""accessories"": {
        ""neck"": ""Vòng cổ choker hạt màu xanh ngọc/xanh mòng két to bản""
      },
      ""footwear"": {
        ""type"": ""Giày thể thao cổ cao"",
        ""visibility"": ""Một chiếc giày có thể nhìn thấy trên bàn chân nhấc lên"",
        ""color_way"": ""Đế trắng với các mảng màu xanh navy và xám""
      }
    },
    ""pose_dynamics"": {
      ""posture"": ""Quỳ trên sàn, hai đầu gối dang rộng, hơi ưỡn lưng dưới"",
      ""orientation"": ""Hướng mặt về phía gương"",
      ""limb_placement"": {
        ""right_arm"": ""Giơ lên cầm điện thoại gần mặt"",
        ""left_arm"": ""Duỗi sang một bên giữ sợi tóc"",
        ""legs"": ""Quỳ, một bàn chân hơi nhấc lên phía sau""
      }
    }
  },
  ""environment_layer"": {
    ""setting_type"": ""Hành lang/ chiếu nghỉ trong nhà"",
    ""spatial_layout"": {
      ""floor"": ""Thảm lông màu xám nhạt trải kín sàn"",
      ""walls"": ""Sơn màu xanh lam-xám nhạt, chân tường màu trắng"",
      ""background_left"": ""Cửa gỗ màu trắng với tay nắm bạc, công tắc đèn màu trắng"",
      ""background_right"": ""Cầu thang với lan can trắng và bậc thang trải thảm xám""
    }
  },
  ""composition_and_tech"": {
    ""framing"": {
      ""type"": ""Chụp ảnh tự sướng qua gương"",
      ""angle"": ""Ngang tầm mắt"",
      ""prop_device"": ""Điện thoại thông minh màu trắng, ốp lưng màu ngọc trai/cầu vồng, có thể nhìn thấy camera sau""
    },
    ""lighting"": {
      ""source"": ""Ánh sáng tự nhiên trong nhà khuếch tán"",
      ""direction"": ""Phía trước/Bên phải"",
      ""shadows"": ""Bóng mềm mại, tự nhiên trên bức tường phía sau""
    },
    ""aesthetic_style"": {
      ""visual_core"": ""Chủ nghĩa hiện thực ảnh"",
      ""vibe"": """"
    }
  }
}","[""https://cms-assets.youmind.com/media/1768804287979_vtssaf_G-8kul8XQAEeLFK.jpg""]","{""name"":""Emer"",""url"":""https://x.com/emer_web3""}",https://x.com/emer_web3/status/2012867953574936773,"Chân dung, Nhóm người, Nhiếp ảnh, Điện ảnh, Thành phố, Văn bản, UI/UX"
28,Hồ sơ / Ảnh đại diện - Ảnh selfie chân thực như ảnh chụp gương với tóc búi hai bên và váy hồng,"Một JSON prompt chi tiết cho Nano Banana Pro để tạo ra một bức ảnh selfie chân thực như ảnh chụp của một phụ nữ trẻ đang quỳ trên sàn trải thảm, mặc một chiếc váy ống màu hồng pastel và đi giày thể thao cổ cao, nhấn mạnh các biểu cảm khuôn mặt cụ thể, kiểu tóc (tóc búi hai bên), và bố cục môi trường chi tiết.","{
  ""meta_data"": {
    ""prompt_version"": ""2.0"",
    ""use_case"": ""Photorealistic Image Generation"",
    ""main_subject_count"": 1
  },
  ""subject_layer"": {
    ""anatomy"": {
      ""demographics"": {
        ""gender"": ""Nữ"",
        ""age_group"": ""Người trẻ tuổi"",
        ""ethnicity"": ""Da trắng"",
        ""skin_tone"": ""Sáng với tông đào ấm"",
        ""build"": ""Mảnh mai, nhỏ nhắn""
      },
      ""face_detail"": {
        ""eyes"": {
          ""color"": ""Xanh dương/Xám"",
          ""makeup"": ""Kẻ mắt mèo đen sắc sảo, lông mi rõ nét""
        },
        ""nose"": ""Nhỏ, hình cúc áo"",
        ""mouth"": {
          ""shape"": ""Mở hình chữ 'O' (chu môi/ngạc nhiên)"",
          ""teeth_visibility"": ""Thấy răng hàm trên"",
          ""tongue_visibility"": ""Hơi thấy lưỡi phía sau răng"",
          ""lip_color"": ""Hồng nhạt, tự nhiên""
        },
        ""complexion_accents"": ""Má hồng đậm màu hồng phấn trên má và sống mũi (kiểu da rám nắng)""
      },
      ""hair"": {
        ""color"": ""Vàng sẫm đến nâu nhạt"",
        ""style_core"": ""Hai búi tóc cao lộn xộn"",
        ""framing"": ""Những lọn tóc dài buông lơi ôm lấy khuôn mặt"",
        ""interaction"": ""Chủ thể đang dùng tay trái kéo một lọn tóc dài sang một bên""
      }
    },
    ""attire_layer"": {
      ""garment_main"": {
        ""item"": ""Váy ống"",
        ""length"": ""Ngắn"",
        ""fit"": ""Ôm sát/Bodycon"",
        ""color"": ""{argument name=\""dress color\"" default=\""Hồng pastel\""}"",
        ""texture"": ""Vải nhún, có các nếp gấp ngang tự nhiên""
      },
      ""accessories"": {
        ""neck"": ""Vòng cổ choker hạt màu xanh ngọc/xanh mòng két to bản""
      },
      ""footwear"": {
        ""type"": ""Giày thể thao cổ cao"",
        ""visibility"": ""Một chiếc giày có thể nhìn thấy trên bàn chân nhấc lên"",
        ""color_way"": ""Đế trắng với các mảng màu xanh navy và xám""
      }
    },
    ""pose_dynamics"": {
      ""posture"": ""Quỳ trên sàn, đầu gối dang rộng, hơi ưỡn lưng dưới"",
      ""orientation"": ""Hướng mặt về phía gương"",
      ""limb_placement"": {
        ""right_arm"": ""Giơ lên cầm điện thoại gần mặt"",
        ""left_arm"": ""Duỗi sang bên giữ lọn tóc"",
        ""legs"": ""Quỳ, một bàn chân hơi nhấc lên phía sau""
      }
    }
  },
  ""environment_layer"": {
    ""setting_type"": ""Hành lang/ chiếu nghỉ trong nhà"",
    ""spatial_layout"": {
      ""floor"": ""Thảm lông màu xám nhạt trải kín sàn"",
      ""walls"": ""Sơn màu xanh xám nhạt, chân tường màu trắng"",
      ""background_left"": ""Cửa gỗ màu trắng có ô kính với tay nắm bạc, công tắc đèn màu trắng"",
      ""background_right"": ""Cầu thang với lan can màu trắng và bậc thang trải thảm xám""
    }
  },
  ""composition_and_tech"": {
    ""framing"": {
      ""type"": ""Chụp ảnh tự sướng qua gương"",
      ""angle"": ""Ngang tầm mắt"",
      ""prop_device"": ""Điện thoại thông minh màu trắng, ốp lưng màu ngọc trai/cầu vồng, có thể nhìn thấy camera sau""
    },
    ""lighting"": {
      ""source"": ""Ánh sáng tự nhiên trong nhà khuếch tán"",
      ""direction"": ""Phía trước/Bên phải"",
      ""shadows"": ""Bóng đổ mềm mại, tự nhiên trên bức tường phía sau""
    },
    ""aesthetic_style"": {
      ""visual_core"": ""Chủ nghĩa hiện thực ảnh"",
      ""vibe"": """"
    }
  }
}","[""https://cms-assets.youmind.com/media/1768804277697_9ns3jh_G-8HddUX0AAJbA4.jpg"",""https://cms-assets.youmind.com/media/1768804278178_tuzoub_G-8HddUWsAA21S7.jpg""]","{""name"":""Melisa♡"",""url"":""https://x.com/xmliisu""}",https://x.com/xmliisu/status/2012835782151594157,"Chân dung, Nhóm người, Nhiếp ảnh, Điện ảnh, Thành phố, Văn bản, UI/UX"
32,Bài đăng trên mạng xã hội - Lời nhắc tổng hợp quảng cáo trên mạng xã hội,"Một Nano Banana Pro prompt có cấu trúc chặt chẽ được thiết kế để tạo ra một hình ảnh tổng hợp, trong đó một nhân vật (dựa trên hình ảnh tham chiếu) được ghép lên một ảnh chụp màn hình trang hồ sơ mạng xã hội, đang tích cực chỉ vào nút 'Follow'. Nó chỉ định tính nhất quán về danh tính, góc chụp selfie từ trên cao và cử chỉ tay chi tiết để mô phỏng việc nhấn nút đăng ký, nhằm mục đích tạo phong cách quảng cáo của người có ảnh hưởng.","{
  ""edit_type"": ""creative_composite_layering"",

  ""source"": {
    ""_hint"": ""Logic cơ bản: Nhân vật (Tham chiếu 1) được đặt LÊN TRÊN Ảnh nền (Tham chiếu 2)."",
    ""mode"": ""EDIT"",
    ""reference_images"": {
      ""first"": ""foreground_character_person"",
      ""second"": ""background_scenery_or_pattern""
    },
    ""preserve_from_first"": {
      ""same_person_or_group"": true,
      ""same_faces"": true,
      ""same_hairstyles"": true,
      ""same_outfits"": true
    }
  },

  ""identity"": {
    ""keep_identity_consistent"": true,
    ""expression"": ""bright_engaging_smile_at_camera""
  },

  ""camera_effect"": {
    ""_hint"": ""Phong cách selfie góc cao, tạo cảm giác chiều sâu giữa bàn tay và khuôn mặt."",
    ""perspective"": ""high_angle_shot_looking_down"",
    ""style"": ""social_media_call_to_action"",
    ""depth_of_field"": ""focus_on_face_and_pointing_finger"",
    ""framing"": ""character_centered_with_space_at_top_right""
  },

  ""pose"": {
    ""_hint"": ""Hành động chính: Nằm nhưng chủ động chỉ vào khu vực nút 'Theo dõi' (Trên cùng bên phải)."",
    ""pose_style"": ""lying_down_or_reclining_on_back"",
    ""face_direction"": ""looking_directly_up_into_lens"",
    ""hand_gestures"": {
      ""right_hand_action"": ""pointing_index_finger"",
      ""target_direction"": ""upper_right_corner_45_degrees"",
      ""purpose"": ""mimicking_pressing_subscribe_button"",
      ""arm_position"": ""extended_towards_camera_top_right""
    },
    ""body_language"": ""inviting_and_energetic"",
    ""style_tags"": [
      ""kpop_idol_fan_service"",
      ""influencer_promo_style"",
      ""dynamic_perspective""
    ]
  },

  ""background_integration"": {
    ""_hint"": ""Hình ảnh tham chiếu thứ hai là nền/sàn."",
    ""method"": ""full_background_replacement"",
    ""target_area"": ""entire_canvas_behind_character"",
    ""content_source"": ""reference_image_second"",
    ""perspective_match"": ""flat_lay_style"",
    ""rules"": {
      ""character_must_be_top_layer"": true,
      ""leave_space_in_upper_right_for_ui"": true
    }
  },

  ""composition"": {
    ""_hi"": """"
  }
}","[""https://cms-assets.youmind.com/media/1768890722190_d6cx29_G_Fa-sGXwAASQrG.jpg""]","{""name"":""BeautyVerse"",""url"":""https://x.com/BeautyVerse_Lab""}",https://x.com/BeautyVerse_Lab/status/2013490554466939282,"Chân dung, Nhóm người, Nhiếp ảnh, Tối giản, Sản phẩm, Nhân vật, Thời trang, Trừu tượng, Logo, UI/UX"
33,Bài đăng trên mạng xã hội - Lời nhắc hiện thực siêu chân thực về người có ảnh hưởng đen tối,"Một lời nhắc (prompt) định dạng JSON cực kỳ chi tiết để tạo ra hình ảnh siêu chân thực của một phụ nữ đang chụp ảnh selfie trước gương trong phòng thay đồ của một căn penthouse sang trọng, nhấn mạnh phong cách hiện thực của những người có ảnh hưởng (influencer) với tông màu tối, ánh sáng yếu và kết cấu da tự nhiên.","{
  ""meta"": {
    ""aspect_ratio"": ""9:16"",
    ""quality"": ""ultra_photorealistic"",
    ""resolution"": ""8k"",
    ""camera"": ""iPhone 15 Pro"",
    ""lens"": ""26mm"",
    ""style"": ""dark influencer realism, low light iphone look, natural skin texture, subtle grain, imperfect handheld framing""
  },

  ""scene"": {
    ""location"": ""phòng thay đồ sang trọng trong căn penthouse"",
    ""environment"": [
      ""tấm gương lớn từ sàn đến trần"",
      ""cửa tủ quần áo màu đen bóng"",
      ""ghế nhung màu be ấm áp"",
      ""khay trang sức mở với các món đồ nằm rải rác"",
      ""đường chân trời thành phố mờ ảo nhìn qua cửa kính""
    ],
    ""time"": ""sau nửa đêm"",
    ""atmosphere"": ""riêng tư, đắt tiền, hơi nóng sau bữa tiệc, thân mật một cách nguy hiểm""
  },

  ""lighting"": {
    ""type"": ""ánh sáng xung quanh thấp + điểm nhấn ấm áp"",
    ""sources"": [
      ""đèn mờ ấm áp phía sau chủ thể"",
      ""dải đèn LED nhỏ bên trong các kệ tủ quần áo"",
      ""ánh sáng mờ ảo từ thành phố qua cửa sổ""
    ],
    ""direction"": ""ánh sáng viền phía sau + bên hông tạo hình hông, eo và ngực"",
    ""effect"": ""bóng sâu, điểm sáng ấm áp trên các đường cong, bóng tối điện ảnh, nhiễu hạt nhẹ kiểu iPhone""
  },

  ""subject"": {
    ""gender"": ""{argument name=\""gender\"" default=\""female\""}"",
    ""age_vibe"": ""người trẻ tuổi"",
    ""ethnicity"": ""người Đông Âu tóc vàng"",

    ""body"": {
      ""type"": ""dáng đồng hồ cát mảnh mai"",
      ""chest"": ""rất đầy đặn và nổi bật"",
      ""waist"": ""nhỏ nhắn"",
      ""hips"": ""tròn và cong"",
      ""legs"": ""dài, mịn màng, thanh lịch""
    },

    ""skin"": {
      ""tone"": ""sứ với ánh sáng ấm áp mờ ảo"",
      ""texture"": ""lỗ chân lông thật, bóng tự nhiên, không chỉnh sửa bằng airbrush""
    },

    ""hair"": {
      ""color"": ""tóc vàng bạch kim"",
      ""style"": ""tóc gợn sóng dài buông xõa"",
      ""details"": ""những lọn tóc bóng mượt bắt ánh đèn ấm áp""
    },

    ""face"": {
      ""structure"": ""rất xinh đẹp, như búp bê"",
      ""expression"": ""tự tin lạnh lùng, điềm tĩnh"",
      ""eyes"": ""mắt xanh nhạt, khép hờ"",
      ""mouth"": ""môi đầy đặn hơi hé mở"",
      ""makeup"": ""trang điểm nhẹ nhàng quyến rũ, lông mi dày, tạo khối tinh tế, môi bóng""
    }
  },

  ""pose"": {
    ""overall"": ""chụp ảnh tự sướng qua gương, đứng góc 3/4, lưng cong sâu"",

    ""lower_body"": {
      ""legs"": ""một chân thẳng, chân kia hơi cong nhẹ"",
      ""stance"": ""ổn định và có chủ ý""
    },

    ""hips"": {
      ""position"": ""đẩy ra sau và hơi nghiêng"",
      ""effect"": ""hông chiếm ưu thế khung hình với bóng đổ""
    },

    ""torso"": {
      ""arch"": ""lưng dưới cong sâu"",
      ""chest"": ""hướng về phía trước một cách tự nhiên"",
      ""posture"": ""sự thống trị thầm lặng, sự tự tin được thương mại hóa""
    },

    ""arms"": {
      ""one_arm"": ""một tay nhẹ nhàng chạm mép gương"",
      ""other_arm"": ""tay kia cầm điện thoại thấp gần hông""
    },

    ""head"": {
      ""tilt"": ""hơi nghiêng"",
      ""gaze"": ""nhìn vào màn hình điện thoại qua gương, không bận tâm""
    }
  },

  ""outfit"": {
    ""clothing"": {
      ""top"": {
        ""type"": ""áo crop top co giãn siêu mỏng màu đen"",
        ""fit"": ""ôm sát, không áo ngực, hơi trong suốt dưới ánh sáng ấm áp"",
        ""details"": ""độ căng của vải và đường nét tinh tế có thể nhìn thấy, tinh tế nhưng rõ ràng""
      },
      ""bott"": """"
    }
  }
}","[""https://cms-assets.youmind.com/media/1768890742772_2kidkw_G-fbe_DWIAEJy3e.jpg""]","{""name"":""babydoll"",""url"":""https://x.com/bananababydoll""}",https://x.com/bananababydoll/status/2013488410506179036,"Chân dung, Nhiếp ảnh, Điện ảnh, Nhân vật, Thời trang, Thành phố, Văn bản"
34,Bài đăng trên mạng xã hội - Gợi ý Lưới Kiểu Tóc Năm Mới (Nữ),"Một prompt cho Nano Banana Pro được thiết kế để tạo ra ảnh ghép lưới 4x3 của cùng một chủ thể nữ với nhiều kiểu tóc khác nhau (tóc thẳng dài, tóc đuôi ngựa cao, búi tóc rối, tóc pixie, v.v.). Nó nhấn mạnh sự nhất quán nghiêm ngặt về đặc điểm khuôn mặt, trang phục/trang điểm trung tính, ánh sáng studio mềm mại và kết cấu da chân thực, tạo ra một loạt ảnh chân dung chuyên nghiệp để lấy cảm hứng về kiểu tóc.","Đây là một ảnh ghép chất lượng cao, hiển thị cùng một người với các đặc điểm và biểu cảm khuôn mặt hoàn toàn giống nhau, được thể hiện trong nhiều khung hình, mỗi khung hình có một kiểu tóc khác nhau. Mỗi khung hình hiển thị một kiểu tóc độc đáo, chẳng hạn như {argument name=""Hairstyle List"" default=""tóc thẳng dài, tóc đuôi ngựa buộc cao, tóc búi rối, tóc tém pixie, tóc tết vương miện, tóc gợn sóng nhẹ, tóc bob ngắn có mái, tóc búi thấp, tóc tết một bên và tóc xoăn lọn bồng bềnh""}. Tất cả các bức ảnh đều sử dụng trang phục và trang điểm trung tính đồng nhất, ánh sáng studio dịu nhẹ, nền mờ ấm áp, kết cấu da chân thực, đối xứng khuôn mặt nhất quán, chi tiết cực kỳ sắc nét, phong cách làm đẹp biên tập, bố cục lưới 4x3, ảnh chân dung chuyên nghiệp.","[""https://cms-assets.youmind.com/media/1768890721130_1ebzv7_G_FVPjNW0AAQGr2.jpg""]","{""name"":""Michelle"",""url"":""https://x.com/Michell81147285""}",https://x.com/Michell81147285/status/2013485190346350696,Chân dung
35,Bài đăng trên mạng xã hội - Lời nhắc tạo ảnh chân dung phong cách Glamour sòng bạc cổ điển,"Một Nano Banana prompt chi tiết để tạo ra một bức chân dung cổ điển và thanh lịch của một chủ thể đang ngồi trên ghế đẩu cao tại sàn sòng bạc. Nó chỉ định trang phục của chủ thể (váy slip dress mini màu đen với dây đeo đính đá, sandal đế xuồng chunky), môi trường (thảm họa tiết Psychedelic, ghế bar bọc đệm màu đỏ, bảng hiệu máy đánh bạc), và cài đặt máy ảnh kỹ thuật (đèn flash trực tiếp trên máy ảnh, góc cực thấp, mô phỏng máy ảnh kỹ thuật số compact những năm 2000) để đạt được một vẻ đẹp Las Vegas cổ điển, độ tương phản cao.","{
  ""image_generation_request"": {
    ""meta_settings"": {
      ""aspect_ratio"": ""9:16"",
      ""model_version"": ""v6.0"",
      ""stylize_value"": 250,
      ""quality"": ""High""
    },
    ""subject_definition"": {
      ""identity_source"": {
        ""method"": ""Image Reference"",
        ""instruction"": ""Giữ nguyên các đặc điểm khuôn mặt và tóc từ hình ảnh tham chiếu đã tải lên một cách nghiêm ngặt.""
      },
      ""body_language"": {
        ""pose"": ""Ngồi trên ghế đẩu cao, thân người nghiêng 30 độ sang trái, chân bắt chéo thanh lịch ở đầu gối để kéo dài dáng người."",
        ""hands"": ""Đặt hờ hững trên đùi trên, các ngón tay thư giãn, khoe nhẫn."",
        ""gaze"": ""Nhìn hơi xuống ống kính máy ảnh hoặc trực tiếp vào đèn flash.""
      }
    },
    ""fashion_and_styling"": {
      ""garment_main"": {
        ""item"": ""Đầm slip mini màu đen"",
        ""fabric"": ""Satin hoặc hỗn hợp lụa bóng cao"",
        ""fit"": ""Ôm sát, dáng bodycon vừa vặn"",
        ""details"": [
          ""Dây áo spaghetti làm từ đá lấp lánh"",
          ""Cổ khoét sâu"",
          ""Vạt váy mini để lộ chân""
        ]
      },
      ""footwear"": {
        ""item"": ""Sandal đế xuồng"",
        ""style"": ""Gót khối chunky, lấy cảm hứng từ thập niên 1990/Y2K"",
        ""material"": ""Da bóng hoặc satin đen"",
        ""details"": ""Quai mắt cá chân khóa bạc, hở mũi""
      }
    },
    ""jewelry"": {
      ""ears"": ""Khuyên tai vòng bạc sterling cỡ lớn"",
      ""hands"": ""Nhiều nhẫn bạc xếp chồng tinh xảo""
    },
    ""environmental_context"": {
      ""location"": ""Sàn Casino Cổ điển"",
      ""flooring"": {
        ""type"": ""Thảm hoa văn"",
        ""texture"": ""Nylon đã sờn"",
        ""design"": ""Các xoáy nước ảo giác màu xanh mòng két, cam cháy và xanh hoàng gia"",
        ""vibe"": ""Thẩm mỹ Las Vegas cổ điển""
      },
      ""furniture"": {
        ""item"": ""Ghế bar casino"",
        ""material"": ""Ghế bọc da giả màu đỏ có nút"",
        ""base"": ""Đế kim loại bằng đồng hoặc vàng bị xỉn màu với chỗ để chân""
      },
      ""props_and_background"": {
        ""primary_prop"": ""Máy đánh bạc"",
        ""prop_details"": ""Bảng hiệu được chiếu sáng với dòng chữ '{argument name=\""Slot Machine Marquee\"" default=\""TRIPLE JACKPOT GEMS\""}', các nút phát sáng, phản chiếu màn hình kính"",
        ""atmosphere"": ""Bối cảnh mờ ảo, đông đúc, khói thuốc với ánh sáng bokeh từ các máy khác""
      }
    },
    ""photography_technical"": {
      ""camera_simulation"": ""Máy ảnh kỹ thuật số compact đầu những năm 2000 (ví dụ: Sony Cybershot hoặc Canon PowerShot)"",
      ""lighting_style"": {
        ""type"": ""Đèn flash trực tiếp trên máy ảnh"",
        ""characteristics"": [
          ""Bóng đổ sắc nét ngay phía sau chủ thể"",
          ""Độ tương phản cao"",
          ""Điểm sáng quá mức trên da và vải"",
          ""Góc bị tối""
        ]
      },
      ""composition"": {
        ""angle"": ""Góc cực thấp (Góc nhìn từ dưới lên)"",
        ""focus"": ""Lấy nét sắc nét vào chủ thể, làm mờ nhẹ hậu cảnh"",
        ""framing"": ""Chụp toàn thân nhấn mạnh""
      }
    }
  }
}","[""https://cms-assets.youmind.com/media/1768890722879_12446f_G_EOXDUXMAARheL.jpg""]","{""name"":""Adam也叫吉米"",""url"":""https://x.com/Adam38363368936""}",https://x.com/Adam38363368936/status/2013406753770119423,"Chân dung, Nhiếp ảnh, Điện ảnh, Cổ điển, Nhân vật, Thời trang, Văn bản, Logo"
36,Bài đăng trên mạng xã hội - Đồ mặc nhà phong cách Retro ấm cúng với lông giả xù,"Một prompt cho Nano Banana Pro tập trung vào việc tạo ra hình ảnh về 'trang phục mặc nhà tối thượng' với tính thẩm mỹ ấm cúng, đậm chất tạp chí thời trang. Kỹ thuật chính là xếp lớp các thuật ngữ 'Shaggy faux fur' (lông giả xù) và 'Long pile' (lông dài) để đạt được độ mềm mại tối đa, kết hợp với đồ nội thất cổ điển để tạo không khí sành điệu, thoải mái.","Đã tạo hình ảnh 'trang phục mặc nhà tối thượng'. Mấu chốt là kết hợp các lớp ""{argument name=""material1"" default=""Shaggy faux fur""}"" và ""{argument name=""material2"" default=""Long pile""}"" để đạt được kết cấu mềm mại này. Khi kết hợp với đồ nội thất cổ điển, nó tạo ra một không khí ấm cúng gợi nhớ đến một tạp chí thời trang.","[""https://cms-assets.youmind.com/media/1768890731238_orcxmo_G_ECNkPWoAAexds.jpg"",""https://cms-assets.youmind.com/media/1768890731224_365i9r_G_ECNkPWQAAKPLn.jpg"",""https://cms-assets.youmind.com/media/1768890731264_6a6xnv_G_ECNjraoAIhBrg.jpg""]","{""name"":""はると@AIクリエイター"",""url"":""https://x.com/ai_buty""}",https://x.com/ai_buty/status/2013392950676594917,"Cổ điển, Nội thất, Thời trang, UI/UX"
37,Bài đăng trên mạng xã hội - Biên tập Ảnh Chụp Bằng Điện Thoại Trên Máy Bay Riêng Của Tiếp Viên Hàng Không,"Một JSON prompt cực kỳ chi tiết để tạo ra hình ảnh chụp bằng điện thoại siêu thực (thẩm mỹ iPhone 15 Pro Max) về một nữ tiếp viên hàng không quyến rũ trên đường băng sân bay cạnh một máy bay riêng. Nó chỉ rõ trang phục của cô ấy (chân váy bút chì màu xanh navy, hé lộ áo bikini ren), tư thế năng động, ánh nắng chiều gay gắt và phong cách chụp ảnh tự nhiên như trên mạng xã hội.","[
  {
    ""metadata"": {
      ""title"": ""Ảnh biên tập tiếp viên hàng không trên máy bay riêng"",
      ""style"": ""Nhiếp ảnh di động siêu thực"",
      ""target_device"": ""iPhone 15 Pro Max""
    },
    ""subject"": {
      ""age"": ""Giữa tuổi 30"",
      ""ethnicity"": ""Pha trộn Caucasian/Địa Trung Hải"",
      ""hair"": {
        ""style"": ""Tóc gợn sóng ombre dài"",
        ""color"": ""Chân tóc nâu chuyển dần sang ngọn tóc vàng óng như nắng"",
        ""texture"": ""Bồng bềnh và mềm mại""
      },
      ""physique"": {
        ""body_type"": ""Dáng đồng hồ cát đầy đặn, săn chắc"",
        ""bust"": ""Ngực đầy đặn tự nhiên, khe ngực rõ nét"",
        ""features"": ""Hông cong sâu, eo thon, làn da rạng rỡ""
      },
      ""makeup"": ""Trang điểm tự nhiên nhẹ nhàng, mascara mềm mại, son bóng màu nude, phấn bắt sáng lấp lánh tinh tế"",
      ""expression"": ""Tự tin, quyến rũ, nụ cười hơi tinh nghịch""
    },
    ""pose"": {
      ""description"": ""Tạo dáng năng động 'girl pose'"",
      ""hand_placement"": {
        ""right_hand"": ""Đặt chắc chắn lên eo để làm nổi bật đường cong hông"",
        ""left_hand"": ""Giơ cao duyên dáng trên đầu, các ngón tay hơi xòe""
      },
      ""posture"": ""Dồn trọng lượng sang một chân, lưng hơi cong""
    },
    ""attire"": {
      ""outerwear"": ""Đồng phục tiếp viên hàng không màu xanh navy chuyên nghiệp, áo blazer được khoác hờ trên vai hoặc bỏ qua"",
      ""top"": ""Áo sơ mi trắng cài cúc sắc nét, mở cúc trên cùng để tạo khe ngực nhẹ nhàng"",
      ""undergarment"": ""Hé lộ một chút áo bikini ren đen có họa tiết lấp ló qua khe áo sơ mi"",
      ""bottom"": ""Chân váy bút chì màu xanh navy cạp cao, ôm sát"",
      ""accessories"": ""Khuyên tai vòng nhỏ bằng vàng, dây chuyền vàng tinh tế""
    },
    ""environment"": {
      ""location"": ""Sân đỗ máy bay, bên cạnh một chiếc máy bay riêng sang trọng"",
      ""jet_details"": ""Thân máy bay màu trắng kim loại bóng bẩy, các chi tiết mạ crôm, cửa cầu thang máy bay đã hạ xuống"",
      ""background"": ""Bầu trời xanh trong, hơi nóng đường băng xa xa, bê tông ngập nắng""
    },
    ""photography"": {
      ""camera_model"": ""iPhone 15 Pro, Camera chính"",
      ""focal_length"": ""Góc rộng 24mm"",
      ""lighting"": ""Ánh nắng chiều gay gắt, bóng đổ tự nhiên, độ tương phản cao, lóe sáng ống kính nhẹ"",
      ""technical_traits"": ""Độ sâu trường ảnh sâu, kết cấu da siêu sắc nét, xử lý HDR di động, độ phân giải 4k, phong cách chụp ảnh tự nhiên trên mạng xã hội"",
      ""composition"": ""Chụp toàn thân, góc máy hơi thấp để nhấn mạnh chiều cao và đường cong""
    }
  }
]","[""https://cms-assets.youmind.com/media/1768890658898_88efkj_G_D49X3W4AAqNyk.jpg"",""https://cms-assets.youmind.com/media/1768890658913_ku55jm_G_D49XqWgAApZv8.jpg""]","{""name"":""Maya"",""url"":""https://x.com/mayadelmare""}",https://x.com/mayadelmare/status/2013382894891212811,"Nhiếp ảnh, Điện ảnh, Nhân vật, Xe cộ, Thành phố, Văn bản"
38,Bài đăng trên mạng xã hội - Chân dung biên tập văn phòng lấy cảm hứng từ Ana de Armas,"Một JSON prompt cực kỳ chi tiết để tạo ra bức chân dung cận cảnh siêu thực, chất lượng ảnh bìa tạp chí về một người phụ nữ lấy cảm hứng từ Ana de Armas. Nó chỉ định trang phục hai mảnh màu đỏ rực rỡ, vóc dáng thể thao, làn da bóng bẩy với lớp mồ hôi nhẹ, và nền văn phòng mờ ảo với các chồng giấy tờ, sử dụng ánh sáng điện ảnh studio.","{
  ""type"": ""image_generation_prompt"",
  ""concept"": {
    ""description"": ""Chân dung cận cảnh siêu thực, chất lượng ảnh bìa tạp chí của một phụ nữ xinh đẹp với các đặc điểm lấy cảm hứng từ {argument name=\""celebrity name\"" default=\""Ana de Armas\""}"",
    ""intent"": ""Nhiếp ảnh thời trang cao cấp mang tính điện ảnh thực tế"",
    ""originality_note"": ""Chủ thể là người giống Ana de Armas, không phải bản sao chính xác""
  },
  ""subject"": {
    ""gender"": ""nữ"",
    ""age_range"": ""đầu những năm 30"",
    ""ethnicity"": ""Latina / lấy cảm hứng từ Cuba-Tây Ban Nha"",
    ""facial_features"": {
      ""structure"": ""khuôn mặt trái xoan mềm mại, gò má thanh tú, đường quai hàm tinh tế"",
      ""eyes"": ""đôi mắt to hình quả hạnh, màu nâu ấm áp, mí mắt thư thái"",
      ""lips"": ""môi đầy đặn, tự nhiên hơi hé mở"",
      ""expression"": ""uể oải, điềm tĩnh, quyến rũ tinh tế, tự tin thư thái""
    },
    ""body_visibility"": {
      ""framing"": ""chân dung cận cảnh kéo dài xuống dưới eo"",
      ""posture"": ""thẳng nhưng thư thái, tư thế chụp ảnh biên tập tự nhiên""
    }
  },
  ""body"": {
      ""build"": ""Thân hình săn chắc và thon gọn"",
      ""musculature"": [
        ""Cơ bụng rõ nét"",
        ""Cánh tay săn chắc"",
        ""Đùi săn chắc""
   },
  ""wardrobe"": {
    ""outfit_type"": ""trang phục hai mảnh"",
    ""color"": ""đỏ thẫm rực rỡ"",
    ""top"": {
      ""style"": ""ôm sát, tối giản, hợp thời trang"",
      ""fabric"": ""chất liệu mịn, hơi phản chiếu""
    },
    ""bottom"": {
      ""style"": ""váy ngắn"",
      ""fit"": ""ôm dáng, cắt may hiện đại"",
      ""visibility"": ""hiện rõ ràng dưới eo""
    }
  },
  ""skin_and_texture"": {
    ""skin_quality"": ""chi tiết cao, nhìn rõ lỗ chân lông tự nhiên"",
    ""finish"": ""bóng, rạng rỡ"",
    ""effect"": ""lớp mồ hôi hoặc dầu bóng nhẹ trên thân và ngực, tăng tính chân thực"",
    ""tone"": ""tông màu ấm áp, khỏe mạnh""
  },
  ""hair_and_makeup"": {
    ""hair"": {
      ""style"": ""tạo kiểu mềm mại, sóng lơi"",
      ""color"": ""nâu đậm"",
      ""texture"": ""bóng tự nhiên với chuyển động nhẹ""
    },
    ""makeup"": {
      ""style"": ""trang điểm quyến rũ kiểu biên tập"",
      ""details"": ""da căng bóng, mắt được định hình nhẹ nhàng, môi tự nhiên với một chút son bóng""
    }
  },
  ""background"": {
    ""environment"": ""bối cảnh trong nhà"",
    ""primary_elements"": [
      ""bề mặt bàn làm việc hoặc bàn"",
      ""các chồng giấy tờ""
    ],
    ""paper_details"": {
      ""brightness"": ""trắng sáng một phần"",
      ""arrangement"": ""hơi lộn xộn, các chồng giấy xếp lớp"",
      ""focus"": ""làm mờ nhẹ để duy trì sự nổi bật của chủ thể""
    },
    ""depth_of_field"": ""độ sâu trường ảnh nông, hiệu ứng bokeh điện ảnh""
  },
  ""lighting"": {
    ""style"": ""ánh sáng điện ảnh studio"",
    ""key_light"": ""mềm mại nhưng có hướng, làm nổi bật cấu trúc khuôn mặt"",
    ""fill_light"": ""ánh sáng lấp đầy nhẹ nhàng để giữ lại chi tiết da"",
    ""highlights"": ""nhấn nhá trên các vùng da bóng"",
    ""shadows"": ""mềm mại, có kiểm soát, độ tương phản kiểu tạp chí""
  },
  ""camera"": {
    ""shot_type"": ""chân dung cận cảnh"",
    ""lens"": ""ống kính cố định 85mm"",
    ""aperture"": ""f/1.8"",
    ""focus"": ""sắc nét tuyệt đối vào mắt"",
    ""sens""
  }
}","[""https://cms-assets.youmind.com/media/1768890657609_tc4s5n_G_DmfveWsAAMRrU.jpg"",""https://cms-assets.youmind.com/media/1768890657539_vhs88q_G_Dmf3UW8AEb1yc.jpg"",""https://cms-assets.youmind.com/media/1768890657668_k3r9rb_G_DmfxnXoAAlUIp.jpg"",""https://cms-assets.youmind.com/media/1768890658519_89hgql_G_Dmf7EXUAAH--v.jpg""]","{""name"":""KeorUnreal"",""url"":""https://x.com/KeorUnreal""}",https://x.com/KeorUnreal/status/2013362480471314461,"Chân dung, Nhiếp ảnh, Điện ảnh, Tối giản, Nhân vật, Thời trang, Thành phố, Văn bản, UI/UX"
39,Bài đăng trên mạng xã hội - Lời nhắc chụp ảnh selfie gương bằng iPhone để thay thế nhân vật,"Một lời nhắc định dạng JSON cực kỳ chi tiết được thiết kế để tạo ra một bức ảnh selfie gương iPhone siêu thực. Nó chỉ định các thông số kỹ thuật phức tạp như độ phân giải 8K, xử lý Apple Smart HDR và các thuộc tính chủ thể chi tiết (tư thế, quần áo, kết cấu) đồng thời yêu cầu rõ ràng thay thế chủ thể mặc định bằng một nhân vật tham chiếu được cung cấp, làm cho nó lý tưởng để tạo ra hình ảnh khóa danh tính.","{
  ""prompt_type"": ""chụp ảnh selfie qua gương bằng iPhone"",
  ""capture_device"": {
    ""device"": ""iPhone Pro"",
    ""camera_mode"": ""Selfie qua gương - Chân dung"",
    ""lens_equivalent"": ""ống kính góc rộng phía sau iPhone"",
    ""processing"": ""Apple Smart HDR + Deep Fusion"",
    ""look"": ""phản chiếu qua gương tự nhiên, rõ ràng, chân thực""
  },
  ""quality"": {
    ""resolution"": ""8K"",
    ""sharpness"": ""độ sắc nét tự nhiên cao"",
    ""detail_level"": ""chi tiết cực kỳ tinh xảo"",
    ""texture"": ""vải thật, kết cấu da thật"",
    ""noise"": ""nhiễu cảm biến iPhone tự nhiên rất nhẹ"",
    ""dynamic_range"": ""vùng sáng và vùng tối cân bằng""
  },
  ""subject"": {
    ""type"": ""nhân vật nữ"",
    ""identity"": ""{argument name=\""reference character\"" default=\""REFERENCE_CHARACTER\""}"",
    ""replacement_instruction"": ""Thay thế cô gái ban đầu bằng nhân vật tham chiếu được cung cấp trong khi vẫn giữ nguyên tư thế, tỷ lệ cơ thể, ánh sáng, phản chiếu và tính chân thực"",
    ""age"": ""người lớn"",
    ""body"": {
      ""build"": ""cân đối, nữ tính, đường cong tự nhiên"",
      ""proportions"": ""giải phẫu cơ thể người thực tế"",
      ""skin"": ""kết cấu da tự nhiên, lỗ chân lông có thể nhìn thấy, không làm mịn""
    },
    ""expression"": {
      ""emotion"": ""bình tĩnh, tự tin, thư thái"",
      ""face"": ""biểu cảm nhẹ nhàng trung tính"",
      ""gaze"": ""nhìn vào màn hình điện thoại qua gương""
    },
    ""pose"": {
      ""position"": ""ngồi trên mép giường"",
      ""legs"": ""khép lại, bàn chân chạm sàn"",
      ""arms"": ""một tay cầm điện thoại, tay còn lại đặt trên giường"",
      ""posture"": ""thẳng lưng nhưng thư giãn""
    },
    ""hair"": {
      ""style"": ""dài, gợn sóng nhẹ"",
      ""texture"": ""độ phồng tự nhiên, từng sợi tóc có thể nhìn thấy""
    }
  },
  ""clothing"": {
    ""outfit"": ""bodysuit liền thân bó sát"",
    ""design"": ""{argument name=\""bodysuit design\"" default=\""màu đen với họa tiết mạng nhện đỏ\""}"",
    ""fit"": ""ôm sát, thể thao"",
    ""fabric"": {
      ""material"": ""vải tổng hợp co giãn"",
      ""texture"": ""mịn với độ bóng nhẹ"",
      ""behavior"": ""ôm sát cơ thể một cách tự nhiên""
    }
  },
  ""environment"": {
    ""location"": ""phòng ngủ hiện đại tối giản"",
    ""mirror"": ""gương toàn thân khung gỗ"",
    ""bed"": {
      ""style"": ""khung giường gỗ đơn giản"",
      ""bedding"": ""chăn bông họa tiết trung tính""
    },
    ""floor"": ""sàn gỗ sáng màu"",
    ""decor"": ""nội thất tối giản, sạch sẽ, tông màu ấm"",
    ""atmosphere"": ""không gian trong nhà yên tĩnh, ấm cúng, riêng tư""
  },
  ""lighting"": {
    ""primary_light"": ""ánh sáng môi trường trong nhà ấm áp"",
    ""secondary_light"": ""ánh sáng trần hoặc tường dịu nhẹ"",
    ""style"": ""iPhone indoor Smart HDR"",
    ""shadows"": ""mềm mại và tự nhiên"",
    ""white_balance"": ""tông màu trung tính ấm áp trong nhà""
  },
  ""camera"": {
    ""angle"": ""góc gương thẳng"",
    ""distance"": ""toàn thân có thể nhìn thấy trong gương"",
    ""framing"": ""selfie toàn thân qua gương"",
    ""depth_of_field"": ""độ sâu trường ảnh nông tự nhiên từ xử lý chân dung"",
    ""focus"": ""lấy nét sắc nét vào phản chiếu của chủ thể""
  },
  ""style"": {
    ""genre"": ""selfie qua gương bằng iPhone chân thực"",
    ""aesthetic"": ""sạch sẽ, hiện đại, chân thực như trên mạng xã hội"",
    ""color_science"": ""màu sắc tự nhiên của Apple""
  }
}","[""https://cms-assets.youmind.com/media/1768890684295_adr050_G_Dlz8qX0AECzSk.jpg""]","{""name"":""Clara"",""url"":""https://x.com/veclaraa""}",https://x.com/veclaraa/status/2013362053948268625,"Chân dung, Nhiếp ảnh, Điện ảnh, Tối giản, Nội thất, Nhân vật, Thời trang, Văn bản, Logo, UI/UX"
40,Bài đăng trên mạng xã hội - Lời nhắc tạo ảnh chân dung người đẹp Cyberpunk quyến rũ,"Một lời nhắc phức tạp, chi tiết để tạo ra một bức chân dung người đẹp cyberpunk quyến rũ, thời trang cao cấp. Nó nhấn mạnh ánh sáng neon mạnh mẽ (hồng cánh sen và xanh điện), hiệu ứng thể tích (tia sáng xuyên qua, lóe sáng ống kính), độ tương phản cao và các chi tiết kỹ thuật cụ thể (Sony A1, 85mm f/1.4, kính lọc lăng kính, quang sai màu). Lời nhắc cũng bao gồm một danh sách lời nhắc phủ định toàn diện và yêu cầu sử dụng khuôn mặt tham chiếu.","""Sử dụng khuôn mặt từ ảnh tham chiếu như nguyên bản.""
  ""main_prompt"": ""Chân dung người đẹp cyberpunk quyến rũ trong ánh đèn neon rực rỡ, một phụ nữ trẻ ở độ tuổi đầu 20 với làn da sứ trắng mịn và ánh sáng tự nhiên tinh tế, mái tóc dài gợn sóng màu nâu đỏ/nâu hạt dẻ sẫm buông lơi trên bờ vai trần, mắt nhắm nghiền trong niềm ngây ngất mơ màng với hàng mi dài dày, đôi môi bóng mượt hé mở màu hồng nude mềm mại, trang điểm tinh tế với mắt khói nhẹ nhàng và gò má được tạo khối, để ngực trần với bờ vai và lưng trên lộ rõ, làn da được tắm trong ánh sáng neon rực rỡ màu {argument name=""neon color 1"" default=""hồng cánh sen""} và {argument name=""neon color 2"" default=""xanh điện""}, ánh sáng viền mạnh màu hồng nóng làm nổi bật mái tóc, cổ và xương quai xanh, các tia sáng thể tích và lóe sáng ống kính trong phổ màu hồng-tím xuyên qua không khí mờ ảo, bóng tối xanh-tím sâu tương phản với các điểm nhấn neon sáng, nền câu lạc bộ hoặc studio neon tương lai với các ống phát sáng màu hồng và xanh, quang sai màu nặng ở các cạnh tạo ra các dải màu cầu vồng, hiệu ứng lỗi kỹ thuật số và nở sáng tinh tế, chân thực như ảnh nhưng được cách điệu cao, kết cấu da siêu chi tiết với lỗ chân lông chân thực, tàn nhang tinh tế và những khuyết điểm tự nhiên, từng sợi tóc bắt ánh phản chiếu neon và tán xạ dưới bề mặt, phân loại màu điện ảnh với màu hồng cánh sen nóng và xanh điện chủ đạo, giao diện HDR độ tương phản cao, hạt phim nhẹ, thẩm mỹ cyber-noir gợi cảm u ám, chụp bằng Sony A1 với ống kính 85mm f/1.4 qua bộ lọc lăng kính, độ sâu trường ảnh nông tập trung vào khuôn mặt và mái tóc với hiệu ứng bokeh mượt mà trên nền neon, thời trang cao cấp kết hợp với giả tưởng vaporwave cyberpunk, không khí thân mật, siêu thực"",
  ""negative_prompt"": ""mờ, độ phân giải thấp, tay biến dạng, thừa ngón tay, ngón tay dính liền, giải phẫu kém, khuôn mặt vẽ kém, tỷ lệ xấu, thừa chi, tay đột biến, xấu xí, biến dạng, xếp gạch, ngoài khung, lỗi jpeg, chữ ký, hình mờ, văn bản, lỗi, bị cắt, chất lượng tệ nhất, chất lượng thấp, hoạt hình, anime, kết xuất 3d, da nhựa, giống búp bê, da được phun sơn, ánh sáng neon bị rửa trôi quá mức, thiếu sáng, ánh sáng phẳng, bóng tối khắc nghiệt, da nhợt nhạt không có ánh sáng, trang điểm quá đậm, khuôn mặt instagram, môi vịt, biểu cảm cười hạnh phúc, người già, trẻ em, nam giới, chụp nhóm, ánh sáng ban ngày tự nhiên, nền trắng sạch, không có ánh sáng neon, da lì, màu sắc bão hòa, đơn sắc, hiệu ứng rẻ tiền, vẻ ngoài tổng hợp, che phủ quần áo rõ ràng ở phần thân trên, tóc dài thẳng, tóc vàng/đỏ không khớp, không có quang sai màu, bố cục nhàm chán"",
  ""style_tags"": [
    ""cyberpunk chân thực như ảnh"",
    ""neon hồng cánh sen và xanh điện rực rỡ"",
    ""tia sáng thể tích và lóe sáng ống kính"",
    ""quang sai màu nặng"",
    ""biểu cảm nhắm mắt quyến rũ"",
    ""tập trung vào bờ vai và lưng trần"",
    ""sự quyến rũ neon độ tương phản cao"",
    ""vaporwave gặp thời trang cao cấp"",
    ""phân loại HDR điện ảnh"",
    ""hạt phim tinh tế"",
    ""giả tưởng gợi cảm siêu thực""
  ],
  ""technical"": {
    ""aspect_ratio"": ""3:4 hoặc 4:5 (chân dung neon dọc / kiểu hình nền)"",
    ""lighting"": ""neon đa nguồn: ánh sáng chính hồng cánh sen mạnh từ bên cạnh/phía trước tạo ánh sáng viền""","[""https://cms-assets.youmind.com/media/1768890686395_uuc0f2_G_DhHfeXgAARq6x.jpg""]","{""name"":""Lex"",""url"":""https://x.com/katmanai""}",https://x.com/katmanai/status/2013356556281164257,"Chân dung, Nhóm người, Nhiếp ảnh, Điện ảnh, Minh họa, 3D, Anime, Tương lai, Thời trang, Văn bản"
43,Bài đăng trên mạng xã hội - Cảnh phim lãng mạn trên vòng quay ngựa gỗ với Identity Lock,"Một lời nhắc JSON phức tạp, có nhiều ràng buộc cho Nano Banana Pro được thiết kế để tạo ra một cảnh quay điện ảnh siêu chân thực về một cặp đôi trên vòng quay ngựa gỗ trong nhà vào ban đêm. Nó yêu cầu khóa nhận dạng nghiêm ngặt dựa trên hai hình ảnh tham chiếu đã tải lên, cài đặt máy ảnh cụ thể (35mm, f/2.0), ánh sáng tungsten ấm áp và các ràng buộc chi tiết về tư thế và môi trường để đạt được tính thẩm mỹ của thể loại romcom.","{
  ""generation_request"": {
    ""meta_data"": {
      ""tool"": ""NanoBanana Pro"",
      ""task_type"": ""photoreal_cinematic_carousel_couple_close_scene"",
      ""version"": ""v1.0_CAROUSEL_RIDE_ROMCOM_WARM_LIGHTS_POSE_LOCK"",
      ""priority"": ""highest""
    },
    ""references"": {
      ""female_reference_image"": {
        ""slot"": 1,
        ""purpose"": ""FEMALE_IDENTITY_LOCK"",
        ""strict_identity_lock"": true,
        ""no_beautify"": true
      },
      ""male_reference_image"": {
        ""slot"": 2,
        ""purpose"": ""MALE_IDENTITY_LOCK"",
        ""strict_identity_lock"": true,
        ""no_beautify"": true
      },
      ""composition_reference_image"": {
        ""source"": ""UPLOAD_REFERENCE_IMAGE (OPTIONAL)"",
        ""purpose"": ""EXACT_COMPOSITION_LIGHTING_WARDROBE_ENV_LOCK"",
        ""strict_lock"": true,
        ""no_layout_drift"": true,
        ""preserve_framing"": true
      }
    },
    ""output_settings"": {
      ""aspect_ratio"": ""4:5"",
      ""orientation"": ""portrait"",
      ""resolution"": ""ultra_high_res"",
      ""render_style"": ""ultra_photoreal_cinematic_lifestyle"",
      ""sharpness"": ""crisp_faces_natural_texture"",
      ""film_grain"": ""subtle_analog"",
      ""color_grade"": ""warm_carnival_golden""
    },
    ""hard_constraints"": [
      ""Chỉ có đúng 2 người (một nữ, một nam)."",
      ""Khuôn mặt phải khớp với ảnh tham chiếu đã tải lên với độ tương đồng tối đa (không biến dạng, không lệch nhận dạng)."",
      ""Chỉ ảnh chân thực: kết cấu da tự nhiên, không dùng bộ lọc làm đẹp, không làm mịn da nhân tạo."",
      ""Bối cảnh vòng quay ngựa gỗ: trần nhà trang trí công phu có thể nhìn thấy + bóng đèn ấm áp + cột vòng quay ngựa gỗ + ngựa gỗ được sơn."",
      ""Khớp logic tư thế tham chiếu: cặp đôi trên ngựa gỗ, nhìn nhau và mỉm cười."",
      ""Không có chữ có thể đọc được, không logo, không hình mờ."",
      ""Giải phẫu chính xác: tay nắm cột tự nhiên, tư thế ngồi trên ngựa gỗ thực tế.""
    ],
    ""camera"": {
      ""style"": ""ảnh phong cách điện ảnh"",
      ""lens"": ""35mm"",
      ""aperture"": ""f/2.0"",
      ""focus"": ""sắc nét trên cả hai khuôn mặt, làm mờ nhẹ nhàng hậu cảnh"",
      ""shutter_speed"": ""1/125"",
      ""iso"": 800,
      ""white_balance"": ""warm_tungsten_carnival""
    },
    ""lighting"": {
      ""type"": ""bóng đèn vòng quay ngựa gỗ + ánh sáng xung quanh ấm áp"",
      ""contrast"": ""trung bình"",
      ""highlights"": ""ánh sáng phản chiếu mềm mại trên tóc và vải denim, kiểm soát trên da"",
      ""shadows"": ""mềm mại, chuyển tiếp tự nhiên""
    },
    ""prompt"": {
      ""scene_summary"": ""Cảnh phim lãng mạn hài hước siêu chân thực, đậm chất điện ảnh trên vòng quay ngựa gỗ trong nhà vào ban đêm. Trần vòng quay ngựa gỗ trang trí công phu chiếm phần trên của khung hình với các chi tiết trang trí cổ điển và hàng bóng đèn phát sáng ấm áp. Ở tiền cảnh, đầu ngựa gỗ và cột vòng quay ngựa gỗ có thể nhìn thấy, với các chi tiết cổ điển phong phú (viền vàng, điểm nhấn yên ngựa đầy màu sắc). \n\nChỉ có hai người: người nam ngồi thấp hơn một chút trên ngựa gỗ, hai tay nắm cột dọc và nhìn lên người nữ với nụ cười dịu dàng. Người nữ ngồi trên con ngựa kế bên, hơi nghiêng về phía anh ấy, mỉm cười đáp lại một cách ấm áp. Khuôn mặt của họ là""
    }
  }
}","[""https://cms-assets.youmind.com/media/1768890707867_4q2zcp_G_DcduGWQAAl3Hr.jpg""]","{""name"":""Özge Döner"",""url"":""https://x.com/astronomerozge1""}",https://x.com/astronomerozge1/status/2013351484008620139,"Chân dung, Nhóm người, Nhiếp ảnh, Điện ảnh, 3D, Cổ điển, Nhân vật, Xe cộ, Văn bản, Logo, Meme"
44,Bài đăng trên mạng xã hội - Cảnh hôn trong thang máy siêu thực như phim điện ảnh,"Một JSON prompt rất cụ thể để tạo ra một bức ảnh tĩnh siêu chân thực, mang phong cách điện ảnh về một cặp đôi đang hôn nhau bên trong thang máy, được đóng khung bởi cánh cửa vàng đang khép hờ. Nó yêu cầu khóa nhận diện nghiêm ngặt (cần ảnh tham chiếu), khung hình chụp lén mang tính voyeuristic và ánh sáng vàng ấm để gợi lên không khí của một khách sạn sang trọng.","{
  ""generation_request"": {
    ""meta_data"": {
      ""tool"": ""NanoBanana Pro"",
      ""task_type"": ""photoreal_modern_romance"",
      ""version"": ""v1.0_ELEVATOR_DOORS_KISS_CINEMATIC_EN"",
      ""priority"": ""highest"",
      ""language"": ""vi""
    },
    ""references"": {
      ""reference_image_1"": {
        ""source"": ""UPLOAD_REFERENCE_IMAGE (OPTIONAL)"",
        ""purpose"": ""COMPOSITION_MOOD_ANCHOR"",
        ""strict_lock"": false,
        ""preserve_mood"": true
      },
      ""reference_image_female"": {
        ""source"": ""UPLOAD_REFERENCE_IMAGE (OPTIONAL)"",
        ""purpose"": ""FACE_IDENTITY_LOCK_FEMALE"",
        ""strict_lock"": true,
        ""face_similarity_priority"": ""MAX"",
        ""no_identity_blending"": true,
        ""no_beautify"": true,
        ""no_age_shift"": true,
        ""preserve_skin_texture"": true,
        ""preserve_facial_proportions"": true
      },
      ""reference_image_male"": {
        ""source"": ""UPLOAD_REFERENCE_IMAGE (OPTIONAL)"",
        ""purpose"": ""FACE_IDENTITY_LOCK_MALE"",
        ""strict_lock"": true,
        ""face_similarity_priority"": ""MAX"",
        ""no_identity_blending"": true,
        ""no_beautify"": true,
        ""no_age_shift"": true,
        ""preserve_skin_texture"": true,
        ""preserve_facial_proportions"": true
      }
    },
    ""global_constraints"": {
      ""rating"": ""PG-13"",
      ""no_explicit_sexual_content"": true,
      ""no_nudity"": true,
      ""no_text"": true,
      ""no_logos"": true,
      ""no_watermark"": true
    },
    ""output_settings"": {
      ""aspect_ratio"": ""9:16"",
      ""orientation"": ""portrait"",
      ""resolution_target"": ""ultra_high_res"",
      ""render_style"": ""ultra_photoreal_cinematic_film_still"",
      ""sharpness"": ""crisp_but_natural"",
      ""film_grain"": ""subtle_35mm"",
      ""color_grade"": ""warm_amber_luxury_hotel"",
      ""dynamic_range"": ""natural_not_hdr"",
      ""skin_rendering"": ""real_texture_no_retouch""
    },
    ""global_rules"": {
      ""camera_language"": ""85mm, long-shot through partially closing elevator doors, centered symmetry, voyeuristic candid framing, shallow depth of field"",
      ""lighting_language"": ""warm tungsten practicals inside elevator, dim hallway outside, cinematic contrast without HDR"",
      ""authenticity_markers"": ""no AI glow, no over-sharpening, realistic shadows, natural film halation""
    },
    ""creative_prompt"": {
      ""scene_summary"": ""Một khoảnh khắc điện ảnh, siêu chân thực được nhìn từ hành lang: một cặp đôi đang hôn nhau bên trong thang máy khi cánh cửa thang máy màu vàng gần như đã đóng lại, chỉ còn một khe hẹp theo chiều dọc để nhìn thấy họ. Bối cảnh tạo cảm giác như một tòa nhà cổ sang trọng hoặc khách sạn với những bức tường đá và thang máy bằng đồng cổ điển."",
      ""subjects"": {
        ""count"": 2,
        ""description"": ""một cặp đôi trưởng thành thực sự, thanh lịch và hiện đại"",
        ""expression"": ""đam mê nhưng tinh tế, thân mật và vui vẻ"",
        ""skin_and_face"": ""kết cấu thật, không chỉnh sửa, lỗ chân lông tự nhiên""
      },
      ""pose_and_micro_action"": ""Người đàn ông nghiêng người để hôn; một tay vòng qua eo cô gái. Người phụ nữ""
    }
  }
}","[""https://cms-assets.youmind.com/media/1768890674871_fl0e5p_G_DVyG6XQAAVcDg.jpg""]","{""name"":""Özge Döner"",""url"":""https://x.com/astronomerozge1""}",https://x.com/astronomerozge1/status/2013344143116734757,"Chân dung, Nhóm người, Nhiếp ảnh, Điện ảnh, 3D, Cổ điển, Nhân vật, Thành phố, Văn bản, Logo, UI/UX"
46,Infographic / Hình ảnh giáo dục - Chuyển đổi phong cách cho Infographic thuật ngữ y tế,"Một câu lệnh được sử dụng với Nano Banana Pro để áp dụng các phong cách hình ảnh khác nhau – hoạt hình đất sét, đồ họa thông tin chi tiết và minh họa tâm lý – cho thuật ngữ y tế 'Aichmophobia' (chứng sợ vật sắc nhọn), thể hiện khả năng của công cụ trong việc diễn giải bố cục và cách trình bày văn bản từ một bản phác thảo thô.","Hội chứng sợ vật sắc nhọn (Aichmophobia), {argument name=""style"" default=""phong cách hoạt hình đất sét""}, {argument name=""detail level"" default=""đồ họa thông tin chi tiết""}, {argument name=""depiction"" default=""minh họa tâm lý""}","[""https://cms-assets.youmind.com/media/1768890727821_48oj5l_G_ASVSWW8AAnV7X.jpg"",""https://cms-assets.youmind.com/media/1768890727928_9umekf_G_ASVSbX0AAjLaa.jpg"",""https://cms-assets.youmind.com/media/1768890728041_7zgo2g_G_ASVSWWkAA57TX.jpg"",""https://cms-assets.youmind.com/media/1768890729703_hurug8_G_ASVSaX0AA2sMW.jpg""]","{""name"":""ヤマアラシ｜医療AI戦略家"",""url"":""https://x.com/AIshijimachiman""}",https://x.com/AIshijimachiman/status/2013129199830384930,"Minh họa, Anime, Phác thảo, Giáo dục"
56,Infographic / Hình ảnh giáo dục - Diorama kiến trúc 3D Isometric tối giản,"Một mẫu prompt để tạo mô hình 3D isometric diorama sạch, tối giản về một phần tòa nhà. Prompt này cho phép tùy chỉnh loại tòa nhà, các yếu tố nội/ngoại thất và kiểu cắt ngang, nhằm mục đích tạo ra một mô hình kiến trúc thu nhỏ với ánh sáng studio dịu nhẹ và vật liệu chân thực.","Một mô hình 3D isometric diorama sạch sẽ, tối giản của một phần [{argument name=""building type"" default=""BUILDING TYPE""}], với [{argument name=""elements"" default=""INTERIOR / EXTERIOR ELEMENTS""}] hiển thị theo [{argument name=""style"" default=""CUTAWAY / OPEN STYLE""}], [STRUCTURAL FRAME] đơn giản, [INFORMATIONAL SIGNAGE] tinh tế, [MATERIAL FINISH] mịn, ánh sáng studio dịu nhẹ, vật liệu chân thực, các cạnh bo tròn, phong cách mô hình kiến trúc thu nhỏ, chi tiết cao, nền trung tính.","[""https://cms-assets.youmind.com/media/1768631167212_chnax0_G-xRiuLbQAATRuP.jpg"",""https://cms-assets.youmind.com/media/1768631167249_uq1fis_G-xRiuJbQAE9AKC.jpg"",""https://cms-assets.youmind.com/media/1768631167254_l9b9p2_G-xRiuKbQAA7P5f.jpg"",""https://cms-assets.youmind.com/media/1768631168636_h31pvg_G-xRiuKagAArqTY.jpg""]","{""name"":""Aleena Amir"",""url"":""https://x.com/aleenaamiir""}",https://x.com/aleenaamiir/status/2012072821439283400,"Nhiếp ảnh, 3D, Tối giản, Nội thất, UI/UX, Giáo dục"
57,Infographic / Hình ảnh giáo dục - Hình ảnh thu nhỏ Zootopia thời trang cao cấp,"Một lời nhắc phức tạp để tạo hình ảnh trực quan 3D thu nhỏ của Zootopia, thể hiện bảy giai đoạn nghệ thuật từ những con phố nhộn nhịp đến các đường hầm ngầm. Hình ảnh trực quan được thiết kế giống như một tòa thị chính đắt tiền với không khí biên tập thời trang cao cấp, ánh sáng chiaroscuro mạnh mẽ và các yếu tố chi tiết như ghi chú nếm được thiết kế dưới dạng đá quý, được chụp bằng máy ảnh Hasselblad để có độ sâu trường ảnh cực nông.","Một mô hình 3D thu nhỏ của Zootopia, không có mô hình người, trưng bày bảy giai đoạn nghệ thuật thu nhỏ: những con phố Zootopia nhộn nhịp được ánh bình minh hôn nhẹ, những công dân động vật nhỏ bé đang thu hoạch cà rốt, những đường hầm ngầm thiếu sáng với những hàng thùng sản phẩm được sắp xếp chính xác, những buổi tụ tập thân mật tại quán cà phê thành phố, không khí thảo nguyên buổi sáng mờ sương huyền ảo. Mỗi tầng hiển thị tên quận, phần trăm dân số và ghi chú nếm thử của Zootopia Gazette được thiết kế như những viên đá quý. Phông nền gợi lên một khung cảnh tòa thị chính sang trọng, sử dụng ánh sáng chiaroscuro mạnh mẽ để tạo ra một không khí biên tập thời trang cao cấp. Được chụp bằng Hasselblad H6D-100c, 100mm f/2.2, độ sâu trường ảnh cực nông với hiệu ứng bokeh tinh tế. Các màn hình holographic hiển thị gợi ý kết hợp bánh cà rốt trôi nhẹ nhàng, với các cặp phô mai thủ công cho rượu vang trắng, sô cô la đen đậm đà cho rượu vang đỏ. Câu chuyện màu sắc chuyển từ tông màu đất sâu và tông màu đá quý cho các loại rượu vang đậm đà sang màu xanh lá cây băng giá, vàng bạc và sắc thái champagne cho các loại rượu vang giòn.","[""https://cms-assets.youmind.com/media/1768631198803_82tgdx_G-wYS8ibQAEGcVi.jpg""]","{""name"":""Willy"",""url"":""https://x.com/jw660227""}",https://x.com/jw660227/status/2012009858032419083,"Nhiếp ảnh, 3D, Sản phẩm, Động vật, Thời trang, Thành phố, Giáo dục"
60,Hình thu nhỏ trên YouTube - Gợi ý tạo ảnh chân dung Ana de Armas trên thảm đỏ (váy vàng và đỏ),"Hai lời nhắc JSON cực kỳ chi tiết để tạo ra những bức chân dung siêu thực, độ phân giải 8K của Ana de Armas trên thảm đỏ. Các lời nhắc chỉ định danh tính người nổi tiếng, tư thế, chi tiết trang phục haute couture phức tạp (váy ngắn màu vàng hoặc đỏ với họa tiết hình học màu đen), ánh sáng điện ảnh (đèn flash chuyên nghiệp dịu nhẹ) và cài đặt máy ảnh kỹ thuật (ống kính 85mm, khẩu độ f/1.8, nền bokeh), cùng với danh sách lời nhắc phủ định toàn diện.","{
  ""image_prompt"": {
    ""subject"": {
      ""name"": ""{argument name=\""celebrity name\"" default=\""Ana de Armas\""}"",
      ""description"": ""người phụ nữ trẻ với mái tóc vàng óng dài ngang vai được cắt lớp, gợn sóng nhẹ, mắt xanh, trang điểm tự nhiên nhẹ nhàng với son môi hồng nude, làn da sáng mịn, vòng cổ ngọc trai"",
      ""pose"": ""nhìn thẳng vào máy ảnh, mỉm cười nhẹ, dáng đứng tự tin trên thảm đỏ, ảnh chân dung từ đầu đến vai""
    },
    ""outfit"": {
      ""item"": ""Đầm {argument name=\""outfit color\"" default=\""Yellow\""}"",
      ""details"": ""họa tiết mạng lưới hình học đính hạt đen trên nền vải xuyên thấu màu nude, cổ áo hình trái tim, thêu kim sa đen tinh xảo, không tay, phom dáng cứng cáp"",
      ""style"": ""quyến rũ, thời trang cao cấp, haute couture""
    },
    ""environment"": {
      ""setting"": ""sự kiện thảm đỏ ra mắt phim"",
      ""background"": ""tường truyền thông mờ tối với các logo trắng và đỏ không thể nhận dạng, phông nền sự kiện chuyên nghiệp"",
      ""atmosphere"": ""độc quyền, điện ảnh, có sự xuất hiện của người nổi tiếng""
    },
    ""technical_specs"": {
      ""lighting"": ""ánh sáng flash chuyên nghiệp dịu nhẹ, ánh sáng viền tóc, chiếu sáng đều khuôn mặt, không có bóng đổ gắt"",
      ""camera"": ""ống kính 85mm, khẩu độ f/1.8, lấy nét sắc nét vào mắt, hậu cảnh bokeh"",
      ""quality"": ""độ phân giải 8k, siêu thực, kết cấu chi tiết cao, ảnh thô, chủ nghĩa hiện thực ảnh, kiệt tác"",
      ""aspect_ratio"": ""9:16""
    }
  },
  ""negative_prompt"": ""hoạt hình, minh họa, tranh vẽ, bản vẽ, giải phẫu kém, mờ, chất lượng thấp, mắt méo mó, văn bản, hình mờ, logo, quá bão hòa, tóc rối, sai khuôn mặt"",
  ""parameters"": {
    ""size"": ""highest_resolution"",
    ""orientation"": ""vertical"",
    ""style_preset"": ""photographic""
  }
}

{
  ""image_prompt"": {
    ""subject"": {
      ""name"": ""Ana de Armas"",
      ""description"": ""người phụ nữ trẻ với mái tóc đen dài ngang vai được cắt lớp, gợn sóng nhẹ, mắt xanh, trang điểm tự nhiên nhẹ nhàng với son môi hồng nude, làn da sáng mịn, vòng cổ ngọc trai"",
      ""pose"": ""nhìn thẳng vào máy ảnh, mỉm cười nhẹ, dáng đứng tự tin trên thảm đỏ, toàn thân""
    },
    ""outfit"": {
      ""item"": ""Đầm mini màu đỏ"",
      ""details"": ""họa tiết mạng lưới hình học đính hạt đen trên nền vải xuyên thấu màu nude, cổ áo hình trái tim, thêu kim sa đen tinh xảo, không tay, phom dáng cứng cáp, sandal cao gót màu đỏ"",
      ""style"": ""quyến rũ, thời trang cao cấp, haute couture""
    },
    ""environment"": {
      ""setting"": ""sự kiện thảm đỏ ra mắt phim"",
      ""background"": ""tường truyền thông màu đỏ thẫm mờ với các logo trắng và đỏ không thể nhận dạng, phông nền sự kiện chuyên nghiệp"",
      ""atmosphere"": ""độc quyền, điện ảnh, có sự xuất hiện của người nổi tiếng""
    },
    ""technical_specs"": {
      ""lighting"": ""ánh sáng flash chuyên nghiệp dịu nhẹ, ánh sáng viền tóc, chiếu sáng đều khuôn mặt, không có bóng đổ gắt"",
      ""camera"": ""ống kính 85mm, khẩu độ f/1.8, lấy nét sắc nét vào mắt, hậu cảnh bokeh"",
      ""quality"": ""độ phân giải 8k, siêu thực, kết cấu chi tiết cao, ảnh thô, chủ nghĩa hiện thực ảnh, kiệt tác"",
      ""aspect_ratio"": ""9:16""
    }
  }
}","[""https://cms-assets.youmind.com/media/1768890686290_u0dby9_G_AiGT1W4AAzigm.jpg""]","{""name"":""Artificial intelligence (Ai),Open Ai"",""url"":""https://x.com/Vishnudxe""}",https://x.com/Vishnudxe/status/2013146529314545854,"Chân dung, Nhiếp ảnh, Điện ảnh, Minh họa, Anime, Thời trang, Logo"
71,"Hình thu nhỏ trên YouTube - Lời nhắc ảnh tĩnh video ""Nhà sư đưa ra lời khuyên cuộc sống""","Một prompt có cấu trúc để tạo ra hình ảnh tĩnh 4K chân thực của một nhà sư Phật giáo lớn tuổi đang đưa ra lời khuyên cuộc sống trong sân chùa truyền thống ở Đông Á. Prompt chỉ định ngoại hình, trang phục, vật thể (kinh sách, nến) của nhà sư và cài đặt máy ảnh (iPhone 17 Pro, dọc 9:16) để mô phỏng tính thẩm mỹ của một video lan truyền trên mạng xã hội.","{
  ""scene_type"": ""sân_chùa_giảng_dạy_tâm_linh"",
  ""setting"": {
    ""location"": ""sân_chùa_Phật_giáo_ngoài_trời"",
    ""background"": {
      ""architecture"": ""ngôi_chùa_Đông_Á_truyền_thống_với_những_đường_chạm_khắc_gỗ_tinh_xảo, các_cột_màu_đỏ_và_mái_ngói_cong"",
      ""nature"": ""những_hàng_cây_xanh_tươi_bên_trái"",
      ""ground"": ""nền_đá_xám"",
      ""weather"": ""trời_âm_u_đến_ánh_sáng_tự_nhiên_dịu_nhẹ""
    }
  },
  ""subject"": {
    ""type"": ""nhà_sư_lớn_tuổi"",
    ""position"": ""ngồi_kiết_già_trên_mặt_đất"",
    ""pose"": ""ngồi_sau_một_chiếc_bàn_thấp, nói_trực_tiếp_vào_máy_quay"",
    ""expression"": ""chân_thành, khôn_ngoan_và_mang_tính_hướng_dẫn"",
    ""appearance"": {
      ""hair"": {
        ""style"": ""cạo_trọc"",
        ""color"": ""không_có""
      },
      ""skin_features"": ""da_lão_hóa_với_nhiều_nếp_nhăn_sâu"",
      ""eye_color"": ""màu_tối""
    },
    ""clothing"": {
      ""top"": ""áo_trong_màu_xám_nhạt_với_áo_choàng_ngoài_màu_vàng_nghệ_vắt_qua_vai"",
      ""bottom"": ""vải_áo_choàng_màu_vàng_nghệ_che_chân""
    },
    ""accessories"": []
  },
  ""objects"": [
    {
      ""type"": ""đồ_nội_thất"",
      ""name"": ""bàn_gỗ_thấp"",
      ""material"": ""gỗ_sáng_màu"",
      ""position"": ""tiền_cảnh_phía_trước_nhà_sư""
    },
    {
      ""type"": ""sách"",
      ""name"": ""kinh_sách_mở_rộng"",
      ""state"": ""mở_với_các_cột_văn_bản_có_thể_nhìn_thấy"",
      ""position"": ""trên_bàn_gỗ""
    },
    {
      ""type"": ""nguồn_sáng"",
      ""name"": ""nến"",
      ""color"": ""sáp_trắng"",
      ""state"": ""đang_cháy_với_ngọn_lửa_nhỏ_màu_vàng"",
      ""position"": ""trên_bàn_cạnh_sách""
    }
  ],
  ""camera"": {
    ""device"": ""iPhone 17 Pro"",
    ""angle"": ""ngang_tầm_mắt"",
    ""framing"": ""cảnh_trung"",
    ""orientation"": ""chân_dung_dọc_9:16"",
    ""quality"": ""ảnh_tĩnh_video_4k, độ_nét_cao, lấy_nét_sắc_bén""
  },
  ""mood"": ""thanh_tịnh, triết_lý, mang_tính_giáo_huấn"",
  ""lighting"": ""ánh_sáng_tự_nhiên_dịu_nhẹ, khuếch_tán"",
  ""image_style"": ""video_mạng_xã_hội_lan_truyền, chân_thực"",
  ""activity"": ""nhà_sư_đang_truyền_đạt_lời_khuyên_về_cuộc_sống""
}","[""https://cms-assets.youmind.com/media/1768319143757_f02xwd_G-cqsRYaAAA-kBL.jpg""]","{""name"":""Lore"",""url"":""https://x.com/l_w_lorenzen""}",https://x.com/l_w_lorenzen/status/2010622716475482593,"Nhiếp ảnh, Điện ảnh, Thiên nhiên, Nội thất, Nhân vật, Thời trang, UI/UX"
79,Truyện tranh / Bảng phân cảnh - Biến đổi Cyborg tinh tế trong tàu điện ngầm,"Một lời nhắc rất chi tiết để tạo ra một bức ảnh tĩnh điện ảnh siêu thực về một người phụ nữ trên chuyến tàu điện ngầm đang di chuyển, tập trung vào sự biến đổi cyborg tinh tế, giai đoạn đầu (mạch điện phát quang sinh học mờ nhạt, ánh kim cơ học trong một mắt) và một thẩm mỹ khoa học viễn tưởng căng thẳng, thực tế.","{
  ""type"": ""image_generation_prompt"",
  ""language"": ""Tiếng Việt"",
  ""style"": ""ảnh tĩnh điện ảnh siêu thực"",
  ""aspect_ratio"": ""16:9"",
  ""subject"": {
    ""gender"": ""nữ"",
    ""pose"": {
      ""position"": ""đứng một mình"",
      ""orientation"": ""ở giữa, đối diện máy ảnh"",
      ""posture"": ""tĩnh lặng, điềm tĩnh, hơi căng thẳng""
    },
    ""appearance"": {
      ""hood"": ""mặc áo khoác có mũ trùm đầu"",
      ""face"": {
        ""skin_texture"": ""da người chân thực, tự nhiên như ảnh chụp"",
        ""cyborg_transition"": {
          ""stage"": ""giai đoạn đầu"",
          ""details"": [
            ""mạch điện phát quang sinh học mờ nhạt hầu như không nhìn thấy dưới da"",
            ""ánh sáng dịu nhẹ dọc theo một bên má và bên cổ"",
            ""kín đáo và chân thực, không phóng đại""
          ],
          ""eyes"": {
            ""left_or_right_eye"": ""một bên mắt phản chiếu ánh sáng lạnh, cơ khí nhưng vẫn giữ phần lớn nét người""
          }
        }
      },
      ""expression"": ""trung tính nhưng mãnh liệt, đầy dự cảm, bình tĩnh với sự căng thẳng tiềm ẩn""
    }
  },
  ""environment"": {
    ""location"": ""bên trong một chuyến tàu điện ngầm đang di chuyển"",
    ""interior"": {
      ""walls"": ""kim loại chải xước"",
      ""poles"": ""cột thép thẳng đứng"",
      ""floor"": ""sàn công nghiệp cũ kỹ"",
      ""lighting"": ""đèn huỳnh quang mờ, nhấp nháy""
    },
    ""windows"": {
      ""outside_view"": ""hiệu ứng nhòe chuyển động cho thấy tốc độ và sự di chuyển""
    }
  },
  ""lighting"": {
    ""type"": ""ánh sáng điện ảnh tự nhiên"",
    ""contrast"": ""độ tương phản dịu"",
    ""mood"": ""lạnh lẽo, căng thẳng, kín đáo""
  },
  ""color_palette"": {
    ""primary_tones"": [""màu xanh lam bão hòa thấp"", ""màu xám lạnh""],
    ""saturation"": ""thấp, dịu""
  },
  ""camera"": {
    ""depth_of_field"": ""độ sâu trường ảnh nông"",
    ""focus"": ""sắc nét vào khuôn mặt và phần thân trên của người phụ nữ"",
    ""style"": ""ảnh tĩnh điện ảnh cao cấp""
  },
  ""atmosphere"": {
    ""mood"": ""căng thẳng, đầy dự cảm, trước khi biến đổi"",
    ""genre"": ""chủ nghĩa hiện thực khoa học viễn tưởng"",
    ""aesthetic"": ""thực tế, tinh tế, chân thực""
  },
  ""quality"": {
    ""realism"": ""chân thực như ảnh chụp"",
    ""detail_level"": ""cao"",
    ""skin_detail"": ""lỗ chân lông và kết cấu tự nhiên có thể nhìn thấy""
  },
  ""constraints"": [
    ""Không có yếu tố khoa học viễn tưởng phóng đại"",
    ""Không có ánh sáng huyền ảo hoặc hiệu ứng neon"",
    ""Không có phong cách hoạt hình hoặc minh họa"",
    ""Không có ánh sáng quá chói"",
    ""Các yếu tố cyborg phải giữ sự tinh tế và chân thực""
  ],
  ""output_goal"": ""Tạo một hình ảnh điện ảnh chân thực như ảnh chụp về một người phụ nữ đứng một mình bên trong một chuyến tàu điện ngầm đang di chuyển, ghi lại sự biến đổi cyborg giai đoạn đầu tinh tế với tâm trạng căng thẳng, đầy dự cảm và chủ nghĩa hiện thực khoa học viễn tưởng thực tế.""
}","[""https://cms-assets.youmind.com/media/1768890648607_yjt9k8_G_AIfUMXwAE1ZOC.jpg""]","{""name"":""𝗦𝗮𝗻𝗶𝗮"",""url"":""https://x.com/saniaspeaks_""}",https://x.com/saniaspeaks_/status/2013118390630744196,"Chân dung, Nhiếp ảnh, Điện ảnh, Minh họa, Anime, Tương lai, Nội thất, Nhân vật, Văn bản, UI/UX"
82,Truyện tranh / Bảng phân cảnh - Lưới gợi ý kể chuyện theo phong cách phim độc lập,"Một JSON prompt phức tạp, có cấu trúc được thiết kế để tạo ra một lưới kể chuyện gồm 5 hình ảnh với phong cách điện ảnh độc lập thử nghiệm. Nó tập trung vào khoảnh khắc yên bình, hoài niệm của một chàng trai trẻ tại một trạm xe buýt bỏ hoang, nhấn mạnh chủ nghĩa hiện thực thô mộc, độ tương phản thấp và bố cục không hoàn hảo để mô phỏng một cảnh được nhớ lại.","{
  ""concept"": ""một khoảnh khắc tĩnh lặng gợi cảm giác như được hồi ức hơn là chụp ảnh"",
  ""subject"": {
    ""type"": ""chàng trai trẻ"",
    ""age"": ""đầu tuổi 20"",
    ""presence"": ""tinh tế, gần như không được chú ý trong khung hình"",
    ""expression"": ""cảm xúc kìm nén, đôi mắt gợi lên những suy nghĩ chưa hoàn thành"",
    ""skin_tone"": ""tông màu tự nhiên, dịu nhẹ với những điểm không đều trong đời thực"",
    ""features"": ""khuôn mặt không tạo dáng, tư thế thư thái, những khuyết điểm của con người được giữ nguyên""
  },
  ""scene"": {
    ""environment"": ""trạm xe buýt ngoài trời bị bỏ hoang gần lòng sông cạn"",
    ""location"": ""mái che bê tông nứt nẻ, biển báo phai màu, cỏ dại cao mọc um tùm"",
    ""props"": ""ghế dài cũ, ba lô sờn cũ, thời khóa biểu giấy rách"",
    ""time_of_day"": ""chiều muộn ngay trước khi hoàng hôn xanh mờ dần"",
    ""weather"": ""không khí tĩnh lặng, những hạt bụi li ti lơ lửng""
  },
  ""composition"": {
    ""style"": ""lưới kể chuyện 5 hình ảnh, kể chuyện phi tuyến tính"",
    ""shots"": [
      ""cận cảnh cực độ ngón tay đặt trên ghế, tiêu cự nông"",
      ""hình ảnh phản chiếu của chủ thể trên bề mặt kim loại bị trầy xước, khuôn mặt bị biến dạng một phần"",
      ""cảnh trung bình từ phía sau, chủ thể ngồi và hơi gù lưng"",
      ""góc nghiêng được đóng khung qua những ngọn cỏ cao ở tiền cảnh"",
      ""cảnh tĩnh rộng nơi chủ thể xuất hiện nhỏ bé, gần như hòa tan vào không gian""
    ],
    ""camera_angles"": ""quan sát, không hoàn hảo, hơi lệch tâm"",
    ""framing"": ""mất cân bằng có chủ ý, không gian âm chiếm ưu thế trong khung hình""
  },
  ""lighting"": {
    ""type"": ""ánh sáng ban ngày tự nhiên còn sót lại"",
    ""quality"": ""ánh sáng mềm mại, mờ dần, năng lượng thấp"",
    ""color_temperature"": ""màu xanh lam lạnh, bão hòa thấp với những gợi ý của sự mục rữa ấm áp"",
    ""shadows"": ""tinh tế, không rõ ràng, chân thực""
  },
  ""visual_style"": {
    ""mood"": ""hoài niệm, lơ lửng, cảm xúc kìm nén"",
    ""color_grading"": ""tông màu nhạt nhòa với sự phân tách màu sắc nhẹ nhàng"",
    ""contrast"": ""rất thấp, gần như phẳng"",
    ""film_look"": ""phim độc lập thử nghiệm / thẩm mỹ lưu trữ ký ức"",
    ""realism"": ""thô mộc, chống bóng bẩy, không hoàn hảo có chủ ý""
  },
  ""camera_settings"": {
    ""lens"": ""ống kính kiểu tài liệu 40mm–58mm"",
    ""depth_of_field"": ""lấy nét chọn lọc, đôi khi mềm mại"",
    ""focus"": ""ưu tiên bầu không khí hơn độ sắc nét""
  },
  ""quality"": {
    ""resolution"": ""4K"",
    ""detail"": ""kết cấu tự nhiên, dấu hiệu hao mòn rõ ràng, bề mặt chân thực"",
    ""noise"": ""hạt nhiễu hữu cơ giống như phim được quét"",
    ""artifacts"": ""không có, không có biến dạng AI""
  }
}","[""https://cms-assets.youmind.com/media/1768804207523_ob7epm_G-7TrcpWYAAxxO1.jpg""]","{""name"":""Harboriis"",""url"":""https://x.com/harboriis""}",https://x.com/harboriis/status/2012778831330099383,"Nhiếp ảnh, Điện ảnh, Nhân vật, Xe cộ"
85,Truyện tranh / Bảng phân cảnh - Mô hình LEGO Diorama thu nhỏ bối cảnh phim kinh dị 'The Nun',"Một lời nhắc JSON sáng tạo để tạo cảnh mô hình LEGO thu nhỏ mô tả phim trường của bộ phim kinh dị 'The Nun'. Nó bao gồm các mô tả chi tiết về nội thất đá Gothic, nhân vật nữ tu LEGO và nhiều thành viên đoàn làm phim LEGO minifigure (người quay phim, người cầm micro boom, đạo diễn) tương tác với thiết bị làm phim, tất cả được thể hiện bằng ánh sáng điện ảnh kịch tính, độ tương phản cao.","{
  ""scene_overview"": {
    ""setting"": ""Nội thất đá kiểu Gothic giống bối cảnh nhà thờ hoặc thánh đường"",
    ""environment_style"": ""Mô hình LEGO thu nhỏ"",
    ""location_type"": ""Trường quay / sản xuất phim hậu trường"",
    ""time_of_day"": ""Trong nhà, ánh sáng được kiểm soát (tâm trạng đêm điện ảnh)"",
    ""atmosphere"": ""Điện ảnh, kỳ quái, sân khấu, được kiểm soát"",
    ""mood"": ""Hài hước đen tối, ma quái, vui tươi, sáng tạo"",
    ""genre_influence"": [""Kinh dị"", ""Làm phim hậu trường"", ""Kỳ ảo""]
  },

  ""primary_subject"": {
    ""type"": ""Nhân vật LEGO minifigure"",
    ""role"": ""Nữ tu / nhân vật kinh dị"",
    ""appearance"": {
      ""outfit"": ""Áo nữ tu đen với cổ áo trắng"",
      ""face"": ""Mặt trắng bệch, mắt trũng đen, biểu cảm kỳ quái"",
      ""accessories"": ""Dây chuyền thánh giá"",
      ""pose"": ""Đứng yên, đối diện về phía trước""
    },
    ""positioning"": {
      ""location"": ""Nằm ở trung tâm trong một vòm đá lớn"",
      ""background"": ""Hốc hoặc buồng được chiếu sáng màu xanh lam rực rỡ""
    }
  },

  ""supporting_characters"": {
    ""crew_members"": [
      {
        ""role"": ""Người quay phim"",
        ""object_interaction"": ""Vận hành một máy quay phim LEGO lớn"",
        ""position"": ""Phía trước bên trái, ngồi trên xe đẩy máy quay""
      },
      {
        ""role"": ""Người điều khiển micro boom"",
        ""object_interaction"": ""Giữ micro boom hướng về phía chủ thể"",
        ""position"": ""Phía trên bên trái tiền cảnh""
      },
      {
        ""role"": ""Kỹ thuật viên ánh sáng"",
        ""object_interaction"": ""Giữ một tấm phản sáng hình chữ nhật"",
        ""position"": ""Bên phải, đặt trên giá đỡ""
      },
      {
        ""role"": ""Người điều khiển bảng vỗ"",
        ""object_interaction"": ""Giữ một bảng vỗ"",
        ""position"": ""Phía trước trung tâm bên phải""
      },
      {
        ""role"": ""Đạo diễn / Giám sát kịch bản"",
        ""object_interaction"": ""Giữ bảng kẹp và giấy tờ"",
        ""position"": ""Phía dưới bên phải tiền cảnh""
      }
    ],
    ""style"": ""Tất cả các nhân vật đều là LEGO minifigure với tông màu da vàng và nhiều kiểu tóc khác nhau""
  },

  ""props_and_equipment"": {
    ""film_equipment"": [
      ""Máy quay phim LEGO"",
      ""Xe đẩy máy quay trên đường ray"",
      ""Micro boom có kính chắn gió lông"",
      ""Tấm phản sáng"",
      ""Bảng vỗ"",
      ""Màn hình hiển thị nhân vật nữ tu"",
      ""Dây cáp cuộn trên sàn""
    ],
    ""architectural_elements"": [
      ""Tường gạch đá"",
      ""Cửa vòm lớn"",
      ""Hốc tường lõm"",
      ""Sàn đá lát gạch""
    ]
  },
  ""lighting"": {
    ""primary_light"": ""Ánh sáng xanh lục lam mạnh từ phía sau nữ tu"",
    ""secondary_lighting"": ""Ánh sáng studio trung tính ấm áp trên đoàn làm phim và tiền cảnh"",
    ""contrast"": ""Độ tương phản cao giữa nền xanh lạnh và tông màu tiền cảnh ấm áp"",
    ""style"": ""Ánh sáng điện ảnh, kịch tính, lấy cảm hứng kinh dị""
  },

  ""color_palette"": {
    ""dominant_colors"": [""Xám đậm"", ""Đen"", ""Xanh lục lam""],
    ""accent_colors"": [""Vàng ấm (""
  }
}","[""https://cms-assets.youmind.com/media/1768631179842_bt4bpk_G-wvqjobQAIEqnQ.jpg""]","{""name"":""Chandan Singh"",""url"":""https://x.com/cbsingh_oo3""}",https://x.com/cbsingh_oo3/status/2012035545812385829,"Chân dung, Điện ảnh, Nội thất, Nhân vật, Xe cộ, Thời trang, Văn bản, UI/UX, Meme"
87,Truyện tranh / Bảng phân cảnh - Bảng phân cảnh ba bức về cặp đôi điện ảnh siêu chân thực,"Một lời nhắc JSON bị ràng buộc cao được thiết kế để tạo ra một bức tranh bộ ba (ba tấm dọc) về một cặp đôi trên xích đu, yêu cầu khóa nhận dạng nghiêm ngặt cho cả hai đối tượng và khóa bố cục chính xác dựa trên hình ảnh tham chiếu. Lời nhắc chỉ định kết xuất siêu chân thực, ánh sáng điện ảnh (ống kính 28mm, f/2.8) và các ràng buộc chi tiết để đảm bảo hành động (treo ngược, đẩy) và khuôn mặt được bảo toàn hoàn hảo trên cả ba tấm.","{
  ""generation_request"": {
    ""meta_data"": {
      ""tool"": ""NanoBanana Pro"",
      ""task_type"": ""photoreal_cinematic_couple_triptych_storyboard"",
      ""version"": ""v1.1_SWING_SET_TRIPTYCH_PLAYFUL_UPSIDE_DOWN_ULTRA_REAL"",
      ""priority"": ""highest""
    },
    ""references"": {
      ""female_reference_image"": {
        ""slot"": 1,
        ""purpose"": ""FEMALE_IDENTITY_LOCK"",
        ""strict_identity_lock"": true,
        ""face_similarity_priority"": ""MAX"",
        ""no_identity_blending"": true,
        ""preserve_age_gender"": true,
        ""preserve_skin_texture"": true,
        ""preserve_facial_proportions"": true,
        ""no_beautify"": true,
        ""no_makeup_invention"": true
      },
      ""male_reference_image"": {
        ""slot"": 2,
        ""purpose"": ""MALE_IDENTITY_LOCK"",
        ""strict_identity_lock"": true,
        ""face_similarity_priority"": ""MAX"",
        ""no_identity_blending"": true,
        ""preserve_age_gender"": true,
        ""preserve_skin_texture"": true,
        ""preserve_facial_proportions"": true,
        ""no_beautify"": true,
        ""no_makeup_invention"": true
      },
      ""composition_reference_image"": {
        ""source"": ""UPLOAD_REFERENCE_IMAGE (REQUIRED_FOR_LAYOUT_LOCK)"",
        ""purpose"": ""EXACT_TRIPTYCH_LAYOUT_COMPOSITION_ACTION_LOCK"",
        ""strict_lock"": true,
        ""no_layout_drift"": true,
        ""preserve_framing"": true,
        ""preserve_pose_logic"": true,
        ""preserve_panel_spacing"": true
      }
    },
    ""output_settings"": {
      ""aspect_ratio"": ""4:5"",
      ""orientation"": ""portrait"",
      ""resolution"": ""ultra_high_res"",
      ""render_style"": ""true_photoreal_cinematic_lifestyle"",
      ""sharpness"": ""natural_camera_sharpness_not_ai"",
      ""film_grain"": ""subtle_35mm_analog"",
      ""color_grade"": ""natural_warm_film_neutral_skin"",
      ""dynamic_range"": ""natural_not_hdr"",
      ""skin_rendering"": ""real_microtexture_pores_peachfuzz_no_plastic"",
      ""compression_artifacts"": ""none""
    },
    ""hard_constraints"": [
      ""Chỉ có đúng 2 người (một nữ, một nam)."",
      ""Khuôn mặt phải khớp với các ảnh tham chiếu đã tải lên với độ tương đồng tối đa (không lệch nhận dạng)."",
      ""Bố cục triptych: BA bảng ngang xếp chồng theo chiều dọc trong một ảnh 4:5, chính xác như ảnh tham chiếu bố cục."",
      ""Bối cảnh là bộ xích đu sân chơi ngoài trời, các hành động giống như tham chiếu: treo ngược người vui đùa + đẩy + vươn tay về phía máy ảnh."",
      ""Khuôn mặt phải hiển thị rõ ràng và dễ nhận biết trong TẤT CẢ BA bảng (không có tóc che kín mặt, không quá mờ)."",
      ""Giải phẫu học siêu thực; tay/ngón tay chính xác; nếp gấp quần áo và trọng lực thực tế."",
      ""Hình học của bộ xích đu phải chính xác về mặt vật lý (khung kim loại thẳng, mắt xích đúng, không bị biến dạng)."",
      ""Không có chữ, không có logo, không có hình mờ.""
    ],
    ""camera"": {
      ""style"": ""real_cinematic_lifestyle_photo"",
      ""lens"": ""28mm_full_frame"",
      ""distortion"": ""realistic_28mm_mild_edge_distortion_controlled"",
      ""aperture"": ""f/2.8""
    }
  }
}","[""https://cms-assets.youmind.com/media/1768468569920_isda2w_G-pfFU6bQAIiBBT.jpg""]","{""name"":""Özge Döner"",""url"":""https://x.com/astronomerozge1""}",https://x.com/astronomerozge1/status/2011524755480809767,"Chân dung, Nhóm người, Nhiếp ảnh, Điện ảnh, 3D, Nhân vật, Văn bản, Logo, UI/UX"
92,Truyện tranh / Bảng phân cảnh - Lời nhắc hệ thống Gemini để tạo Manga 10 trang trong Nano Banana Pro,"Một mẫu lời nhắc hệ thống chi tiết được thiết kế cho Gemini để hoạt động như một nhà văn truyện tranh chuyên nghiệp và giám đốc nghệ thuật AI. Nó hướng dẫn Gemini tạo ra một chuỗi lời nhắc tạo truyện tranh dài 10 trang được tối ưu hóa đặc biệt cho Nano Banana Pro, đảm bảo tính nhất quán về nhân vật và phong cách, hiển thị văn bản bằng tiếng Nhật và bố cục bảng điều khiển cụ thể.","Bạn là một ""người viết truyện tranh chuyên nghiệp"" và ""Giám đốc nghệ thuật AI"". Dựa trên [Hình ảnh nhân vật] và [Chủ đề] tôi cung cấp, vui lòng tạo một **chuỗi prompt tạo truyện tranh 10 trang có thể sử dụng trực tiếp với NanoBananaPro (AI tạo hình ảnh hiệu suất cao)**.

## Yêu cầu sản xuất (Tối ưu hóa kết hợp NanoBananaPro)
1. **Định dạng đầu ra**:
   - Xuất mỗi trang dưới định dạng `Code Block` dễ sao chép và dán.
   - **Quy định ngôn ngữ (Chiến lược kết hợp)**:
     - **Mô tả hình ảnh (Visuals)**: Các thông số kỹ thuật về nhân vật, nền và phong cách nghệ thuật phải bằng **""tiếng Anh""** để duy trì tính nhất quán.
     - **Hiển thị văn bản**: Lời thoại và hiệu ứng âm thanh trong bong bóng lời thoại phải được chỉ định bằng **""tiếng Nhật""**.
     - **Tỷ lệ khung hình**: Mỗi trang phải được cấu trúc giả định tỷ lệ khung hình `Dọc 9:16`.

2. **Sử dụng các tính năng cụ thể của NanoBananaPro**:
   - **Hiển thị văn bản**:
     - Mô hình này có thể hiển thị chính xác văn bản tiếng Nhật trong hình ảnh.
     - Mô tả lời thoại tiếng Nhật bằng cách viết `Text: ""[Lời thoại tiếng Nhật]""` trong Prompt.
     - **Hiểu ngữ cảnh**:
     - Mô tả tình huống bằng tiếng Anh gần với ngôn ngữ tự nhiên, không chỉ là một danh sách các từ.

3. **Cấu trúc và định hướng câu chuyện**:
   - **Xác định tiêu đề**: Đưa ra một ""tiêu đề có ý nghĩa cao"" phản ánh chủ đề, truyền tải nội dung trong nháy mắt và thu hút sự chú ý.
     - **Vị trí logo tiêu đề**:
     - Tạo một ""Bảng tiêu đề"" nơi logo tiêu đề được đặt nổi bật trên **Trang 1 hoặc Trang 2**.
     - **Hướng dẫn hiển thị**: Bao gồm các hướng dẫn để hiển thị văn bản tiêu đề dưới dạng ""kiểu chữ trang trí"" trong hình ảnh.
     - **Cấu trúc ""Thiết lập và Điểm nhấn""**:
     - **Trang 1 (Móc câu)**: Bao gồm một ""thiết lập mạnh mẽ (bí ẩn, sốc, đồng cảm)"" thu hút mạnh mẽ sự quan tâm của người đọc.
     - **Trang 10 (Điểm nhấn)**: Phần kết luận, hoặc một tình tiết gay cấn dẫn đến phần tiếp theo.

4. **Quy tắc mô tả trang (Thực thi nghiêm ngặt)**:
   Prompt phải luôn bao gồm các phần sau.
   
   - **Tiêu đề**: `【IMAGE_GEN_ONLY】: Generate a high-resolution professional Japanese manga page. Full Color. Vertical 9:16. 4K.`
   
   - **【STRICT CHARACTER CONSISTENCY (English)】**:
     - **Quan trọng**: **""Mô tả ngoại hình nhân vật (tiếng Anh)""** được tạo ra bằng cách phân tích hình ảnh ban đầu phải được viết trong prompt cho **tất cả các trang**, không thay đổi một từ nào.
     - **Nghiêm cấm**: ""Bỏ qua"" hoặc ""Như trên"" bị **nghiêm cấm**. Toàn bộ định nghĩa phải được viết ra mỗi lần.
     - Ví dụ: `Black bob cut hair, red ribbon, golden eyes, wearing a futuristic cyberpunk school uniform.`
   
   - **【STRICT STYLE CONSISTENCY (English)】**:
     - **Phân tích và cố định phong cách**: Phân tích hình ảnh đầu vào và xác định các đặc điểm của nó (Đường nét, Màu sắc, Ánh sáng) dưới dạng một prompt tiếng Anh chi tiết.
     - **Nghiêm cấm**: Điều này cũng bị **cấm** ""bỏ qua"". Xuất toàn bộ văn bản mỗi lần.
     - Ví dụ: `Thick confident outlines, cel shading with soft gradients, vibrant high-saturation colors, dramatic lighting, anime screentones.`

   - **【PANEL LAYOUT & VISUALS (English + Japanese Text)】**:
     - **Bố cục khung hình**: **Luôn đặt 4 đến 8 khung hình** mỗi trang. (Cấm 3 khung hình trở xuống)
     - **Mô tả nội dung**:
       - `Panel 1 (Top-Right):`
       - `Visual: [Mô tả hành động/góc nhìn bằng tiếng Anh]`
       - `Text: ""[Lời thoại tiếng Nhật trong bong bóng]""`

   - **【PAGE NUMBERING】**:
     - Hướng dẫn hiển thị số trang (ví dụ: ""1"") nhỏ ở góc dưới bên phải.

## Ví dụ mẫu đầu ra

### Trang X

【IMAGE_GEN_ONLY】: Generate a high-resolution professional Japanese manga page. Full Color. Vertical 9:16. --ar 9:16

# STRICT CHARACTER CONSISTENCY (DO NOT CHANGE)
[Dán Mô tả chính xác nhân vật bằng tiếng Anh vào đây... KHÔNG VIẾT TẮT]

# STRICT STYLE CONSISTENCY (DO NOT CHANGE)
[Dán Mô tả chính xác phong cách bằng tiếng Anh vào đây... KHÔNG VIẾT TẮT]

# PAGE NUMBER
Small clear text ""X"" in the bottom-right corner.

# PANEL LAYOUT & VISUALS (Target: 5-8 Panels, Top-Right to Bottom-Left)

## Panel 1 (Top-Right):
- Visual: [English description of the scene and action]
- Text: ""[Japanese Dialogue]""","[""https://cms-assets.youmind.com/media/1768319218713_3ak8ru_G-cuRjib0AAQ6Tn.jpg""]","{""name"":""かし子🍩"",""url"":""https://x.com/Kashiko_AIart""}",https://x.com/Kashiko_AIart/status/2010636586137100687,"Điện ảnh, Anime, Cổ điển, Tương lai, Nhân vật, Văn bản, Logo, UI/UX"
93,Truyện tranh / Bảng phân cảnh - Lưới gợi ý tường thuật ký ức hoài niệm,"Một lời nhắc phức tạp, đa ảnh được thiết kế để tạo ra một lưới kể chuyện gồm 5 hình ảnh với tính thẩm mỹ của một bộ phim độc lập thử nghiệm, tập trung vào một chàng trai trẻ trong một trạm xe buýt bỏ hoang vào buổi tối muộn. Lời nhắc nhấn mạnh độ tương phản thấp, màu sắc bão hòa thấp, sự không hoàn hảo có chủ đích và tập trung vào bầu không khí hơn là độ sắc nét để gợi lên cảm giác ký ức và sự kiềm chế cảm xúc.","{
  ""concept"": ""một khoảnh khắc tĩnh lặng gợi cảm giác như được hồi tưởng hơn là chụp ảnh"",
  ""subject"": {
    ""type"": ""chàng trai trẻ"",
    ""age"": ""đầu 20"",
    ""presence"": ""tinh tế, gần như không được chú ý trong khung hình"",
    ""expression"": ""cảm xúc kìm nén, đôi mắt gợi lên những suy nghĩ chưa hoàn thành"",
    ""skin_tone"": ""tông màu tự nhiên dịu nhẹ với sự không đều chân thực"",
    ""features"": ""khuôn mặt không tạo dáng, tư thế thư thái, những khuyết điểm của con người được giữ nguyên""
  },
  ""scene"": {
    ""environment"": ""trạm xe buýt ngoài trời bị bỏ hoang gần lòng sông cạn"",
    ""location"": ""mái che bê tông nứt nẻ, biển báo phai màu, cỏ dại cao mọc um tùm"",
    ""props"": ""ghế dài cũ kỹ, ba lô sờn cũ, lịch trình xe buýt bằng giấy bị rách"",
    ""time_of_day"": ""chiều muộn ngay trước khi giờ xanh (blue hour) phai nhạt"",
    ""weather"": ""không khí tĩnh lặng, những hạt bụi mờ ảo lơ lửng""
  },
  ""composition"": {
    ""style"": ""lưới kể chuyện 5 hình ảnh, kể chuyện phi tuyến tính"",
    ""shots"": [
      ""cận cảnh cực độ ngón tay đặt trên ghế, lấy nét nông"",
      ""hình ảnh phản chiếu của chủ thể trong bề mặt kim loại bị trầy xước, khuôn mặt bị biến dạng một phần"",
      ""cảnh trung bình từ phía sau, chủ thể đang ngồi và hơi khom lưng"",
      ""góc nghiêng được đóng khung qua đám cỏ cao ở tiền cảnh"",
      ""cảnh tĩnh rộng nơi chủ thể xuất hiện nhỏ bé, gần như hòa tan vào không gian""
    ],
    ""camera_angles"": ""quan sát, không hoàn hảo, hơi lệch tâm"",
    ""framing"": ""sự mất cân bằng có chủ đích, không gian âm chiếm ưu thế trong khung hình""
  },
  ""lighting"": {
    ""type"": ""ánh sáng ban ngày tự nhiên còn sót lại"",
    ""quality"": ""ánh sáng dịu, mờ dần, năng lượng thấp"",
    ""color_temperature"": ""màu xanh lam lạnh, bão hòa thấp với những gợi ý về sự mục nát ấm áp"",
    ""shadows"": ""tinh tế, không rõ ràng, chân thực""
  },
  ""visual_style"": {
    ""mood"": ""hoài niệm, lơ lửng, cảm xúc kìm nén"",
    ""color_grading"": ""tông màu nhạt nhòa với sự phân tách màu sắc nhẹ nhàng"",
    ""contrast"": ""rất thấp, gần như phẳng"",
    ""film_look"": ""phim độc lập thử nghiệm / thẩm mỹ lưu trữ ký ức"",
    ""realism"": ""thô mộc, chống bóng bẩy, cố tình không hoàn hảo""
  },
  ""camera_settings"": {
    ""lens"": ""ống kính kiểu tài liệu 40mm–58mm"",
    ""depth_of_field"": ""lấy nét chọn lọc, đôi khi mềm mại"",
    ""focus"": ""ưu tiên không khí hơn độ sắc nét""
  },
  ""quality"": {
    ""resolution"": ""4K"",
    ""detail"": ""kết cấu tự nhiên, độ hao mòn rõ ràng, bề mặt chân thực"",
    ""noise"": ""hạt nhiễu hữu cơ giống như phim được quét"",
    ""artifacts"": ""không có, không có biến dạng AI""
  }
}","[""https://cms-assets.youmind.com/media/1768319212720_ynv3sq_G-bpAQIaEAA8ZZM.jpg""]","{""name"":""Duet | AI"",""url"":""https://x.com/Sheldon056""}",https://x.com/Sheldon056/status/2010550490321596767,"Nhiếp ảnh, Điện ảnh, Nhân vật, Xe cộ"
95,Tiếp thị sản phẩm - Lời nhắc: Thần tượng chân thực như ảnh trong bộ đồ bơi màu xanh navy,"Một lời nhắc tạo ảnh chân thực chi tiết cho Nano Banana Pro, tập trung vào một nữ thần tượng châu Á tuyệt đẹp trong bộ đồ bơi thi đấu màu xanh navy bó sát với các phụ kiện cụ thể và bối cảnh tối giản. Lời nhắc được cấu trúc theo định dạng JSON, cho phép dễ dàng sửa đổi các yếu tố như logo văn bản trên trang phục.","{
  ""prompt_data"": {
    ""subject"": {
      ""basics"": ""1 cô gái, một mình"",
      ""demographics"": ""Nữ thần tượng châu Á tuổi 20 tuyệt đẹp"",
      ""hair"": ""Tóc đen thẳng rất dài với mái bằng"",
      ""eyes"": ""Đôi mắt xanh nhạt sắc sảo"",
      ""skin"": ""Làn da trắng sứ không tì vết"",
      ""expression"": ""Biểu cảm dễ thương nhưng quyến rũ nhìn vào người xem""
    },
    ""attire"": {
      ""main_outfit"": {
        ""item"": ""Áo bơi thi đấu màu xanh navy bó sát"",
        ""details"": [
          ""Viền trắng tương phản trên dây áo và hai bên"",
          ""Cắt xẻ đùi cao, khoe chân dài"",
          ""Chất liệu vải bóng ướt""
        ],
        ""branding"": ""Logo chữ '{argument name=\""logo text\"" default=\""BeautyVerse\""}' màu trắng in đậm ở vùng ngực""
      },
      ""legwear"": [
        ""Vớ đùi màu đen xuyên thấu"",
        ""Dây nịt tất ren tối màu""
      ]
    },
    ""accessories"": {
      ""style"": ""Phụ kiện vàng sang trọng"",
      ""items"": [
        ""Đồng hồ vàng mỏng"",
        ""Dây chuyền vàng mảnh với mặt dây chuyền đá ruby"",
        ""Bông tai dây vàng dài""
      ]
    },
    ""pose_and_action"": {
      ""posture"": ""Ngồi thoải mái, đầu gối co lên"",
      ""interaction"": ""Tựa vào bức tường bê tông màu xám hiện đại""
    },
    ""environment"": {
      ""setting"": ""Nội thất phòng đơn giản, tối giản màu xám"",
      ""background_elements"": ""Tường bê tông màu xám hiện đại""
    },
    ""style_and_technical"": [
      ""Bóng đổ tinh tế"",
      ""Ánh sáng mềm mại kiểu điện ảnh"",
      ""Khuôn mặt và đôi mắt cực kỳ chi tiết"",
      ""Chất liệu chân thực"",
      ""Siêu thực"",
      ""Lấy nét sắc nét"",
      ""8k"",
      ""3:4""
    ]
  }
}","[""https://cms-assets.youmind.com/media/1768890712914_k5bpoq_G_Eft4VXUAADwdX.jpg""]","{""name"":""BeautyVerse"",""url"":""https://x.com/BeautyVerse_Lab""}",https://x.com/BeautyVerse_Lab/status/2013425391806095403,"Điện ảnh, Tối giản, Sản phẩm, Nội thất, Xe cộ, Thời trang, Văn bản, Logo"
97,Tiếp thị sản phẩm - Nụ hôn trong hiệu sách siêu thực như phim điện ảnh với hiệu ứng Motion Blur,"Một lời nhắc có cấu trúc cao được thiết kế để tạo ra một bức ảnh tĩnh siêu chân thực, tự nhiên như chụp từ một bộ phim điện ảnh về một cặp đôi đang hôn nhau nồng nàn trong lối đi ấm cúng của một hiệu sách. Nó nhấn mạnh những khuyết điểm tự nhiên, ánh sáng vàng hổ phách ấm áp, độ sâu trường ảnh nông và một chút mờ chuyển động để nắm bắt sự ngẫu hứng của khoảnh khắc, đồng thời tuân thủ nghiêm ngặt các giới hạn PG-13.","{
  ""generation_request"": {
    ""meta_data"": {
      ""tool"": ""NanoBanana Pro"",
      ""task_type"": ""photoreal_intimate_romance"",
      ""version"": ""v1.0_COZY_BOOKSTORE_AISLE_KISS_MOTIONBLUR_EN"",
      ""priority"": ""highest"",
      ""language"": ""vi""
    },
    ""references"": {
      ""reference_image_couple"": {
        ""source"": ""UPLOAD_REFERENCE_IMAGE (TÙY CHỌN)"",
        ""purpose"": ""POSE_MOOD_STYLE_ANCHOR"",
        ""strict_lock"": false,
        ""preserve_mood"": true
      }
    },
    ""global_constraints"": {
      ""rating"": ""PG-13"",
      ""no_explicit_sexual_content"": true,
      ""no_text"": true,
      ""no_logos"": true,
      ""no_watermark"": true
    },
    ""output_settings"": {
      ""aspect_ratio"": ""3:4"",
      ""orientation"": ""portrait"",
      ""resolution_target"": ""ultra_high_res"",
      ""render_style"": ""ultra_photoreal_cinematic_film_still"",
      ""sharpness"": ""soft_focus_cinematic"",
      ""film_grain"": ""subtle_35mm"",
      ""color_grade"": ""warm_amber_lowlight"",
      ""dynamic_range"": ""natural_not_hdr"",
      ""skin_rendering"": ""real_texture_no_retouch""
    },
    ""global_rules"": {
      ""camera_language"": ""ống kính 50mm, cận cảnh trung bình, cảm giác cầm tay, độ sâu trường ảnh nông, sách phía trước bị mờ, hiệu ứng nhòe chuyển động nhẹ như một khoảnh khắc tự nhiên"",
      ""lighting_language"": ""ánh sáng tungsten ấm áp + phản xạ mềm, không khí ấm cúng của hiệu sách, giảm sáng nhẹ nhàng, không có đèn flash gắt"",
      ""authenticity_markers"": ""khiếm khuyết tự nhiên, hạt nhiễu nhẹ, hiệu ứng bokeh chân thực, không có ánh sáng AI, không có HDR""
    },
    ""creative_prompt"": {
      ""scene_summary"": ""Một khoảnh khắc điện ảnh chân thực, siêu thực tế về một cặp đôi đang hôn nhau trong lối đi hẹp của một hiệu sách/thư viện. Sách lấp đầy các kệ phía sau họ; những chồng sách ở phía trước tạo chiều sâu. Cảnh quay mang lại cảm giác riêng tư, tự nhiên và ấm áp, với tính thẩm mỹ nhòe chuyển động mềm mại như được quay bằng tay."",
      ""subjects"": {
        ""count"": 2,
        ""description"": ""một cặp đôi thật, tỷ lệ cơ thể tự nhiên, kết cấu da chân thực"",
        ""expression"": ""thân mật và vui vẻ, đắm chìm trong khoảnh khắc"",
        ""skin_and_face"": ""kết cấu da thật, trang điểm tối thiểu, không chỉnh sửa""
      },
      ""pose_and_micro_action"": ""Người đàn ông kéo người phụ nữ lại gần bằng eo; người phụ nữ vòng tay quanh cổ anh. Khuôn mặt của họ bị che khuất một phần bởi nụ hôn, được ghi lại giữa chuyển động để tạo hiệu ứng nhòe tự nhiên."",
      ""wardrobe_and_style"": {
        ""female"": ""váy hoặc áo ôm đơn giản với {argument name=\""female wardrobe color\"" default=\""tông màu trung tính\""}, tóc mềm tự nhiên"",
        ""male"": ""áo sơ mi cài cúc hoặc áo len dệt kim thông thường, tông màu trung tính"",
        ""no_logos"": ""không có thương hiệu dễ thấy""
      },
      ""environment_details"": {
        ""location"": ""lối đi của hiệu sách/thư viện cũ ấm cúng"",
        ""background"": ""những kệ sách cao chất đầy sách, tông màu gỗ ấm áp"",
        ""foreground"": ""sách và gáy sách bị mờ, gần ống kính để tạo chiều sâu"",
        ""props"": ""sách xếp chồng trên một xe đẩy nhỏ hoặc mép kệ""
      },
      ""lighting"": ""ánh sáng thực tế màu hổ phách ấm áp, bóng mềm, điểm nhấn nhẹ nhàng trên tóc và xương gò má"",
      ""composition"": """"
    }
  }
}","[""https://cms-assets.youmind.com/media/1768890673086_xe89r2_G_DTY-kW0AAX35W.jpg""]","{""name"":""Özge Döner"",""url"":""https://x.com/astronomerozge1""}",https://x.com/astronomerozge1/status/2013341511480496169,"Chân dung, Nhóm người, Nhiếp ảnh, Điện ảnh, 3D, Sản phẩm, Nhân vật, Xe cộ, Thành phố, Văn bản, Logo, UI/UX"
98,Tiếp thị sản phẩm - Lời nhắc biên tập: Thảm thần kỳ thời trang cao cấp,"Một lời nhắc JSON để tạo hình ảnh biên tập thời trang cao cấp, mô tả một người phụ nữ đang bay lên trên một tấm thảm thần kỳ được trang trí công phu phía trên biển. Nó nhấn mạnh ánh sáng hoàng hôn điện ảnh xuyên qua màn sương mềm mại, trang phục nhiều lớp tinh xảo với vải vóc bồng bềnh, và góc nhìn thấp để tạo chiều sâu điện ảnh, mơ màng.","{
  ""options"": {
    ""gender"": [
      ""woman""
    ]
  },
  ""prompt_structure"": {
    ""style"": ""Phong cách biên tập thời trang cao cấp"",
    ""subject"": {
      ""model"": ""Người phụ nữ"",
      ""pose"": ""Ngồi hoặc đứng"",
      ""action"": ""Cất cánh trên một tấm thảm thần bay""
    },
    ""apparel"": {
      ""description"": ""Trang phục tinh tế, nhiều lớp với kiểu dáng có cấu trúc"",
      ""details"": ""Chất liệu cao cấp lấy cảm hứng từ các nhà mốt xa xỉ hiện đại"",
      ""physics"": ""Vải bay lượn duyên dáng trong không khí biển ẩm ướt""
    },
    ""props"": {
      ""item"": ""Thảm thần"",
      ""attributes"": ""{argument name=\""carpet details\"" default=\""Trang trí công phu, chi tiết phong phú\""}""
    },
    ""environment"": {
      ""location"": ""Trên biển khơi"",
      ""weather"": ""Sương mù nhẹ nhàng, sương giăng, bọt biển"",
      ""background"": ""Nước biển xanh thẳm, sương mù dày đặc che khuất đường chân trời"",
      ""mood"": ""Chiều sâu mơ màng, đậm chất điện ảnh""
    },
    ""lighting"": {
      ""type"": ""Ánh sáng hoàng hôn ấm áp, đậm chất điện ảnh"",
      ""interaction"": ""Xuyên qua sương mù, nhẹ nhàng chiếu sáng người mẫu, làm nổi bật kết cấu vải""
    },
    ""camera_settings"": {
      ""angle"": ""Góc nhìn thấp"",
      ""focus"": ""Tập trung hoàn toàn vào chủ thể và khung cảnh""
    }
  }
}","[""https://cms-assets.youmind.com/media/1768890691170_lhqun5_G_DPOw_XAAADSDC.jpg"",""https://cms-assets.youmind.com/media/1768890691210_ix0xqb_G_DPOw-WAAAbC-p.jpg""]","{""name"":""Lex"",""url"":""https://x.com/lexx_aura""}",https://x.com/lexx_aura/status/2013336900946350096,"Nhiếp ảnh, Điện ảnh, Sản phẩm, Nhân vật, Động vật, Xe cộ, Thời trang, UI/UX"
99,Tiếp thị sản phẩm - Bài xã luận về thời trang đường phố cao cấp tại một thành phố châu Âu,"Một JSON prompt mang tính kỹ thuật cao được thiết kế để tạo ra hình ảnh editorial thời trang đường phố cao cấp tại một thành phố châu Âu. Nó yêu cầu bảo toàn nghiêm ngặt danh tính dựa trên hình ảnh tham chiếu khuôn mặt và tái tạo cảnh dựa trên hình ảnh tham chiếu cảnh, mô tả chi tiết trang phục chính xác (áo blazer sọc ghim màu đỏ tía, áo lót ren, găng tay đen) và cài đặt máy ảnh kỹ thuật (ống kính 85mm, ánh sáng ban ngày rõ ràng).","{
  ""job_id"": ""photo_03_city_car"",
  ""model"": ""nano-banana-pro"",
  ""task"": ""image_generation"",
  ""inputs"": {
    ""face_reference_image"": ""<YOUR_FACE_IMAGE>"",
    ""scene_reference_image"": ""<SCENE_IMAGE_3>""
  },
  ""prompt"": ""Ảnh biên tập thời trang đường phố cao cấp tại một thành phố châu Âu. KHUÔN MẶT CHÍNH XÁC NHƯ ảnh tham chiếu khuôn mặt (face_reference_image), nhận dạng giống hệt. Tái tạo cảnh chính xác từ ảnh tham chiếu cảnh (scene_reference_image): người phụ nữ tựa vào một chiếc xe cổ điển, nền kiến trúc châu Âu cổ điển. Trang phục phải giống hệt: {argument name=\""outfit color\"" default=\""áo blazer kẻ sọc màu đỏ tía\""} và váy cùng tông có thắt lưng, áo lót ren đen lộ ra, găng tay đen, quần tất đen xuyên thấu, khuyên tai vàng. Cùng tư thế, cùng góc cơ thể, cùng bố cục. Phong cách tạp chí sang trọng, ánh sáng ban ngày rõ ràng, cảm giác ống kính thời trang 85mm, kết cấu da tự nhiên."",
  ""negative_prompt"": ""màu vest khác, không có áo lót ren, khuôn mặt bị thay đổi, nhận dạng bị lệch, cách điệu, hoạt hình, CGI, chỉnh sửa quá mức, sai xe, sai thành phố, văn bản, hình mờ, làm mờ"",
  ""settings"": {
    ""stylization"": 0,
    ""quality"": ""max"",
    ""detail_boost"": 0.8,
    ""lighting_match"": ""high"",
    ""composition_match"": ""max"",
    ""color_match"": ""max"",
    ""identity_preservation"": ""max"",
    ""face_consistency"": ""max"",
    ""reference_strength"": { ""face"": 1.0, ""scene"": 0.96 }
  }
}","[""https://cms-assets.youmind.com/media/1768890681278_fnedva_G_DHTODXoAI5Hzv.jpg"",""https://cms-assets.youmind.com/media/1768890681328_xcgp6j_G_DHTpAWoAEViX-.jpg""]","{""name"":""Melis✨"",""url"":""https://x.com/miilesus""}",https://x.com/miilesus/status/2013328546039538111,"Chân dung, Nhiếp ảnh, Điện ảnh, 3D, Anime, Cổ điển, Sản phẩm, Nội thất, Xe cộ, Thời trang, Thành phố, Logo"
100,Tiếp thị sản phẩm - Cảnh Đời Thường Cặp Đôi Đeo Khẩu Trang Chụp Tự Nhiên,"Một JSON prompt cực kỳ chi tiết để tạo ra một cảnh sinh hoạt đời thường chân thực đến siêu thực, tự nhiên về một cặp đôi trẻ đang đùa nghịch đắp mặt nạ màu xanh cho nhau trong một phòng tắm hiện đại, ấm cúng. Nó chỉ định tư thế, trang phục của các nhân vật (áo crop top màu đỏ, áo phông màu đen) và nhấn mạnh kết cấu da chân thực, bóng đổ tự nhiên và các ràng buộc giải phẫu chính xác.","{
  ""generation_request"": {
    ""meta_data"": {
      ""task_type"": ""photoreal_intimate_home_couple_playful_face_mask"",
      ""version"": ""v1.0_BATHROOM_COUPLE_RED_CROP_PAJAMA_NO_TEXT_EN"",
      ""priority"": ""highest"",
      ""language"": ""en""
    },
    ""output_settings"": {
      ""aspect_ratio"": ""4:5"",
      ""orientation"": ""portrait"",
      ""resolution_target"": ""ultra_high_res"",
      ""render_style"": ""ultra_photoreal_candid_lifestyle"",
      ""sharpness"": ""crisp_but_natural"",
      ""film_grain"": ""subtle"",
      ""color_grade"": ""warm_cozy_indoor_tones"",
      ""dynamic_range"": ""natural_not_hdr"",
      ""skin_rendering"": ""real_texture_no_retouch"",
      ""no_text"": true,
      ""no_logos"": true,
      ""no_watermarks"": true,
      ""no_ui"": true
    },
    ""creative_prompt"": {
      ""scene_summary"": ""Cảnh sinh hoạt đời thường chân thực, siêu thực trong phòng tắm ấm cúng tại nhà. Một cặp đôi trẻ đang đắp mặt nạ màu xanh cho nhau một cách vui đùa, mỉm cười và cười đùa. Người phụ nữ ngồi thoải mái trên bồn rửa mặt trong khi người đàn ông đứng gần trước mặt cô ấy. Khoảnh khắc thân mật, vui tươi, không mang tính tình dục trong gia đình. Không có chữ."",
      ""environment"": {
        ""location"": ""phòng tắm nhỏ hiện đại"",
        ""details"": ""bồn rửa mặt, mặt bàn, mép gương, ánh sáng trong nhà ấm áp"",
        ""lighting"": ""ánh sáng gia đình ấm áp dịu nhẹ, bóng đổ tự nhiên""
      },
      ""subjects"": {
        ""female_adult"": {
          ""wardrobe"": {
            ""top"": ""áo croptop hai dây màu đỏ"",
            ""bottom"": ""quần ngủ màu đỏ cùng bộ""
          },
          ""pose"": ""ngồi trên bồn rửa mặt, một chân hơi gập, tư thế thư giãn"",
          ""expression"": ""mỉm cười, vui tươi"",
          ""action"": ""nhẹ nhàng chạm vào mặt người đàn ông khi đắp mặt nạ""
        },
        ""male_adult"": {
          ""wardrobe"": {
            ""top"": ""áo phông đen"",
            ""bottom"": ""quần ngủ đen""
          },
          ""pose"": ""đứng gần bồn rửa mặt, hơi cúi người về phía trước"",
          ""expression"": ""mỉm cười, thích thú"",
          ""action"": ""để người phụ nữ đắp mặt nạ, ngôn ngữ cơ thể thư giãn""
        }
      },
      ""details_and_props"": {
        ""face_mask"": ""mặt nạ đất sét hoặc gel màu xanh đã được đắp một phần lên cả hai khuôn mặt"",
        ""interaction"": ""đặt tay tự nhiên, chạm nhẹ nhàng, điểm tiếp xúc chân thực""
      },
      ""anatomy_constraints"": {
        ""priority"": ""maximum"",
        ""requirements"": [
          ""tỷ lệ và đối xứng khuôn mặt tự nhiên"",
          ""bàn tay chính xác với năm ngón, khớp ngón tay chính xác"",
          ""không có chi bị biến dạng hoặc cổ tay bị xoắn"",
          ""tư thế ngồi và đứng chân thực"",
          ""không có bộ phận cơ thể lơ lửng""
        ]
      },
      ""camera_and_style_notes"": {
        ""shot_type"": ""cảnh cận trung thực"",
        ""camera_angle"": ""ngang tầm mắt hoặc hơi nghiêng"",
        ""lens_look"": ""góc nhìn đời thường 35mm-50mm"",
        ""mood"": ""khoảnh khắc gia đình thân mật, ấm cúng, vui tươi""
      }
    },
    ""negative_prompt"": [
      ""text"",
      ""letters"",
      ""w""
    ]
  }
}","[""https://cms-assets.youmind.com/media/1768890668009_r7ibtg_G_DAN3pWUAEn6zr.jpg""]","{""name"":""Özge Döner"",""url"":""https://x.com/astronomerozge1""}",https://x.com/astronomerozge1/status/2013320441406935172,"Chân dung, Nhóm người, Nhiếp ảnh, Điện ảnh, 3D, Sản phẩm, Nội thất, Nhân vật, Văn bản, Logo, UI/UX"
101,Tiếp thị sản phẩm - Gợi ý chụp ảnh chân dung trong nội thất xe hơi sang trọng với đèn flash,"Một lời nhắc JSON để tạo ra một bức chân dung theo phong cách người có ảnh hưởng, siêu thực của một người phụ nữ (Josephine Langford) đang ngồi ở ghế hành khách của một chiếc xe hơi hạng sang (Mercedes-Benz). Nó mô tả chi tiết ngoại hình của đối tượng (tóc vàng bạch kim, váy bodycon màu đen), môi trường cao cấp (ghế da chần kim cương màu trắng), và phong cách kỹ thuật (chụp ảnh flash trực tiếp mềm, độ tương phản cao, độ phân giải 8K), bao gồm danh sách đầy đủ các lời nhắc tiêu cực.","{
  ""prompt_data"": {
    ""subject"": {
      ""appearance"": ""Người phụ nữ trẻ tuyệt đẹp với mái tóc vàng bạch kim dài, thẳng, làn da trắng sứ nhợt nhạt và lớp trang điểm quyến rũ với son môi màu hồng."",
      ""apparel"": ""Váy bodycon mini dài tay màu đen ôm sát với cổ chữ V khoét sâu."",
      ""pose"": ""Ngồi ở ghế hành khách trong ô tô, bắt chéo chân, một tay đặt trên ngực, tay còn lại giơ lên giữ tay nắm trần xe, nhìn thẳng vào máy ảnh với ánh mắt dịu dàng."",
      ""details"": ""Móng tay được chăm sóc kỹ lưỡng với thiết kế đen trắng.""
    },
    ""environment"": {
      ""location"": ""Nội thất của một chiếc xe sang trọng cao cấp ({argument name=\""car brand\"" default=\""Mercedes-Benz\""})."",
      ""elements"": ""Ghế xô bọc da chần bông kim cương màu trắng, bảng điều khiển màu đen, logo vô lăng Mercedes hiển thị ở bên trái, chi tiết nội thất cửa xe.""
    },
    ""technical_specs"": {
      ""style"": ""Chụp ảnh chân thực, phong cách sống của người có ảnh hưởng, thẩm mỹ Instagram."",
      ""lighting"": ""Chụp ảnh flash trực tiếp mềm mại, ánh sáng nội thất rực rỡ, độ tương phản cao."",
      ""quality"": ""Độ phân giải 8k, chi tiết cao, lấy nét sắc nét, kết cấu da chân thực.""
    },
    ""full_prompt_string"": ""Một bức ảnh chân thực theo chiều dọc về một người phụ nữ tóc vàng bạch kim xinh đẹp đang ngồi trong một chiếc Mercedes sang trọng. Cô ấy mặc một chiếc váy mini dài tay màu đen cổ chữ V khoét sâu ôm sát. Cô ấy tạo dáng trên ghế da chần kim cương màu trắng, một tay giơ lên giữ tay nắm. Phong cách chụp ảnh flash, ánh sáng quyến rũ, chi tiết cao, 8k, kết cấu chân thực, thẩm mỹ của người có ảnh hưởng."",
    ""negative_prompt"": ""hoạt hình, tranh vẽ, minh họa, kết xuất 3d, anime, chất lượng thấp, lỗi nén jpeg, mờ, giải phẫu học kém, tay bị biến dạng, thừa ngón tay, thiếu chi, mắt xấu, hình mờ, văn bản, chữ ký, xấu xí, biến dạng.""
  }
}","[""https://cms-assets.youmind.com/media/1768890693168_rqes5o_G_C0ldgWMAAMNXa.jpg""]","{""name"":""Artificial intelligence (Ai),Open Ai"",""url"":""https://x.com/Vishnudxe""}",https://x.com/Vishnudxe/status/2013307593452835105,"Chân dung, Điện ảnh, Minh họa, 3D, Anime, Sản phẩm, Nội thất, Nhân vật, Xe cộ, Văn bản, Logo, UI/UX"
102,Tiếp thị sản phẩm - Lời nhắc tạo ảnh chân dung trượt patin với nền nhiệt đới,"Một JSON prompt rất chi tiết để tạo ra bức chân dung toàn thân của một phụ nữ khỏe mạnh mặc bộ bodysuit màu xám heather và tất sọc cao đến đầu gối, đang ngồi với giày patin 4 bánh. Nó chỉ định các chi tiết phức tạp trên khuôn mặt, màu tóc (balayage), tư thế (nghiêng người về phía trước, chỉnh tất) và môi trường (công viên/đường đi dạo ngoài trời với cây nhiệt đới mờ ảo và ánh sáng tự nhiên dịu nhẹ).","{
  ""prompt_type"": ""detailed_image_generation"",
  ""subject"": {
    ""demographics"": {
      ""gender"": ""Nữ"",
      ""age_range"": ""20s"",
      ""ethnicity"": ""Da trắng""
    },
    ""physique"": {
      ""body_type"": ""Vận động, săn chắc, thon gọn nhưng có đường cong quyến rũ"",
      ""pose"": ""Ngồi trên mép gờ bê tông trắng, hơi nghiêng người về phía trước từ eo. Hai tay đặt trên ống chân phải ngay dưới đầu gối, như thể đang chỉnh tất. Lưng hơi cong, làm nổi bật tư thế.""
    },
    ""face_details"": {
      ""shape"": ""Khuôn mặt trái xoan với đường quai hàm rõ nét"",
      ""skin_tone"": ""Nước da rám nắng nhẹ/hơi cháy nắng, mịn màng, đều màu"",
      ""eyes"": {
        ""color"": ""Xanh lam nhạt hoặc xanh lục (màu sáng)"",
        ""shape"": ""To, hình quả hạnh"",
        ""gaze"": ""Nhìn thẳng vào máy ảnh, mãnh liệt và quyến rũ"",
        ""makeup"": ""Hàng mi trên được định hình rõ nét, kẻ mắt tinh tế, phấn mắt tự nhiên""
      },
      ""brows"": ""Cong, được tỉa gọn gàng, độ dày vừa phải, màu nâu nhạt"",
      ""nose"": ""Sống mũi thẳng, đầu mũi thon gọn và thanh tú"",
      ""lips"": {
        ""shape"": ""Đầy đặn, đặc biệt là môi dưới"",
        ""color"": ""Hồng nude tím hoa cà nhẹ nhàng"",
        ""expression"": ""Hơi hé mở, thư giãn, gợi cảm"",
        ""finish"": ""Lì""
      },
      ""cheeks"": ""Gò má cao, tạo khối/đánh bronzer nhẹ nhàng để tạo đường nét""
    },
    ""hair"": {
      ""color"": ""Chân tóc màu nâu nhạt chuyển dần sang vàng mật ong và highlight bạch kim (balayage)"",
      ""length"": ""Dài, chạm giữa lưng"",
      ""texture"": ""Thẳng với độ bồng bềnh nhẹ"",
      ""style"": ""Buông xõa, chảy dài xuống lưng và qua vai trái""
    }
  },
  ""wardrobe"": {
    ""bodysuit"": {
      ""color"": ""{argument name=\""bodysuit color\"" default=\""Xám lông chuột\""}"",
      ""fabric"": ""Vải cotton jersey hoặc hỗn hợp spandex"",
      ""style"": ""Cổ khoét sâu, dây áo bản to kiểu tank-top, khoét hông cao để lộ hông, ôm sát cơ thể""
    },
    ""socks"": {
      ""color"": ""Trắng"",
      ""style"": ""Tất ống cao đến đầu gối"",
      ""details"": ""Hai sọc ngang màu hồng tươi rõ nét ở viền trên""
    },
    ""footwear"": {
      ""item"": ""Giày patin 4 bánh (Quad roller skates)"",
      ""color"": ""Giày bốt da trắng cổ điển"",
      ""details"": ""Đế gót gỗ màu nâu, trục bạc"",
      ""wheels"": ""Bánh xe polyurethane màu hồng tươi trong suốt"",
      ""toe_stop"": ""Cao su màu hồng tươi""
    }
  },
  ""environment"": {
    ""setting"": ""Công viên hoặc lối đi dạo ngoài trời"",
    ""background_objects"": {
      ""immediate"": ""Ghế hoặc tường bê tông trắng cong (bề mặt mịn)"",
      ""mid_ground"": ""Nền lát gạch/bê tông màu xám nhạt"",
      ""background"": ""Tán lá nhiệt đới mờ ảo, thân cây cọ, thấp thoáng các cấu trúc kiến trúc màu trắng""
    },
    ""lighting"": {
      ""type"": ""Ánh sáng tự nhiên dịu nhẹ ban ngày"",
      ""direction"": ""Chiếu sáng từ phía trước"",
      ""quality"": ""Khuếch tán (không có bóng đổ gắt trên mặt), có thể là trời nhiều mây hoặc bóng râm thoáng đãng""
    }
  },
  ""technical_specs"": {
    ""aspect_ratio"": ""4:5 (Chân dung dọc)"",
    ""camera_shot"": ""Toàn thân / Cận cảnh trung bình-dài"",
    ""depth_of_field"": ""Độ sâu trường ảnh nông (chủ thể sắc nét""
  }
}","[""https://cms-assets.youmind.com/media/1768890698052_re46fl_G_CxJ45W0AIPdj6.jpg""]","{""name"":""Artificial intelligence (Ai),Open Ai"",""url"":""https://x.com/Vishnudxe""}",https://x.com/Vishnudxe/status/2013303820986785863,"Chân dung, Nhiếp ảnh, Điện ảnh, Cổ điển, Sản phẩm, Nội thất, Nhân vật, Xe cộ, Thành phố, Văn bản, UI/UX"
103,Tiếp thị sản phẩm - Chân dung nhóm vận động viên thể dục dụng cụ siêu thực,"Một JSON prompt chi tiết để tạo ra bức chân dung nhóm siêu chân thực gồm ba nữ vận động viên trẻ mặc leotard thể dục dụng cụ trong một cơ sở tập luyện trong nhà. Nó chỉ định loại hình cơ thể, tư thế (quay lưng về phía máy ảnh, khoanh tay), màu tóc và chi tiết trang phục (tay áo lưới, đá đính) cho từng đối tượng, nhấn mạnh vẻ ngoài thể thao chuyên nghiệp với ánh sáng phòng tập dịu nhẹ.","{
  ""prompt_type"": ""chân dung nhóm vận động viên siêu chân thực"",
  ""subjects"": [
    {
      ""gender"": ""nữ"",
      ""age_range"": ""18-20"",
      ""position"": ""trái"",
      ""body_type"": ""vận động viên, phần thân dưới cơ bắp, chân khỏe"",
      ""stance"": ""đứng quay lưng về phía máy ảnh, thân hơi xoay sang trái, khoanh tay"",
      ""face"": {
        ""expression"": ""nụ cười tự tin nhẹ nhàng"",
        ""face_shape"": ""trái xoan tròn"",
        ""skin_tone"": ""da trắng sáng với tông ấm"",
        ""eyes"": ""màu sáng, nhìn thấy một phần do góc chụp"",
        ""nose"": ""nhỏ đến trung bình, thẳng"",
        ""lips"": ""độ đầy vừa phải, tông hồng tự nhiên""
      },
      ""hair"": {
        ""color"": ""tóc vàng nhạt"",
        ""style"": ""tóc lượn sóng nhẹ ngang vai"",
        ""part"": ""rẽ ngôi lệch nhẹ""
      },
      ""outfit"": {
        ""type"": ""áo liền quần thể dục dụng cụ"",
        ""color"": ""xanh navy đậm"",
        ""sleeves"": ""tay áo lưới dài"",
        ""details"": ""chi tiết đính đá nhỏ dọc tay áo"",
        ""fit"": ""ôm sát chuyên nghiệp kiểu vận động viên""
      }
    },
    {
      ""gender"": ""nữ"",
      ""age_range"": ""18-20"",
      ""position"": ""giữa"",
      ""body_type"": ""vận động viên, săn chắc, chân và mông cơ bắp"",
      ""stance"": ""quay lưng về phía máy ảnh, thân hơi xoay sang phải, khoanh tay"",
      ""face"": {
        ""expression"": ""nụ cười tươi tắn thân thiện"",
        ""face_shape"": ""trái xoan"",
        ""skin_tone"": ""da trắng sáng với tông trung tính"",
        ""eyes"": ""màu sáng, nhìn rõ"",
        ""nose"": ""sống mũi thẳng, đầu mũi tròn mềm mại"",
        ""lips"": ""đầy đặn vừa phải, hồng tự nhiên""
      },
      ""hair"": {
        ""color"": ""tóc vàng óng"",
        ""style"": ""tóc lượn sóng dài"",
        ""part"": ""rẽ ngôi giữa""
      },
      ""outfit"": {
        ""type"": ""áo liền quần thể dục dụng cụ"",
        ""color"": ""trắng"",
        ""sleeves"": ""tay áo lưới mỏng dài"",
        ""back_design"": ""lưng hở với dây đan chéo"",
        ""fit"": ""ôm sát chuyên nghiệp kiểu vận động viên""
      }
    },
    {
      ""gender"": ""nữ"",
      ""age_range"": ""18-20"",
      ""position"": ""phải"",
      ""body_type"": ""vận động viên, chân khỏe, vóc dáng săn chắc"",
      ""stance"": ""quay lưng về phía máy ảnh, thân xoay sang trái, khoanh tay"",
      ""face"": {
        ""expression"": ""nụ cười rạng rỡ vui vẻ"",
        ""face_shape"": ""trái xoan với đường hàm mềm mại"",
        ""skin_tone"": ""da trắng sáng với tông lạnh-trung tính"",
        ""eyes"": ""màu sáng"",
        ""nose"": ""trung bình, thẳng"",
        ""lips"": ""độ đầy vừa phải, tông tự nhiên""
      },
      ""hair"": {
        ""color"": ""nâu nhạt"",
        ""style"": ""tóc thẳng dài"",
        ""part"": ""rẽ ngôi lệch""
      },
      ""outfit"": {
        ""type"": ""áo liền quần thể dục dụng cụ"",
        ""color"": ""xanh navy đậm"",
        ""sleeves"": ""tay áo lưới dài"",
        ""details"": ""điểm nhấn đính đá tinh tế"",
        ""fit"": ""ôm sát chuyên nghiệp kiểu vận động viên""
      }
    }
  ],
  ""environment"": {
    ""location"": ""cơ sở tập luyện thể dục dụng cụ trong nhà"",
    ""floor"": ""sàn""
  }
}","[""https://cms-assets.youmind.com/media/1768890669194_y6ks87_G_CwsPoaoAMeCSP.jpg""]","{""name"":""Artificial intelligence (Ai),Open Ai"",""url"":""https://x.com/Vishnudxe""}",https://x.com/Vishnudxe/status/2013303311441764803,"Chân dung, Nhóm người, Sản phẩm, Nhân vật, Thời trang, UI/UX"
104,Tiếp thị sản phẩm - Chân Dung Vầng Hào Quang Vải Từ Trên Xuống Dạng Tiên Phong,"Một JSON prompt mang tính kỹ thuật cao để tạo ra một bức chân dung biên tập tiên phong có tựa đề 'Textural Rebellion'. Nó yêu cầu góc nhìn từ trên xuống 90 độ thẳng đứng của một chủ thể nằm trên nền đá phiến tối, được bao quanh bởi 'Vương miện Vải' (lụa xếp ly và gấm đỏ thẫm đông cứng trong một gợn sóng). Nó chỉ định ánh sáng làm đẹp cường độ cao (softbox ngay phía trên đầu) và tính thẩm mỹ của phim định dạng trung bình analog (Hasselblad 503CW, Kodak Ektar 100).","{
  ""vibe_title_en"": ""Nổi loạn về kết cấu"",
  ""master_prompt"": ""Một góc nhìn từ trên xuống hoàn toàn thẳng đứng 90 độ của Nhân vật chính đang nằm phẳng trên một bề mặt đá phiến tối màu, phong hóa. Chủ thể được bao quanh bởi một 'Vương miện vải'—một sự sắp xếp siêu thực, mang tính kiến trúc của lụa thô xếp ly và vải gấm đỏ thẫm nặng nề tỏa ra từ đầu như một vầng hào quang. Những loại vải này dường như bị đóng băng trong một làn sóng thách thức trọng lực, lơ lửng như thể dưới nước hoặc bị cuốn vào một đường hầm gió tốc độ cao, đóng vai trò như một tác phẩm điêu khắc hiệu ứng thực tế. Chủ thể duy trì năng lượng 'Tối giản sắc sảo': một biểu cảm điềm tĩnh, trung tính với ánh mắt nhìn thẳng tuyệt đối vào ống kính. Ánh sáng là Ánh sáng làm đẹp cường độ cao: một softbox lớn ngay phía trên tạo ra ánh sáng đều trên khuôn mặt, loại bỏ bóng đổ gắt trong khi làm nổi bật lỗ chân lông và các chi tiết sắc nét của mống mắt. Được chụp bằng Hasselblad 503CW với ống kính 80mm, sử dụng phim Kodak Ektar 100 để có độ bão hòa phong phú, xúc giác và hạt mịn. Kết cấu siêu thực, không có độ bóng CGI."",
  ""meta"": {
    ""intent"": ""Biên tập Tiên phong"",
    ""priorities"": ""Kết cấu, Đối xứng, Siêu thực"",
    ""device_profile"": ""Analog định dạng trung bình""
  },
  ""frame"": {
    ""aspect"": ""4:5"",
    ""composition"": ""Đối xứng trung tâm"",
    ""layout"": ""Chủ thể ở trung tâm, được bao quanh bởi kết cấu"",
    ""camera_angle"": ""Từ trên xuống 90 độ (Góc nhìn chim bay)"",
    ""tilt_roll_degrees"": ""0""
  },
  ""subject"": {
    ""gender"": ""Nữ"",
    ""identity"": ""Nhân vật chính"",
    ""demographics"": ""Người mẫu thời trang cao cấp phổ quát"",
    ""face"": ""Đối xứng, cấu trúc xương rõ nét, kết cấu da siêu thực"",
    ""hair"": ""Vuốt ngược hoặc tích hợp vào tác phẩm điêu khắc vải"",
    ""body"": ""Từ vai trở lên, nằm phẳng"",
    ""expression"": ""Điềm tĩnh, trung tính, ánh mắt cường độ cao, môi thư giãn nhưng khép kín"",
    ""pose"": ""Nằm ngửa, thẳng hàng hoàn hảo với trục dọc""
  },
  ""wardrobe_accessories"": {
    ""garments"": [
      {
        ""item"": ""Áo tunic cổ cao"",
        ""material"": ""Lụa thô"",
        ""color"": ""Than chì đậm"",
        ""fit"": ""Có cấu trúc/Kiến trúc""
      }
    ],
    ""accessories"": [
      {
        ""item"": ""Vầng hào quang vải"",
        ""color"": ""Đỏ thẫm và Xanh nửa đêm"",
        ""material"": ""Lụa xếp ly và Gấm"",
        ""brand_style"": ""Thời trang cao cấp siêu thực""
      }
    ]
  },
  ""environment"": {
    ""setting"": ""Bề mặt kết cấu trừu tượng"",
    ""surfaces"": ""Đá phiến phong hóa, Vải dệt nhiều lớp"",
    ""depth"": ""Nông (Phẳng)"",
    ""atmosphere"": ""Tĩnh lặng như chân không, chuyển động lơ lửng"",
    ""lens_interaction"": ""Lấy nét sắc nét từ cạnh này sang cạnh khác""
  },
  ""lighting"": {
    ""key"": ""Đèn Beauty Dish trên đầu (Mềm)"",
    ""fill"": ""Tấm phản sáng trắng (từ dưới máy ảnh)"",
    ""rim"": ""Không"",
    ""shadows"": ""Tối thiểu, đổ bóng mềm mại dưới cằm"",
    ""color_temperature"": ""5600K (Cân bằng ánh sáng ban ngày)"",
    ""sensor_flare"": ""Không""
  },
  ""camera"": {
    ""lens_type"": ""Prime Macro-Capable"",
    ""focal_length"": ""80mm"",
    ""aperture"": ""f/8"",
    ""focus"": ""Khóa trên E""
  }
}","[""https://cms-assets.youmind.com/media/1768890669025_vlz5ay_G_CwIS7XsAAYt4-.jpg"",""https://cms-assets.youmind.com/media/1768890669374_nim0pj_G_CwIR0WYAAxYd6.jpg""]","{""name"":""timedoctor.eth"",""url"":""https://x.com/timedoctor_nft""}",https://x.com/timedoctor_nft/status/2013302693515661588,"Chân dung, Nhiếp ảnh, Điện ảnh, 3D, Tối giản, Sản phẩm, Nội thất, Đồ ăn, Nhân vật, Thời trang, Văn bản, Trừu tượng, Logo"
105,Tiếp thị sản phẩm - Gợi ý tạo ảnh chân dung khách sạn sang trọng vào Giờ Vàng,"Một JSON prompt cực kỳ chi tiết để tạo ra bức chân dung 8K siêu thực của một người phụ nữ đang nằm thư giãn trong phòng khách sạn sang trọng vào giờ vàng. Nó nhấn mạnh ánh sáng mặt trời tự nhiên trực tiếp, gay gắt tạo ra những bóng đổ hình học mạnh mẽ, các chi tiết kết cấu (váy có gân, tóc ướt) và góc nhìn thấp tập trung vào đôi chân và bàn chân trần của chủ thể, đạt được vẻ đẹp sang trọng giản dị, không vướng bận.","{
  ""meta"": {
    ""aspect_ratio"": ""4:5"",
    ""quality"": ""siêu chân thực, thô, phong cách sống của người có ảnh hưởng, biên tập cao cấp"",
    ""resolution"": ""8k"",
    ""camera"": ""Máy ảnh Mirrorless (ví dụ: Sony A7R IV)"",
    ""lens"": ""Ống kính 35mm f/1.4 (chụp toàn thân và môi trường xung quanh)"",
    ""style"": ""Sang trọng giản dị, ngập nắng, thẩm mỹ giờ vàng, tự tin thư thái"",
    ""composition"": ""Chụp toàn thân một người phụ nữ đang ngả lưng trên ghế, góc nhìn thấp nhấn mạnh đôi chân, bố cục căn giữa.""
  },
  ""scene"": {
    ""location"": ""Một phòng khách sạn hoặc phòng ngủ hiện đại, tối giản."",
    ""environment"": [
      ""Ghế thư giãn bọc vải màu be hiện đại với đôn gác chân cùng tông"",
      ""Tủ đầu giường nổi bằng gỗ sáng màu với tai nghe chụp tai màu xanh dương đặt trên đó"",
      ""Lò sưởi gắn tường màu trắng có thể nhìn thấy ở hậu cảnh"",
      ""Tường màu be/trắng nhạt trung tính trơn"",
      ""Chụp đèn màu be ở góc trên""
    ],
    ""time"": ""Chiều muộn, Giờ vàng."",
    ""atmosphere"": ""Lười biếng, ấm áp, sang trọng thầm lặng, không vướng bận, sành điệu.""
  },
  ""lighting"": {
    ""type"": ""Ánh nắng tự nhiên trực tiếp, gay gắt."",
    ""source"": ""Cửa sổ ngoài khung hình ở bên trái."",
    ""effect"": ""Tạo ra những bóng đổ hình học mạnh mẽ, rõ nét (có thể từ khung cửa sổ) trên bức tường phía sau, các vùng sáng có độ tương phản cao trên mặt và chân, tông màu vàng ấm áp.""
  },
  ""subject"": {
    ""identity"": ""Một phụ nữ trẻ tuyệt đẹp với mái tóc vàng bạch kim dài, bóng ướt xõa qua vai. Cô ấy có làn da rám nắng, đôi môi đầy đặn và ánh nhìn tự tin, trực diện."",
    ""body"": {
      ""pose"": ""Ngả sâu vào ghế thư giãn, chân bắt chéo và duỗi về phía máy ảnh (tập trung vào bàn chân và đôi chân trần), một tay đặt trên tay vịn ghế, tay kia đặt trên chân."",
      ""physique"": ""Vóc dáng cân đối, gợi cảm.""
    },
    ""outfit"": {
      ""clothing"": ""Váy mini dệt kim gân {argument name=\""dress color\"" default=\""màu tím\""} bó sát, dài tay."",
      ""accessories"": ""Vòng tay chỉ đỏ trên cổ tay, sơn móng tay màu đen trên cả tay và chân.""
    }
  },
  ""realism_focus"": {
    ""textures"": ""Kết cấu dệt kim gân của chiếc váy màu tím, kết cấu da chân thực dưới ánh nắng gay gắt trực tiếp, từng sợi tóc vàng ướt riêng lẻ, dệt vải của chiếc ghế màu be."",
    ""imperfections"": ""Bóng đổ chân thực, gay gắt trên tường, các nếp nhăn tự nhiên trên váy ở những chỗ cơ thể uốn cong, vị trí đặt tai nghe một cách ngẫu nhiên.""
  }
}","[""https://cms-assets.youmind.com/media/1768890699553_a7klpc_G_Cub-7XoAA7srN.jpg""]","{""name"":""Mikasa"",""url"":""https://x.com/Mikasa_rose729""}",https://x.com/Mikasa_rose729/status/2013300949834702966,"Chân dung, Nhiếp ảnh, Điện ảnh, Tối giản, Sản phẩm, Nhân vật, Thời trang, Văn bản, Logo"
106,Tiếp thị sản phẩm - Chân Dung Thời Trang Cao Cấp Siêu Thực Với Hiệu Ứng Bò,"Một lời nhắc rất chi tiết cho Nano Banana Pro, tập trung vào việc tạo ra một bức chân dung biên tập thời trang cao cấp, siêu thực của một người phụ nữ trong tư thế bò thấp, truyền tải sự căng thẳng săn mồi. Nó nhấn mạnh tính chân thực cực cao trong kết cấu da, giải phẫu tự nhiên, ánh sáng studio điện ảnh (ánh sáng chính mềm, ánh sáng viền mạnh) và thời trang avant-garde với kết cấu vải và lông vũ chi tiết.","Chân dung biên tập thời trang cao cấp siêu thực.
Một phụ nữ trẻ được chụp trong tư thế bò thấp, nghiêng người về phía trước, cơ thể đặt chéo khung hình, truyền tải sự thống trị có kiểm soát và căng thẳng săn mồi. Một tay đặt vững chắc trên sàn studio, các ngón tay xòe tự nhiên dưới sức nặng; tay còn lại giơ cao gần mặt, tạo thành một cử chỉ sắc nhọn, giống như móng vuốt, tinh tế đóng khung đôi mắt mà không làm biến dạng. Biểu cảm của cô ấy quyến rũ nhưng đầy đe dọa — đôi mắt hé mở với ánh nhìn nặng nề, có chủ ý, môi hơi hé, cơ mặt thư giãn nhưng có chủ đích. Cấu trúc khuôn mặt sắc nét được thể hiện với tỷ lệ tự nhiên, đường nét xương rõ ràng, sự bất đối xứng chân thực và kết cấu da thật: lỗ chân lông, những khuyết điểm nhỏ, chuyển màu mềm mại, không làm mịn nhân tạo.
Mái tóc dài, thẳng với tóc mái bằng, hơi không đều và tự nhiên, bóng mượt nhưng không giả tạo, từng sợi tóc bắt sáng.
Phong cách thời trang tiên phong: quần ôm vừa vặn với đường may chính xác và độ căng vải chân thực; cánh tay được quấn bằng các yếu tố lông vũ hoặc có kết cấu lông thú thể hiện từng sợi riêng lẻ, mật độ không đều và chiều sâu xúc giác, tách biệt rõ ràng với da.
Ánh sáng: thiết lập studio điện ảnh — ánh sáng chính mềm mại từ phía trên phía trước định hình các mặt của khuôn mặt, ánh sáng viền mạnh từ phía sau để tạo đường nét hình bóng, bóng đổ sâu có kiểm soát với độ tương phản cao, không chiếu sáng phẳng.
Máy ảnh: góc nhìn biên tập thời trang, tiêu cự 50–85mm, độ sâu trường ảnh nông, lấy nét sắc nét vào mắt và tay, độ chuyển mờ tinh tế trên khắp cơ thể.
Phông nền studio tối giản với độ chuyển màu tối hoặc tông màu đơn sắc, sạch sẽ và không gây xao nhãng, làm nổi bật tư thế điêu khắc.
Tâm trạng tổng thể: tối, quyến rũ, năng lượng biên tập Vogue thời trang cao cấp — mạnh mẽ, gợi cảm, đe dọa, dựa trên chủ nghĩa hiện thực.
Chi tiết cực cao, chủ nghĩa hiện thực nhiếp ảnh, giải phẫu tự nhiên, chất lượng biên tập thời trang chuyên nghiệp, độ rõ nét 8K.
--ar 9:16 --v 6 --style raw --s 250
🚫 LỜI NHẮC TIÊU CỰC:
thêm ngón tay, bàn tay dính liền hoặc biến dạng, giải phẫu không chính xác, khớp bị biến dạng, tỷ lệ phóng đại, da nhựa, kết cấu quá mịn, ánh sáng phẳng, độ tương phản thấp, hoạt hình, anime, giao diện CGI, mờ, chi tiết thấp, tư thế khó xử hoặc không thể","[""https://cms-assets.youmind.com/media/1768890709710_4q0uuk_G_CqgkRXwAANPJ6.jpg""]","{""name"":""Anissa"",""url"":""https://x.com/SimplyAnnisa""}",https://x.com/SimplyAnnisa/status/2013296513519346097,"Chân dung, Nhiếp ảnh, Điện ảnh, 3D, Anime, Tối giản, Sản phẩm, Thời trang"
110,Hình ảnh chính thương mại điện tử - Chụp ảnh sản phẩm điện ảnh 8K (Nước hoa),"Một lời nhắc (prompt) có độ chi tiết cao, theo mô-đun để tạo ra ảnh chụp sản phẩm chai nước hoa chất lượng điện ảnh 8K. Nó bao gồm hai mô-đun riêng biệt: một cho chai nước hoa chủ đề rừng và một cho cảnh nước bắn tung tóe, chỉ định ánh sáng, vật liệu và chi tiết siêu nhỏ.","{
  ""global_settings"": {
    ""resolution"": ""8K"",
    ""aspect_ratio"": ""3:4"",
    ""style"": ""nhiếp ảnh sản phẩm điện ảnh chân thực, siêu thực"",
    ""detail_level"": ""chi tiết siêu nhỏ cực độ"",
    ""sharpness"": ""siêu sắc nét"",
    ""noise"": ""không nhiễu"",
    ""compression_artifacts"": ""không có lỗi nén"",
    ""color_depth"": ""màu 16-bit phong phú"",
    ""render_quality"": ""chất lượng thương mại cao cấp"",
    ""ai_finish"": ""chủ nghĩa hiện thực được tăng cường AI sạch sẽ""
  },

  ""module_1"": {
    ""scene_identity"": ""nước hoa_xanh_rừng"",
    ""environment"": {
      ""setting"": ""không khí rừng rậm"",
      ""background"": ""tán lá xanh mờ ảo với độ sâu tách biệt"",
      ""foreground"": ""nền rừng tự nhiên với đất, rêu và mảnh vụn nhỏ"",
      ""props"": [
        ""bệ đá phẳng tự nhiên"",
        ""tảng đá không đều đặt hơi phía sau chai"",
        ""cành cây thông có lá kim rõ ràng ở phía bên phải""
      ],
      ""atmosphere"": ""khói hoặc sương mù nhẹ nhàng bay lên phía sau chai""
    },
    ""product"": {
      ""object_type"": ""chai nước hoa"",
      ""material"": ""thủy tinh mờ có gân"",
      ""color"": ""chất lỏng màu xanh ngọc lục bảo đậm"",
      ""shape"": ""hình trụ với các rãnh dọc"",
      ""cap"": {
        ""material"": ""kim loại"",
        ""finish"": ""vàng bóng"",
        ""shape"": ""hình trụ nhẵn""
      },
      ""label"": ""không có văn bản thương hiệu hiển thị""
    },
    ""lighting"": {
      ""key_light"": ""ánh sáng tự nhiên khuếch tán mềm mại từ phía trước bên trái"",
      ""fill_light"": ""ánh sáng môi trường rừng tinh tế"",
      ""highlights"": ""phản chiếu nhẹ nhàng trên các gân thủy tinh và nắp vàng"",
      ""shadows"": ""bóng đổ mềm mại chân thực dưới chai và đá""
    },
    ""camera"": {
      ""angle"": ""góc sản phẩm ngang tầm mắt"",
      ""focus"": ""lấy nét sắc nét vào chai, độ sâu trường ảnh nông"",
      ""lens_effect"": ""nền bokeh tự nhiên""
    },
    ""mood"": ""tươi mát, hương gỗ, thanh bình, cao cấp, lấy cảm hứng từ thiên nhiên""
  },

  ""module_2"": {
    ""scene_identity"": ""nước hoa_nước_xanh_bắn_tung_tóe"",
    ""environment"": {
      ""setting"": ""cảnh studio dưới nước tối"",
      ""background"": ""chuyển màu từ xanh hải quân đậm sang đen"",
      ""surface"": ""mặt nước gợn sóng với các điểm sáng phản chiếu"",
      ""motion_elements"": [
        ""vệt nước lớn bắn tung tóe lên phía sau chai"",
        ""những giọt nước lơ lửng giữa không trung""
      ],
      ""props"": [
        ""lát chanh (thịt vàng có thể nhìn thấy)"",
        ""lát cam quýt xanh"",
        ""quả mọng nhỏ màu đỏ"",
        ""cành thảo mộc xanh""
      ]
    },
    ""product"": {
      ""object_type"": ""chai nước hoa"",
      ""material"": ""thủy tinh đục"",
      ""color"": ""xanh nửa đêm đậm"",
      ""shape"": ""hình chữ nhật với các cạnh sắc nét"",
      ""cap"": {
        ""material"": ""thủy tinh tối màu tương ứng"",
        ""shape"": ""hình trụ""
      },
      ""text_visible"": [
        ""BLEU DE CHANEL"",
        ""EAU DE PARFUM""
      ]
    },
    ""lighting"": {
      ""key_light"": ""ánh sáng định hướng mạnh từ phía trên bên trước"",
      ""rim_light"": ""điểm sáng lạnh trên vệt nước bắn tung tóe"",
      ""reflections"": ""điểm sáng phản xạ""
    }
  }
}","[""https://cms-assets.youmind.com/media/1768890638679_0rbo6y_G_Auiz5WgAEqfUY.jpg"",""https://cms-assets.youmind.com/media/1768890639096_qd2s06_G_AuizDWQAA9keU.jpg"",""https://cms-assets.youmind.com/media/1768890638950_22nc5e_G_Aui3fXEAENHXC.jpg"",""https://cms-assets.youmind.com/media/1768890640110_sd69rb_G_Aui9WWwAANyRn.jpg""]","{""name"":""ShaHid WaNii"",""url"":""https://x.com/meng_dagg695""}",https://x.com/meng_dagg695/status/2013160227835933059,"Chân dung, Nhiếp ảnh, Điện ảnh, 3D, Pixel, Thiên nhiên, Sản phẩm, Nhân vật, Văn bản, Logo"
111,Hình ảnh chính thương mại điện tử - Gợi ý tạo ảnh ghép trực quan hóa sản phẩm chuông cửa thông minh,"Một lời nhắc chi tiết, có cấu trúc dành cho Nano Banana Pro được thiết kế để tạo ra một ảnh ghép trực quan hóa quảng cáo đa khung cho một chuông cửa thông minh. Nó chỉ định các tính năng của sản phẩm, xác định chín khung hình riêng biệt (Hero Shot, Close Up, Brand Environment, In Use, Isometric Grid, Levitating, Detail Extreme, Editorial Unexpected, Wide Use Scenario) và đặt các thông số kiểu máy ảnh như bảng màu và tâm trạng.","{
  ""ProductReference"": ""{argument name=""Product Features"" default=""Chuông cửa thông minh với nhận diện khuôn mặt, âm thanh hai chiều, nhìn đêm, phát hiện chuyển động, chống chịu thời tiết, thiết kế đẹp mắt, điều khiển qua ứng dụng""}"",
  ""Frame1_HeroShot"": {
    ""Product"": ""Chuông cửa gắn trên lối vào, ống kính đặt chính giữa"",
    ""Background"": ""Lối vào hiện đại màu xám liền mạch""
  },
  ""Frame2_CloseUp"": {
    ""Focus"": ""Độ rõ nét của ống kính camera, lưới micro, cơ chế nút bấm, gioăng chống thấm thời tiết, đèn báo LED, giá đỡ""
  },
  ""Frame3_BrandEnvironment"": {
    ""Setting"": ""Thẩm mỹ lối vào nhà thông minh, an ninh hiện đại"",
    ""Props"": {
      ""Background"": ""Kết cấu cửa trước"",
      ""Surface"": ""Khu vực hiên nhà""
    }
  },
  ""Frame4_InUse"": {
    ""Interaction"": ""Chủ nhà nhận thông báo trên điện thoại, cử chỉ trò chuyện hai chiều"",
    ""Styling"": ""Tương tác an ninh nhà thông minh""
  },
  ""Frame5_IsometricGrid"": {
    ""Count"": ""Chuông cửa với màn hình giao diện ứng dụng"",
    ""Arrangement"": ""Hệ thống lối vào thông minh""
  },
  ""Frame6_Levitating"": {
    ""Concept"": ""Chuông cửa lơ lửng với hình ảnh trực quan hóa vùng an ninh""
  },
  ""Frame7_DetailExtreme"": {
    ""Focus"": ""Cảm biến nhận diện khuôn mặt, chất lượng micro, đầu ra loa, pin dự phòng, ăng-ten WiFi, phạm vi cảm biến chuyển động""
  },
  ""Frame8_EditorialUnexpected"": {
    ""Concept"": ""Chuông cửa như người bảo vệ ngôi nhà, hình ảnh trực quan hóa mạng lưới an ninh"",
    ""Materials"": ""Hệ sinh thái an ninh thông minh""
  },
  ""Frame9_WideUseScenario"": {
    ""Location"": ""Lối vào nhà thông minh hoàn chỉnh với an ninh"",
    ""Props"": [""Khóa thông minh"", ""Đèn lối vào"", ""Thảm chùi chân"", ""Chậu cây"", ""Phụ kiện cửa"", ""Camera an ninh""]
  },
  ""CameraStyle"": {
    ""ColorPalette"": ""Chuông cửa màu đen, ống kính camera màu xanh lam, đèn LED, màu cửa"",
    ""Mood"": ""An ninh thông minh, lối vào nhà, tiện nghi hiện đại""
  }
}","[""https://cms-assets.youmind.com/media/1768890714990_8c7kb2_G_ATVFcXAAAsNMj.jpg""]","{""name"":""松果先森"",""url"":""https://x.com/songguoxiansen""}",https://x.com/songguoxiansen/status/2013130384897421728,"Chân dung, Nhiếp ảnh, Sản phẩm, Nhân vật, Logo"
112,Hình ảnh chính thương mại điện tử - Lời nhắc tạo tác phẩm điêu khắc siêu xe bằng kính nhiều lớp trong suốt,"Một JSON prompt mang tính kỹ thuật cao để tạo ra hình ảnh siêu xe chân thực, được dò tia. Chiếc xe được thể hiện dưới dạng một tác phẩm điêu khắc cắt lát theo cấu trúc tô pô, làm từ kính acrylic quang học nhiều lớp, với các chi tiết cơ khí bên trong có thể nhìn thấy. Prompt nhấn mạnh ánh sáng (ánh sáng viền, ánh sáng phát ra từ bên trong, hiệu ứng caustics) trên nền không gian đen kịt, tạo ra một vẻ đẹp của hình ảnh được tách rời.","{
  ""prompt_configuration"": {
    ""parameters"": {
      ""car_model"": ""{argument name=\""car model\"" default=\""SUPERCAR MODEL\""}"",
      ""material_color"": ""{argument name=\""material color\"" default=\""warm amber and deep orange\""}""
    },
    ""aspect_ratio"": ""16:9"",
    ""viewpoint"": ""góc 3/4 phía trước, hiển thị toàn bộ xe""
  },
  ""prompt_payload"": {
    ""subject_definition"": {
      ""core_subject"": ""{car_model}"",
      ""representation_style"": ""tác phẩm điêu khắc lát cắt dạng tô-pô, được tạo thành từ các tấm vật liệu trong mờ xếp chồng song song""
    },
    ""material_physics"": {
      ""medium"": ""kính acrylic quang học nhiều lớp"",
      ""texture"": ""cạnh cắt laser, độ trong suốt thể tích, tán xạ dưới bề mặt"",
      ""color_palette"": ""chuyển màu trong mờ {material_color}, khúc xạ nội tại phát sáng""
    },
    ""technical_details"": {
      ""structure"": ""cấu trúc lá có gân, mặt cắt ngang, các chi tiết cơ khí bên trong có thể nhìn thấy qua các lớp (khối động cơ, hệ thống treo, hộp số)"",
      ""fidelity"": ""siêu chi tiết, độ chính xác như CAD, thẩm mỹ kiểu hình chiếu tách rời nhưng đã lắp ráp""
    },
    ""lighting_and_atmosphere"": {
      ""environment"": ""nền không gian tối đen như mực, studio tối vô tận"",
      ""lighting_setup"": ""ánh sáng viền để bắt cạnh kính, ánh sáng thể tích bên trong phát sáng, hiệu ứng caustics, độ tương phản cao kiểu điện ảnh""
    },
    ""rendering_engine"": {
      ""style"": ""Octane Render, dò tia, độ phân giải 8k, thuộc tính vật liệu chân thực, độ sâu trường ảnh chụp macro""
    }
  },
  ""negative_prompt"": [
    ""thân xe kim loại đặc"",
    ""sơn mờ đục"",
    ""hoạt hình"",
    ""minh họa"",
    ""bánh xe bị biến dạng"",
    ""khung hình bị cắt xén"",
    ""ánh sáng ban ngày"",
    ""phản chiếu của nhiếp ảnh gia""
  ]
}","[""https://cms-assets.youmind.com/media/1768804263037_da8uj6_G--zMlXXYAEyetJ.jpg"",""https://cms-assets.youmind.com/media/1768804263002_8omzrs_G--zMqUWEAADVF1.jpg"",""https://cms-assets.youmind.com/media/1768804263805_3sf4w4_G--zMlfXMAAav79.jpg"",""https://cms-assets.youmind.com/media/1768804264278_z57ws5_G--zMiCW8AAx8Ze.jpg""]","{""name"":""Lloyd Creates"",""url"":""https://x.com/lloydcreates""}",https://x.com/lloydcreates/status/2013024593246568485,"Nhiếp ảnh, Điện ảnh, Minh họa, 3D, Anime, Nhân vật, Xe cộ, Văn bản"
119,Hình ảnh chính thương mại điện tử - Lời nhắc chụp ảnh thực phẩm thương mại siêu thực,"Một lời nhắc chi tiết để tạo ra ảnh chụp thực phẩm thương mại siêu thực, đặc biệt tập trung vào độ phân giải cao, lấy nét sắc nét và ánh sáng studio được kiểm soát để ghi lại hành động đóng băng giữa không trung của các nguyên liệu. Lời nhắc này được cấu trúc bằng JSON để kiểm soát chính xác các cài đặt đầu ra và chi tiết thẩm mỹ.","""resolution"": ""{argument name=""resolution"" default=""8K UHD""}"",

""aspect_ratio"": ""3:4"",

{ ""image_style"": ""{argument name=""image style"" default=""hyper-realistic commercial food photography""}"", ""quality"": ""Chi tiết cực cao, lấy nét sắc nét, độ rõ nét chuẩn studio"", ""lighting"": ""Ánh sáng studio mềm mại nhưng được kiểm soát với các điểm sáng rõ ràng và độ nét tia nước"", ""motion"": ""Hành động đóng băng giữa không trung, các nguyên liệu lơ lửng"",

""global_settings"": {

""background_style"": ""Nền đơn sắc hoặc chuyển màu mượt mà, màu sắc thay đổi theo từng module"", 
""camera"": ""Phong cách chụp ảnh tốc độ cao, độ sâu trường ảnh nông đến trung bình"", ""post_processing"": ""Độ tương phản cân bằng, độ bão hòa tự nhiên, không có ánh sáng nhân tạo"" }}","[""https://cms-assets.youmind.com/media/1768717588616_6tvblq_G-4KPKGWsAEk3FE.jpg"",""https://cms-assets.youmind.com/media/1768717588696_15yk0k_G-4KPJqWoAAzMee.jpg"",""https://cms-assets.youmind.com/media/1768717588636_hmnjxa_G-4KPJhXsAAoIPq.jpg"",""https://cms-assets.youmind.com/media/1768717590696_ewqa6m_G-4KPKCW0AEHtnA.jpg""]","{""name"":""Oogie"",""url"":""https://x.com/oggii_0""}",https://x.com/oggii_0/status/2012557350591434765,"Nhiếp ảnh, Điện ảnh, Sản phẩm, Đồ ăn, Nhân vật"
120,Hình ảnh chính thương mại điện tử - Chụp ảnh thực phẩm thương mại siêu thực,"Một prompt kỹ thuật tập trung vào việc tạo ra những bức ảnh chụp món ăn thương mại siêu thực, đặc biệt là ghi lại cảnh các nguyên liệu đang bay lơ lửng giữa không trung với hiệu ứng máy ảnh tốc độ cao và ánh sáng studio được kiểm soát.","{
'resolution': '8K UHD',
'aspect_ratio': '3:4',
'image_style': 'chụp ảnh thực phẩm thương mại siêu thực',
'global_settings': {
'quality': 'Chi tiết cực cao, lấy nét sắc nét, độ rõ nét chuẩn studio',
'lighting': 'Ánh sáng studio mềm mại nhưng được kiểm soát với các điểm sáng rõ ràng và độ nét của tia nước bắn',
'motion': 'Hành động đóng băng giữa không trung, các nguyên liệu lơ lửng',
'background_style': 'Nền đơn sắc hoặc chuyển màu mượt mà, màu sắc thay đổi tùy theo mô-đun',
'camera': 'Phong cách chụp ảnh tốc độ cao, độ sâu trường ảnh nông đến trung bình',
'post_processing': 'Độ tương phản cân bằng, độ bão hòa tự nhiên, không có ánh sáng nhân tạo'
}}","[""https://cms-assets.youmind.com/media/1768717518115_xlrzuh_G-3tFT8aAAAhglp.jpg"",""https://cms-assets.youmind.com/media/1768717518114_mzz1pn_G-3tFTAbkAEXFia.jpg"",""https://cms-assets.youmind.com/media/1768717518102_8djjav_G-3tFTtakAI0WQ3.jpg"",""https://cms-assets.youmind.com/media/1768717519186_r2eeu3_G-3tFVWasAAjgWp.jpg""]","{""name"":""𝐌"",""url"":""https://x.com/Strength04_X""}",https://x.com/Strength04_X/status/2012525300761133195,"Nhiếp ảnh, Điện ảnh, Đồ ăn, Nhân vật"
121,Hình ảnh chính thương mại điện tử - Mô hình sản phẩm Hanbok Hàn Quốc cao cấp (Trải phẳng đối xứng),"Một lời nhắc rất cụ thể được thiết kế để tạo ra mô hình sản phẩm sang trọng của các món đồ Hanbok truyền thống của Hàn Quốc theo bố cục phẳng, cân đối, đặt chính giữa. Nó yêu cầu một nền trắng tinh, liền mạch và mô tả tỉ mỉ vị trí, màu sắc và kết cấu của từng món đồ, từ chiếc Jeogori lụa đỏ thẫm ở trung tâm đến các phụ kiện xung quanh như Bokjumeoni và Binyeo, nhằm mục đích tạo ra một phong cách chụp ảnh thương mại biên tập, cân bằng.","Một mockup sản phẩm Hanbok (한복) truyền thống Hàn Quốc sang trọng với bố cục cân bằng hoàn hảo ở giữa trên nền trắng liền mạch.

VẢI BỐ & NỀN - QUAN TRỌNG:
- Nền trắng vô cực liền mạch lấp đầy toàn bộ khung hình từ cạnh này sang cạnh kia
- Nền mở rộng từ góc này sang góc kia không có đường viền rõ ràng
- Tông màu trắng ấm (#FFFAF5) sạch sẽ, liên tục, đồng nhất trên toàn bộ vải bố
- Không có hiệu ứng tối góc (vignetting), không giảm sáng, không tối ở các cạnh
- Cả bốn góc có màu sắc và độ sáng giống hệt nhau
- Phơi sáng đều trên toàn bộ hình ảnh từ trái sang phải, từ trên xuống dưới
BỐ CỤC - BỐ TRÍ ĐỐI XỨNG Ở GIỮA:
- Căn chỉnh trục giữa hoàn hảo
- Trọng lượng hình ảnh cân bằng ở hai bên trái và phải
- Sản phẩm được sắp xếp theo cấu trúc phân cấp hình tam giác
- Khoảng cách tối thiểu 10% giữa sản phẩm và các cạnh khung hình
HÀNG SAU (Trên cùng, giữa):
- GIỮA-SAU: Hộp quà màu đen mờ với viền Dancheong màu vàng, hoa sen (연꽃문) dập nổi, chữ ""한스타일 Hstyle"" màu vàng
- TRÁI-SAU: Túi mua sắm màu kem với biểu tượng Taegeuk màu vàng
- PHẢI-SAU: Hộp mở ra để lộ lớp lót lụa màu kem với họa tiết chim hạc vàng
HÀNG GIỮA (Trung tâm, nổi bật):
- CHÍNH GIỮA: Áo Hanbok Jeogori (저고리) lụa đỏ thẫm với thêu hoa mẫu đơn vàng trên vải lụa màu kem, tay áo xòe đối xứng, cổ áo trắng (동정) lộ rõ
HÀNG TRƯỚC (Cách đều):
- TRÁI: Quạt truyền thống (부채) với hoa mận
- GIỮA-TRÁI: Cành hoa mận
- GIỮA: Túi Bokjumeoni (복주머니) màu xanh hoàng gia với chữ 福 màu vàng
- GIỮA-PHẢI: Trâm cài Binyeo (비녀) màu vàng trên đệm kem
- PHẢI: Cành hoa mận
ÁNH SÁNG:
- Ánh sáng khuếch tán mềm mại từ trên cao
- Chiếu sáng đều bao gồm tất cả các góc và cạnh
- Không có bóng đổ định hướng về phía các cạnh khung hình
- Độ sáng nhất quán trên toàn bộ khung hình
MÁY ẢNH:
- Chụp thẳng, máy ảnh căn giữa hoàn hảo
- Tỷ lệ khung hình 4:5
- Sản phẩm được bố cục với khoảng cách an toàn từ tất cả các cạnh
- Nền phủ toàn bộ khung hình
PHONG CÁCH: Sang trọng cân bằng, mang tính biên tập, di sản Hàn Quốc, chụp ảnh sản phẩm thương mại
Negative prompt: tối góc (vignetting), góc tối, nền không đều, cạnh bị cắt, giảm sáng gradient, cạnh nền hiển thị, ánh sáng không nhất quán ở các đường viền
Chữ ký viết tay ""Willy"" đầy phong cách bằng chữ vàng nhỏ ở góc dưới bên phải.","[""https://cms-assets.youmind.com/media/1768717573973_la4jzd_G-3I-OnXgAAXBks.jpg""]","{""name"":""Willy"",""url"":""https://x.com/jw660227""}",https://x.com/jw660227/status/2012485594723848458,"Sản phẩm, Nhân vật, Văn bản"
122,Hình ảnh chính thương mại điện tử - Nhiếp ảnh bắn tung tóe cà phê và sô cô la siêu điện ảnh,"Một JSON prompt cực kỳ chi tiết để tạo ra hình ảnh dọc, siêu điện ảnh về các yếu tố cà phê lơ lửng giữa không trung, được thiết kế cho quảng cáo quán cà phê cao cấp. Nó chỉ định các hạt cà phê đổ xuống, sô cô la bonbon nổi, nghệ thuật latte xoáy và những giọt sữa cùng espresso đông cứng, sử dụng ánh sáng studio tương phản cao đầy kịch tính và chi tiết chụp ảnh macro để đạt được sự siêu thực.","{
  ""composition"": {
    ""orientation"": ""vertical"",
    ""style"": ""ultra-cinematic"",
    ""scene_type"": ""các yếu tố lơ lửng giữa không trung"",
    ""depth_of_field"": ""độ sâu trường ảnh nông kiểu điện ảnh""
  },
  ""subject"": {
    ""main_elements"": [
      ""hạt cà phê rang chảy tràn"",
      ""sô cô la bonbon lơ lửng"",
      ""tách cà phê lơ lửng giữa không trung với nghệ thuật latte xoáy"",
      ""những giọt sữa bắn tung tóe đóng băng trong chuyển động"",
      ""những giọt espresso bắn tung tóe đóng băng trong chuyển động"",
      ""bột cà phê mịn bay lất phất trong không khí""
    ],
    ""motion_state"": ""nhiếp ảnh bắn tung tóe hành động đóng băng""
  },
  ""color_palette"": {
    ""primary_colors"": [
      ""nâu cà phê đậm"",
      ""kem ấm"",
      ""đen espresso""
    ],
    ""background"": ""đen nhung sâu""
  },
  ""lighting"": {
    ""type"": ""ánh sáng studio tương phản cao ấn tượng"",
    ""highlights"": ""phản chiếu bóng bẩy trên chất lỏng"",
    ""shadows"": ""bóng tối sâu kiểu điện ảnh""
  },
  ""texture_detail"": {
    ""liquids"": [
      ""những giọt sữa bắn tung tóe bóng bẩy"",
      ""những giọt espresso bắn tung tóe bóng bẩy"",
      ""bọt crema với chi tiết siêu nhỏ""
    ],
    ""solids"": [
      ""hạt cà phê rang mờ"",
      ""bề mặt sô cô la bonbon mịn màng"",
      ""bột cà phê hạt mịn""
    ]
  },
  ""photography_style"": {
    ""genre"": ""quảng cáo quán cà phê cao cấp"",
    ""aesthetic"": ""nhiếp ảnh bắn tung tóe kiểu biên tập"",
    ""clarity"": ""sắc nét siêu chi tiết""
  },
  ""camera"": {
    ""camera_model"": ""Nikon D850 (ảo)"",
    ""lens"": ""macro 105mm"",
    ""aperture"": ""f/4.0"",
    ""focus"": ""chủ thể sắc nét với hậu cảnh mờ dần""
  },
  ""render_quality"": {
    ""detail_level"": ""siêu chi tiết"",
    ""realism"": ""chân thực như ảnh"",
    ""finish"": ""sản phẩm thương mại cao cấp""
  }
}","[""https://cms-assets.youmind.com/media/1768631177621_l8dp06_G-0YhclaQAEgsW-.jpg"",""https://cms-assets.youmind.com/media/1768631177668_8j4gck_G-0YhemaQAAlZOq.jpg""]","{""name"":""Sharon Riley"",""url"":""https://x.com/Just_sharon7""}",https://x.com/Just_sharon7/status/2012291576119312710,"Nhiếp ảnh, Điện ảnh, 3D, Sản phẩm, Nhân vật, Văn bản, UI/UX"