id,title,description,content,sourceMedia,author,sourceLink,keywords
9,Cảnh căn phòng otaku chụp ảnh selfie qua gương chi tiết,"Một prompt Nano Banana rất chi tiết mô tả ảnh selfie trước gương của một cô gái trong góc máy tính otaku tông màu xanh lam, với đầy đủ thông số kỹ thuật về nhân vật, môi trường, ánh sáng, máy ảnh và các prompt phủ định.","### Bối cảnh
Ảnh selfie qua gương trong góc máy tính phong cách otaku, tông màu xanh.

### Chủ thể
* Biểu cảm giới tính: nữ
* Tuổi: khoảng 25
* Dân tộc: Đông Á
* Dáng người: mảnh mai, eo thon; tỷ lệ cơ thể tự nhiên
* Tông da: tông trung tính sáng
* Kiểu tóc:
    * Độ dài: tóc dài ngang eo
    * Kiểu: thẳng với phần đuôi hơi xoăn nhẹ
    * Màu: nâu trung bình
* Tư thế:
    * Dáng đứng: đứng hơi contrapposto
    * Tay phải: cầm điện thoại thông minh trước mặt (giấu danh tính)
    * Tay trái: buông tự nhiên dọc thân
    * Thân trên: thân hơi ngả về sau; eo và bụng lộ ra
* Trang phục:
    * Áo trên: áo khoác len dệt kim dáng lửng màu xanh nhạt, cài hai cúc trên cùng; áo ngực kiểu Pháp màu xanh mờ ảo
    * Quần dưới: quần short denim siêu ngắn, với một chiếc nơ ruy băng satin màu xanh ở mỗi bên hông
    * Vớ: vớ cao quá gối sọc ngang xanh trắng
    * Phụ kiện: ốp điện thoại hình linh vật dễ thương màu xanh

### Môi trường
* Mô tả: góc máy tính trong phòng ngủ nhìn qua gương treo tường
* Đồ đạc:
    * Bàn làm việc màu trắng
    * Một màn hình hiển thị hình nền màu xanh dịu (không có chữ có thể đọc được)
    * Bàn phím cơ với keycap màu trắng trên tấm lót bàn màu xanh
    * Chuột trên tấm lót chuột nhỏ màu xanh
    * Thùng máy tính ở bên phải với đèn case màu xanh
    * Ba mô hình anime trên hoặc gần thùng máy tính
    * Một tấm áp phích hình chùa trên tường
    * Đèn bàn hình mèo có điểm nhấn màu xanh
    * Một ly nước thủy tinh trong suốt
    * Một cây xanh lá cao bên cửa sổ (ở phía bên trái khung hình)
* Thay thế màu sắc: thay thế tất cả các yếu tố ban đầu màu hồng (quần áo và đồ trang trí phòng) bằng tông màu xanh (từ xanh da trời nhạt đến xanh da trời/xanh dừa cạn).

### Ánh sáng
* Nguồn sáng: ánh sáng ban ngày từ cửa sổ lớn bên trái máy ảnh, xuyên qua rèm mỏng
* Chất lượng ánh sáng: ánh sáng mềm, khuếch tán
* Cân bằng trắng (K): 5200

### Máy ảnh
* Chế độ: camera sau của điện thoại thông minh chụp qua gương (không có chế độ chân dung/bokeh)
* Tiêu cự tương đương (mm): 26
* Khoảng cách (m):
    * Chủ thể đến gương: 0.6
    * Máy ảnh đến gương: 0.5
* Phơi sáng:
    * Khẩu độ (f): 1.8
    * ISO: 100
    * Tốc độ màn trập (s): 0.01
    * Bù trừ phơi sáng (EV): -0.3
* Lấy nét: lấy nét vào phần thân trên và quần short trong ảnh phản chiếu qua gương
* Độ sâu trường ảnh: độ sâu trường ảnh sâu tự nhiên của điện thoại thông minh; hậu cảnh hiển thị rõ ràng không bị làm mờ nhân tạo
* Bố cục:
    * Tỷ lệ khung hình: 1:1
    * Cắt: từ đỉnh đầu đến giữa đùi; bao gồm bàn làm việc, màn hình, thùng máy tính và cây xanh trong khung hình
    * Góc: góc hơi cao từ góc nhìn của gương
    * Ghi chú bố cục: giữ chủ thể ở giữa; để tránh biến dạng cạnh góc rộng, hãy để cô ấy đứng xa hơn một chút và cắt thành hình vuông sau.

### Lời nhắc tiêu cực
* Bất kỳ sự xuất hiện nào của màu hồng/đỏ tươi ở bất cứ đâu
* Bộ lọc làm đẹp/da quá mịn; vẻ ngoài da không có lỗ chân lông
* Giải phẫu phóng đại hoặc biến dạng
* NSFW, vải xuyên thấu, sự cố trang phục
* Logo, tên thương hiệu hoặc văn bản giao diện người dùng có thể đọc được
* Hiệu ứng làm mờ chế độ chân dung giả, cảm giác CGI/minh họa","[""https://cms-assets.youmind.com/media/1763889946850_689z0h_G23i3sJW0AASGUw.jpg""]","{""name"":""宝玉"",""url"":""https://x.com/dotey""}",https://x.com/dotey/status/1976485558319722711,"Chân dung, Nhiếp ảnh, Minh họa, 3D, Anime, Nhân vật, Văn bản, Logo, Poster, UI/UX"
13,Hồ sơ / Ảnh đại diện - Chân Dung Biên Tập Chụp Ảnh Tự Sướng Ban Đêm Với Đèn Flash,"Một JSON prompt rất cụ thể để tạo ảnh chân dung selfie cận cảnh siêu chân thực được chụp vào ban đêm bằng đèn flash trực tiếp từ điện thoại, đạt được vẻ ngoài tự nhiên nhưng mang tính biên tập. Nó yêu cầu khóa nhận dạng khuôn mặt nghiêm ngặt, mô tả chi tiết ngoại hình của chủ thể (tóc đen nhánh, chuỗi ngọc trai trên đầu), và chỉ định ánh sáng cùng phông nền (phòng chờ thiếu sáng, hiệu ứng bokeh nổi bật).","{
  ""generation_request"": {
    ""meta_data"": {
      ""tool"": ""NanoBanana Pro"",
      ""task_type"": ""photoreal_selfie_flash_nightlife_editorial"",
      ""version"": ""v1.0_PEARL_HEADCHAIN_SELFIE_FLASH_NO_AI_LOOK_NO_TEXT"",
      ""priority"": ""highest""
    },

    ""references"": {
      ""reference_image_1"": {
        ""source"": ""UPLOAD_REFERENCE_IMAGE (OPTIONAL)"",
        ""purpose"": ""FACE_IDENTITY_AND_GLAM_STYLE_LOCK"",
        ""strict_lock"": true,
        ""face_similarity_priority"": ""MAX"",
        ""no_identity_blending"": true,
        ""no_beautify"": true,
        ""no_age_shift"": true,
        ""preserve_skin_texture"": true,
        ""preserve_facial_proportions"": true,
        ""preserve_expression"": true
      }
    },

    ""output_settings"": {
      ""aspect_ratio"": ""4:5"",
      ""orientation"": ""portrait"",
      ""resolution_target"": ""ultra_high_res"",
      ""render_style"": ""flash_candid_editorial"",
      ""sharpness"": ""flash_crisp_face_soft_background"",
      ""film_grain"": ""subtle_35mm"",
      ""color_grade"": ""warm_night_flash_neutral_skin"",
      ""dynamic_range"": ""natural_not_hdr"",
      ""skin_rendering"": ""real_texture_editorial_finish""
    },

    ""creative_prompt"": {
      ""scene_summary"": ""Chân dung selfie cận cảnh siêu chân thực vào ban đêm với đèn flash điện thoại trực tiếp. Một phụ nữ trẻ quyến rũ với mái tóc đen nhánh dài thẳng nhìn vào máy ảnh với vẻ tự tin, hơi bĩu môi. Cô ấy đeo một chuỗi ngọc trai và pha lê phức tạp (kiểu lưới) phủ lên đường chân tóc với những giọt nhỏ lủng lẳng, cùng với đôi bông tai ngọc trai dài. Trang phục là một chiếc váy yếm lụa óng ánh màu ngà thanh lịch với độ che phủ vừa phải và các nếp vải chân thực. Tổng thể toát lên vẻ sang trọng của cuộc sống về đêm, tự nhiên nhưng mang tính biên tập, với kết cấu da sạch và cấu trúc khuôn mặt hoàn hảo."",

      ""environment"": {
        ""location"": ""phòng chờ trong nhà/ngoài trời mờ ảo / lối vào biệt thự vào ban đêm"",
        ""background"": ""xà gỗ tối màu, ánh sáng thực tế dịu nhẹ xung quanh, độ sâu trường ảnh nông, hiệu ứng bokeh nổi bật"",
        ""lighting"": ""đèn flash điện thoại trực tiếp là nguồn sáng chính, ánh sáng lấp đầy xung quanh tối thiểu, điểm nhấn phản chiếu chân thực trên ngọc trai""
      },

      ""subject"": {
        ""appearance"": {
          ""hair"": ""tóc đen dài thẳng, bóng mượt nhưng tự nhiên, sợi tóc rõ ràng, không bị bóng nhờn"",
          ""makeup"": ""trang điểm nhẹ nhàng quyến rũ, kẻ mắt sắc nét, lông mày rõ ràng, má hồng nhẹ, môi nude bóng, lỗ chân lông chân thực"",
          ""skin"": ""kết cấu da thật, không làm mịn, không có lớp hoàn thiện bằng nhựa""
        },
        ""accessories"": {
          ""headpiece"": ""chuỗi ngọc trai và pha lê dạng lưới, hoa văn lưới đối xứng trên đỉnh đầu, những giọt ngọc trai nhỏ lủng lẳng ở trán và hai bên, lấp lánh chân thực"",
          ""earrings"": ""bông tai ngọc trai dài, thanh lịch, phản chiếu chân thực""
        },
        ""wardrobe"": {
          ""dress"": ""váy yếm lụa óng ánh màu ngà, đường viền cổ thanh lịch, độ che phủ vừa phải, rủ tự nhiên và lấp lánh nhẹ""
        },
        ""pose"": ""góc chụp selfie, cánh tay duỗi về phía máy ảnh, vai thư giãn""
      }
    }
  }
}","[""https://cms-assets.youmind.com/media/1768890662377_5diu24_G_DbnLqWoAAEqSM.jpg""]","{""name"":""Özge Döner"",""url"":""https://x.com/astronomerozge1""}",https://x.com/astronomerozge1/status/2013350554542498168,"Chân dung, Nhiếp ảnh, Điện ảnh, 3D, Nhân vật, Văn bản, Logo, UI/UX"
16,Hồ sơ / Ảnh đại diện - Lời nhắc chuyển đổi chân dung Avatar Girl Studio,"Một JSON prompt chi tiết để tạo ra bức chân dung studio siêu thực của một người phụ nữ, biến đôi tai người của cô ấy thành đôi tai avatar giả tưởng thanh lịch trong khi vẫn giữ nguyên danh tính, kết cấu da và tỷ lệ khuôn mặt dựa trên hình ảnh tham chiếu.","{
  ""JOB_TYPE"": ""image_generation"",
  ""LANGUAGE"": ""vi"",
  ""REFERENCE_IMAGES"": {
    ""REF_1_SUBJECT_IDENTITY"": ""Sử dụng hình ảnh tham chiếu ĐẦU TIÊN làm nguồn DUY NHẤT cho danh tính của người phụ nữ (khuôn mặt, kết cấu da, tàn nhang, vùng mắt, mũi, môi, đường viền hàm, tỷ lệ). Giữ nguyên danh tính của cô ấy."",
    ""REF_2_OPTIONAL"": ""Nếu sử dụng tham chiếu thứ hai, nó CHỈ dành cho tâm trạng/ánh sáng. Không thay đổi danh tính.""
  },
  ""LOCKS"": {
    ""IDENTITY_LOCK"": ""Danh tính của người phụ nữ PHẢI khớp chính xác với REF_1. Không thay đổi tuổi tác, sắc tộc, cấu trúc khuôn mặt, kiểu tàn nhang, hình dạng mắt, mũi, môi hoặc kết cấu da."",
    ""STUDIO_LOCK"": ""Phải trông giống như một bức chân dung studio chuyên nghiệp với phông nền liền mạch màu trắng tinh khiết."",
    ""FRAMING_LOCK"": ""Chân dung chụp từ eo trở lên. Đầu hiển thị đầy đủ. Bố cục căn giữa.""
  },
  ""SCENE"": {
    ""SETTING"": ""phòng chụp ảnh chuyên nghiệp"",
    ""BACKGROUND"": ""phông nền liền mạch màu trắng tinh khiết, sạch sẽ và giảm thiểu bóng"",
    ""LIGHTING"": ""ánh sáng chính softbox + ánh sáng lấp đầy nhẹ nhàng, ánh sáng studio cường độ cao, phơi sáng đều, bóng mềm"",
    ""CAMERA"": {
      ""SHOT_TYPE"": ""chân dung chụp từ eo trở lên"",
      ""ANGLE"": ""ngang tầm mắt"",
      ""LENS_LOOK"": ""kiểu ống kính chân dung, phối cảnh tự nhiên, lấy nét sắc nét vào mắt"",
      ""QUALITY"": ""độ phân giải cực cao, chi tiết sắc nét, kết cấu da tự nhiên""
    }
  },
  ""SUBJECT"": {
    ""POSE"": ""tư thế thư giãn trung tính, vai tự nhiên, đầu hơi nghiêng nếu cần, biểu cảm bình tĩnh tự tin"",
    ""GAZE"": ""nhìn vào máy ảnh"",
    ""CLOTHING"": ""áo đơn giản tối giản (tông màu trung tính), không logo, phù hợp với studio""
  },
  ""TRANSFORMATIONS"": {
    ""AVATAR_EARS"": {
      ""DESCRIPTION"": ""Thay thế tai người bằng tai avatar giả tưởng thanh lịch: thon dài, hơi nhọn, hình dạng hữu cơ mềm mại, gắn tự nhiên vào đầu, hòa trộn và tạo bóng da chân thực, đối xứng, cân đối với khuôn mặt.""
    },
    ""HAIR"": {
      ""COLOR"": ""{argument name=\""hair color\"" default=\""xám bạc gần trắng (rất nhạt), tông lạnh\""}"",
      ""STYLE"": ""tóc tết rasta gọn gàng (tóc tết dreadlock), độ dày từ mỏng đến trung bình, đường rẽ ngôi da đầu rõ ràng, các cạnh gọn gàng, tết chuyên nghiệp, chiều dài bím tóc đồng đều, rủ tự nhiên quanh đầu và vai"",
      ""DETAILS"": ""độ nét sợi tóc cao, không xù, kết cấu sợi tóc chân thực""
    }
  },
  ""RENDERING_STYLE"": {
    ""LOOK"": ""chân dung studio siêu thực với các đặc điểm giả tưởng tinh tế"",
    ""SKIN"": ""giữ nguyên lỗ chân lông và tàn nhang tự nhiên, không da nhựa, không làm mịn quá mức"",
    ""COLOR_GRADING"": ""màu trung tính sạch sẽ, tông màu studio cường độ cao""
  },
  ""NEGATIVE_PROMPT"": [
    ""người khác"",
    ""khuôn mặt bị thay đổi"",
    ""thêm tai"",
    ""tai biến dạng"",
    ""tai không đối xứng"",
    ""mờ"",
    ""độ phân giải thấp"",
    ""hoạt hình"",
    ""anime"",
    ""da quá mịn"",
    ""trang điểm đậm"",
    ""bóng gắt"",
    ""nền màu"",
    ""nền lộn xộn"",
    ""văn bản"",
    ""hình mờ"",
    ""logo"",
    ""cắt đầu"",
    ""ra khỏi khung hình""
  ],
  ""OUTPUT"": {
    ""ASPECT_RATIO"": ""1:1"",
    ""STYLE_STRENGTH"": ""medium"",
    ""REA""
  }
}","[""https://cms-assets.youmind.com/media/1768890743764_g1j1r5_G_BuF5LW0AAIXpP.jpg""]","{""name"":""manolya"",""url"":""https://x.com/manolyaai""}",https://x.com/manolyaai/status/2013230284175495545,"Chân dung, Nhiếp ảnh, Điện ảnh, 3D, Anime, Tối giản, Nhân vật, Thời trang, Logo"
17,Hồ sơ / Ảnh đại diện - Gợi ý chụp ảnh selfie bãi biển tự nhiên bằng iPhone 15 Pro,"Một JSON prompt cực kỳ chi tiết, có cấu trúc cho Nano Banana Pro, mô phỏng một bức ảnh selfie tự nhiên, chụp từ góc cao bằng iPhone 15 Pro trên một bãi biển đầy nắng. Prompt này chỉ định các chi tiết chủ thể siêu thực (đặc điểm búp bê sứ, trang phục cụ thể và biểu cảm) cùng các ràng buộc kỹ thuật, bao gồm ánh sáng, môi trường và danh sách negative prompt.","{
    ""format"": {
      ""type"": ""biên tập"",
      ""intent"": ""thẳng thắn/tự chụp/ngẫu nhiên"",
      ""aspect_ratio"": ""9:16"",
      ""resolution"": ""4K""
    },
    ""camera_system"": {
      ""body"": ""iPhone 15 Pro"",
      ""lens"": ""Camera Chính"",
      ""focal_length"": ""24mm"",
      ""associative_traits"": ""nhiếp ảnh điện toán, độ sâu trường ảnh sâu, hiển thị kỹ thuật số sắc nét, phơi sáng tự động""
    },
    ""subject"": {
      ""identity"": ""cô gái trẻ với những đặc điểm búp bê sứ đặc trưng"",
      ""physical_details"": ""làn da trắng ngần không tì vết, đôi mắt xanh băng giá to tròn với hàng mi rõ nét, mũi nhỏ thanh tú, miệng chúm chím tự nhiên, tóc vàng bạch kim tết hai bím chặt, móng tay sơn màu xanh dương rực rỡ"",
      ""clothing"": ""áo ôm sát màu xanh nhạt với đường xẻ cổ chữ V rất sâu và rộng để lộ rõ vòng một"",
      ""action"": ""góc nhìn selfie từ trên cao, một tay che mắt chống lại ánh sáng chói ven biển, nhìn lên camera"",
      ""expression"": ""trung tính, mắt mở to, vô cảm, ánh nhìn trống rỗng như búp bê""
    },
    ""lighting"": {
      ""source"": ""ánh sáng ban ngày tự nhiên chói chang ven biển + phản xạ từ cát"",
      ""direction"": ""chiếu từ trên cao và lấp đầy đa hướng"",
      ""quality"": ""mềm mại, khuếch tán nhưng rất sáng"",
      ""color_temp"": ""ánh sáng ban ngày trung tính (5500K)"",
      ""fill"": ""lấp đầy tối đa từ phản xạ cát trắng sáng"",
      ""distribution"": ""chiếu sáng đều, ít bóng, làm nổi bật kết cấu da"",
      ""intent"": ""ngày biển sáng""
    },
    ""environment"": {
      ""setting"": ""bãi biển đầy cát vào ban ngày"",
      ""hero_materials"": [
        {
          ""material"": ""cát"",
          ""micro_detail"": ""hạt trắng mịn, phản chiếu cao""
        },
        {
          ""material"": ""vải"",
          ""micro_detail"": ""đồ bơi màu xanh nhạt/hỗn hợp cotton co giãn""
        },
        {
          ""material"": ""da"",
          ""micro_detail"": ""mịn màng, không lỗ chân lông, kết cấu sứ, hơi ẩm ướt do nóng""
        }
      ],
      ""objects"": ""đường chân trời đại dương mờ ảo ở phía xa, bãi cát rộng lớn"",
      ""state"": ""sáng sủa, nắng, ven biển""
    },
    ""technical_finish"": {
      ""film_stock"": ""Nguồn Kỹ thuật số"",
      ""exposure"": ""phơi sáng rực rỡ (high key)"",
      ""grain"": ""không/nhiễu kỹ thuật số"",
      ""tone_curve"": ""đường cong tông màu trung tính tuyến tính"",
      ""color_science"": ""bảng màu pastel (xanh nhạt, cát trắng, da nhợt nhạt), màu sắc ánh sáng ban ngày tự nhiên""
    },
    ""constraints"": {
      ""avoid"": [
        ""tuyết"",
        ""quần áo mùa đông"",
        ""móng tay đỏ"",
        ""áo đen"",
        ""cổ áo kín đáo"",
        ""bóng tối đậm""
      ],
      ""must_include"": [
        ""móng tay xanh"",
        ""áo xanh nhạt"",
        ""khe ngực sâu"",
        ""phông nền bãi biển"",
        ""đặc điểm búp bê sứ""
      ]
    }
  }","[""https://cms-assets.youmind.com/media/1768890705798_znhp8b_G_BJSVuWEAAzAMR.jpg""]","{""name"":""Emily"",""url"":""https://x.com/IamEmily2050""}",https://x.com/IamEmily2050/status/2013189624848633963,"Chân dung, Nhiếp ảnh, Điện ảnh, Nhân vật, Thời trang, Văn bản, Logo"
19,Hồ sơ / Ảnh đại diện - Chân dung mùa đông trên núi cao từ ảnh sang ảnh,"Một lời nhắc có cấu trúc dành cho Gemini Nano Banana Pro sử dụng mô hình Stable Diffusion XL để tạo ảnh từ ảnh. Nó yêu cầu một hình ảnh tham chiếu được tải lên để giữ nguyên danh tính của đối tượng và tạo ra một bức chân dung mùa đông siêu thực ngoài trời trên ban công núi cao, với mô tả cụ thể là tóc tết hai bên màu vàng bạch kim, biểu cảm vui tươi và ánh sáng ban ngày mùa đông tự nhiên sắc nét.","{
  ""type"": ""image_to_image"",
  ""model"": ""stable-diffusion-xl"",
  ""prompt"": ""Sử dụng hình ảnh đã tải lên làm tài liệu tham khảo chính và giữ nguyên người, cấu trúc khuôn mặt, tông màu da và danh tính. Tạo một bức chân dung mùa đông ngoài trời siêu thực trên ban công gỗ ở vùng núi An-pơ phủ tuyết. Người đó hơi nghiêng về phía máy ảnh với biểu cảm chu môi hôn tinh nghịch. Tóc vàng bạch kim được tạo kiểu thành hai bím tóc dài. Mặc áo dài tay màu đen ôm sát và quần đen. Kính râm hình chữ nhật màu đen sành điệu. Kết cấu da trắng tự nhiên với lỗ chân lông và điểm nhấn chân thực. Bối cảnh bao gồm núi phủ tuyết, cây thông, cabin gỗ và bầu trời mùa đông trong xanh. Tuyết mới phủ trên lan can ban công. Một tách cà phê trắng đặt hờ hững trên lan can gỗ. Ánh sáng ban ngày mùa đông tự nhiên rực rỡ, ánh nắng trong trẻo, bóng đổ chân thực. Chụp bằng ống kính góc rộng, nhiếp ảnh phong cách du lịch, thẩm mỹ Instagram, siêu chi tiết, siêu thực, ảnh chuyên nghiệp."",
  ""negative_prompt"": ""mờ, chất lượng thấp, khuôn mặt méo mó, sai danh tính, thừa ngón tay, thừa chi, giải phẫu học kém, hoạt hình, anime, CGI, da nhựa, tuyết phơi sáng quá mức, hình mờ, logo, chữ"",
  ""settings"": {
    ""denoise_strength"": 0.5,
    ""cfg_scale"": 7,
    ""steps"": 30,
    ""sampler"": ""DPM++ 2M Karras"",
    ""aspect_ratio"": ""3:4"",
    ""seed"": -1
  }
}","[""https://cms-assets.youmind.com/media/1768890710684_0yaxud_G_BCVx7XQAASbey.jpg"",""https://cms-assets.youmind.com/media/1768890710797_p1utsa_G_BCVwqWkAMyFyL.jpg""]","{""name"":""Sudee🥀"",""url"":""https://x.com/NameIsSudee""}",https://x.com/NameIsSudee/status/2013182092331589997,"Chân dung, Nhiếp ảnh, 3D, Anime, Văn bản, Logo, UI/UX"
29,Hồ sơ / Ảnh đại diện - Chụp ảnh selfie từ trên cao bằng điện thoại thông minh với mèo đen,"Một lời nhắc tạo ảnh mang tính kỹ thuật cao, tập trung vào việc mô phỏng một bức ảnh selfie chụp từ trên cao, góc nhìn từ trên xuống, được chụp bằng camera điện thoại thông minh. Lời nhắc xác định tỉ mỉ các chế độ lỗi của camera (cắt sáng, nhiễu sắc độ), biến dạng ống kính (méo hình nhẹ) và các hiệu ứng nhiếp ảnh tính toán (làm mịn da, quầng sắc nét) để tối đa hóa tính chân thực vật lý và bắt chước một phong cách thẩm mỹ cụ thể, với hình ảnh một người phụ nữ và một con mèo đen.","{
  ""intent"": {
    ""image_type"": ""selfie"",
    ""era_preset"": ""modern_standard"",
    ""notes"": ""Tối đa hóa tính chân thực vật lý bằng cách xác định tương tác ánh sáng-vật liệu và các chế độ lỗi cảm biến.""
  },
  ""subjects"": {
    ""count"": 1,
    ""primary"": {
      ""type"": ""person"",
      ""age_range"": ""20-25"",
      ""gender_presentation"": ""female"",
      ""region_target"": ""unspecified"",
      ""expression"": ""trung tính, nhìn lên"",
      ""pose"": ""nhìn thẳng vào camera từ phía dưới"",
      ""gaze"": ""nhìn vào ống kính""
    },
    ""additional"": [
      {
        ""type"": ""mèo đen"",
        ""position"": ""ngang sàn, nhìn lên"",
        ""material"": ""lông hữu cơ dày với ria mép trong mờ""
      }
    ]
  },
  ""framing_and_perspective"": {
    ""framing"": ""góc_cao_nhìn_xuống"",
    ""subject_fill_ratio"": 0.82,
    ""camera_angle"": ""trực_tiếp_từ_trên_xuống"",
    ""distance"": ""chiều_dài_cánh_tay"",
    ""camera_class"": ""camera_trước_điện_thoại_thông_minh"",
    ""lens_equiv_mm"": 24,
    ""distortion"": {
      ""type"": ""méo_thùng_nhẹ"",
      ""strength_1to5"": 4
    },
    ""perspective_effects"": {
      ""foreground_scale_emphasis_1to5"": 5,
      ""nose_emphasis_1to5"": 3,
      ""ear_recession_1to5"": 4
    },
    ""depth_of_field"": {
      ""mode"": ""tối_thiểu"",
      ""strength_1to5"": 2,
      ""focus_target"": ""mắt""
    }
  },
  ""lighting_and_exposure"": {
    ""key_light"": {
      ""type"": ""đèn_panel_trên_đầu"",
      ""direction"": ""từ_trên_xuống"",
      ""hardness_1to5"": 5,
      ""halo_bloom_1to5"": 2
    },
    ""exposure_behavior"": {
      ""auto_exposure"": true,
      ""hdr_tone_mapping_1to5"": 4,
      ""overall_brightness_1to5"": 5,
      ""contrast_1to5"": 3,
      ""shadow_depth_1to5"": 2,
      ""highlight_overflow_1to5"": 5
    },
    ""failure_modes_active"": {
      ""highlight_clipping"": true,
      ""shadow_chroma_noise"": true,
      ""denoise_smear"": false,
      ""sharpen_halos"": true,
      ""motion_blur"": false,
      ""jpeg_ringing_banding"": false,
      ""banding_in_gradients"": false,
      ""focus_falloff_edge_softness"": true
    }
  },
  ""computational_pipeline"": {
    ""skin_smoothing"": {
      ""method"": ""nhận_biết_cạnh"",
      ""strength_1to5"": 2,
      ""specular_preservation"": ""bắt_buộc""
    },
    ""sharpening"": {
      ""strength_1to5"": 3,
      ""halo_risk_1to5"": 2
    },
    ""noise_and_denoise"": {
      ""shadow_chroma_noise_1to5"": 3,
      ""denoise_smear_1to5"": 2,
      ""grain_strength_1to5"": 2
    },
    ""compression"": {
      ""jpeg_artifacts_1to5"": 1,
      ""banding_risk_1to5"": 1
    },
    ""white_balance"": {
      ""mode"": ""tự_động"",
      ""highlight_temp_bias"": ""lạnh"",
      ""shadow_temp_bias"": ""trung_tính""
    }
  },
  ""region_and_face_feature_sliders"": {
    ""non_stereotype_policy"": ""thanh_trượt_thay_nhãn"",
    ""beauty_mark_under_right_eye"": false,
    ""sliders_1to5"": {
      ""face_oval_vline_1to5"": 3,
      ""cheekbone_prominence_1to5"": 3,
      ""brow_definition_1to5"": 3,
      ""eye_emphasis_1to5"": 4,
      ""eyelid_crease_definition_1to5"": 3,
      ""nose_bridge_definition_1to5"": 3,
      ""lip_fullness_1to5"": 3
    }
  }
}","[""https://cms-assets.youmind.com/media/1768804295304_b0lxqb_G-8FTwBXgAEjkOg.jpg""]","{""name"":""Emily"",""url"":""https://x.com/IamEmily2050""}",https://x.com/IamEmily2050/status/2012833771528307100,"Chân dung, Nhiếp ảnh, Điện ảnh, Nhân vật, UI/UX"
32,Bài đăng trên mạng xã hội - Lời nhắc tổng hợp quảng cáo trên mạng xã hội,"Một Nano Banana Pro prompt có cấu trúc chặt chẽ được thiết kế để tạo ra một hình ảnh tổng hợp, trong đó một nhân vật (dựa trên hình ảnh tham chiếu) được ghép lên một ảnh chụp màn hình trang hồ sơ mạng xã hội, đang tích cực chỉ vào nút 'Follow'. Nó chỉ định tính nhất quán về danh tính, góc chụp selfie từ trên cao và cử chỉ tay chi tiết để mô phỏng việc nhấn nút đăng ký, nhằm mục đích tạo phong cách quảng cáo của người có ảnh hưởng.","{
  ""edit_type"": ""creative_composite_layering"",

  ""source"": {
    ""_hint"": ""Logic cơ bản: Nhân vật (Tham chiếu 1) được đặt LÊN TRÊN Ảnh nền (Tham chiếu 2)."",
    ""mode"": ""EDIT"",
    ""reference_images"": {
      ""first"": ""foreground_character_person"",
      ""second"": ""background_scenery_or_pattern""
    },
    ""preserve_from_first"": {
      ""same_person_or_group"": true,
      ""same_faces"": true,
      ""same_hairstyles"": true,
      ""same_outfits"": true
    }
  },

  ""identity"": {
    ""keep_identity_consistent"": true,
    ""expression"": ""bright_engaging_smile_at_camera""
  },

  ""camera_effect"": {
    ""_hint"": ""Phong cách selfie góc cao, tạo cảm giác chiều sâu giữa bàn tay và khuôn mặt."",
    ""perspective"": ""high_angle_shot_looking_down"",
    ""style"": ""social_media_call_to_action"",
    ""depth_of_field"": ""focus_on_face_and_pointing_finger"",
    ""framing"": ""character_centered_with_space_at_top_right""
  },

  ""pose"": {
    ""_hint"": ""Hành động chính: Nằm nhưng chủ động chỉ vào khu vực nút 'Theo dõi' (Trên cùng bên phải)."",
    ""pose_style"": ""lying_down_or_reclining_on_back"",
    ""face_direction"": ""looking_directly_up_into_lens"",
    ""hand_gestures"": {
      ""right_hand_action"": ""pointing_index_finger"",
      ""target_direction"": ""upper_right_corner_45_degrees"",
      ""purpose"": ""mimicking_pressing_subscribe_button"",
      ""arm_position"": ""extended_towards_camera_top_right""
    },
    ""body_language"": ""inviting_and_energetic"",
    ""style_tags"": [
      ""kpop_idol_fan_service"",
      ""influencer_promo_style"",
      ""dynamic_perspective""
    ]
  },

  ""background_integration"": {
    ""_hint"": ""Hình ảnh tham chiếu thứ hai là nền/sàn."",
    ""method"": ""full_background_replacement"",
    ""target_area"": ""entire_canvas_behind_character"",
    ""content_source"": ""reference_image_second"",
    ""perspective_match"": ""flat_lay_style"",
    ""rules"": {
      ""character_must_be_top_layer"": true,
      ""leave_space_in_upper_right_for_ui"": true
    }
  },

  ""composition"": {
    ""_hi"": """"
  }
}","[""https://cms-assets.youmind.com/media/1768890722190_d6cx29_G_Fa-sGXwAASQrG.jpg""]","{""name"":""BeautyVerse"",""url"":""https://x.com/BeautyVerse_Lab""}",https://x.com/BeautyVerse_Lab/status/2013490554466939282,"Chân dung, Nhóm người, Nhiếp ảnh, Tối giản, Sản phẩm, Nhân vật, Thời trang, Trừu tượng, Logo, UI/UX"
35,Bài đăng trên mạng xã hội - Lời nhắc tạo ảnh chân dung phong cách Glamour sòng bạc cổ điển,"Một Nano Banana prompt chi tiết để tạo ra một bức chân dung cổ điển và thanh lịch của một chủ thể đang ngồi trên ghế đẩu cao tại sàn sòng bạc. Nó chỉ định trang phục của chủ thể (váy slip dress mini màu đen với dây đeo đính đá, sandal đế xuồng chunky), môi trường (thảm họa tiết Psychedelic, ghế bar bọc đệm màu đỏ, bảng hiệu máy đánh bạc), và cài đặt máy ảnh kỹ thuật (đèn flash trực tiếp trên máy ảnh, góc cực thấp, mô phỏng máy ảnh kỹ thuật số compact những năm 2000) để đạt được một vẻ đẹp Las Vegas cổ điển, độ tương phản cao.","{
  ""image_generation_request"": {
    ""meta_settings"": {
      ""aspect_ratio"": ""9:16"",
      ""model_version"": ""v6.0"",
      ""stylize_value"": 250,
      ""quality"": ""High""
    },
    ""subject_definition"": {
      ""identity_source"": {
        ""method"": ""Image Reference"",
        ""instruction"": ""Giữ nguyên các đặc điểm khuôn mặt và tóc từ hình ảnh tham chiếu đã tải lên một cách nghiêm ngặt.""
      },
      ""body_language"": {
        ""pose"": ""Ngồi trên ghế đẩu cao, thân người nghiêng 30 độ sang trái, chân bắt chéo thanh lịch ở đầu gối để kéo dài dáng người."",
        ""hands"": ""Đặt hờ hững trên đùi trên, các ngón tay thư giãn, khoe nhẫn."",
        ""gaze"": ""Nhìn hơi xuống ống kính máy ảnh hoặc trực tiếp vào đèn flash.""
      }
    },
    ""fashion_and_styling"": {
      ""garment_main"": {
        ""item"": ""Đầm slip mini màu đen"",
        ""fabric"": ""Satin hoặc hỗn hợp lụa bóng cao"",
        ""fit"": ""Ôm sát, dáng bodycon vừa vặn"",
        ""details"": [
          ""Dây áo spaghetti làm từ đá lấp lánh"",
          ""Cổ khoét sâu"",
          ""Vạt váy mini để lộ chân""
        ]
      },
      ""footwear"": {
        ""item"": ""Sandal đế xuồng"",
        ""style"": ""Gót khối chunky, lấy cảm hứng từ thập niên 1990/Y2K"",
        ""material"": ""Da bóng hoặc satin đen"",
        ""details"": ""Quai mắt cá chân khóa bạc, hở mũi""
      }
    },
    ""jewelry"": {
      ""ears"": ""Khuyên tai vòng bạc sterling cỡ lớn"",
      ""hands"": ""Nhiều nhẫn bạc xếp chồng tinh xảo""
    },
    ""environmental_context"": {
      ""location"": ""Sàn Casino Cổ điển"",
      ""flooring"": {
        ""type"": ""Thảm hoa văn"",
        ""texture"": ""Nylon đã sờn"",
        ""design"": ""Các xoáy nước ảo giác màu xanh mòng két, cam cháy và xanh hoàng gia"",
        ""vibe"": ""Thẩm mỹ Las Vegas cổ điển""
      },
      ""furniture"": {
        ""item"": ""Ghế bar casino"",
        ""material"": ""Ghế bọc da giả màu đỏ có nút"",
        ""base"": ""Đế kim loại bằng đồng hoặc vàng bị xỉn màu với chỗ để chân""
      },
      ""props_and_background"": {
        ""primary_prop"": ""Máy đánh bạc"",
        ""prop_details"": ""Bảng hiệu được chiếu sáng với dòng chữ '{argument name=\""Slot Machine Marquee\"" default=\""TRIPLE JACKPOT GEMS\""}', các nút phát sáng, phản chiếu màn hình kính"",
        ""atmosphere"": ""Bối cảnh mờ ảo, đông đúc, khói thuốc với ánh sáng bokeh từ các máy khác""
      }
    },
    ""photography_technical"": {
      ""camera_simulation"": ""Máy ảnh kỹ thuật số compact đầu những năm 2000 (ví dụ: Sony Cybershot hoặc Canon PowerShot)"",
      ""lighting_style"": {
        ""type"": ""Đèn flash trực tiếp trên máy ảnh"",
        ""characteristics"": [
          ""Bóng đổ sắc nét ngay phía sau chủ thể"",
          ""Độ tương phản cao"",
          ""Điểm sáng quá mức trên da và vải"",
          ""Góc bị tối""
        ]
      },
      ""composition"": {
        ""angle"": ""Góc cực thấp (Góc nhìn từ dưới lên)"",
        ""focus"": ""Lấy nét sắc nét vào chủ thể, làm mờ nhẹ hậu cảnh"",
        ""framing"": ""Chụp toàn thân nhấn mạnh""
      }
    }
  }
}","[""https://cms-assets.youmind.com/media/1768890722879_12446f_G_EOXDUXMAARheL.jpg""]","{""name"":""Adam也叫吉米"",""url"":""https://x.com/Adam38363368936""}",https://x.com/Adam38363368936/status/2013406753770119423,"Chân dung, Nhiếp ảnh, Điện ảnh, Cổ điển, Nhân vật, Thời trang, Văn bản, Logo"
39,Bài đăng trên mạng xã hội - Lời nhắc chụp ảnh selfie gương bằng iPhone để thay thế nhân vật,"Một lời nhắc định dạng JSON cực kỳ chi tiết được thiết kế để tạo ra một bức ảnh selfie gương iPhone siêu thực. Nó chỉ định các thông số kỹ thuật phức tạp như độ phân giải 8K, xử lý Apple Smart HDR và các thuộc tính chủ thể chi tiết (tư thế, quần áo, kết cấu) đồng thời yêu cầu rõ ràng thay thế chủ thể mặc định bằng một nhân vật tham chiếu được cung cấp, làm cho nó lý tưởng để tạo ra hình ảnh khóa danh tính.","{
  ""prompt_type"": ""chụp ảnh selfie qua gương bằng iPhone"",
  ""capture_device"": {
    ""device"": ""iPhone Pro"",
    ""camera_mode"": ""Selfie qua gương - Chân dung"",
    ""lens_equivalent"": ""ống kính góc rộng phía sau iPhone"",
    ""processing"": ""Apple Smart HDR + Deep Fusion"",
    ""look"": ""phản chiếu qua gương tự nhiên, rõ ràng, chân thực""
  },
  ""quality"": {
    ""resolution"": ""8K"",
    ""sharpness"": ""độ sắc nét tự nhiên cao"",
    ""detail_level"": ""chi tiết cực kỳ tinh xảo"",
    ""texture"": ""vải thật, kết cấu da thật"",
    ""noise"": ""nhiễu cảm biến iPhone tự nhiên rất nhẹ"",
    ""dynamic_range"": ""vùng sáng và vùng tối cân bằng""
  },
  ""subject"": {
    ""type"": ""nhân vật nữ"",
    ""identity"": ""{argument name=\""reference character\"" default=\""REFERENCE_CHARACTER\""}"",
    ""replacement_instruction"": ""Thay thế cô gái ban đầu bằng nhân vật tham chiếu được cung cấp trong khi vẫn giữ nguyên tư thế, tỷ lệ cơ thể, ánh sáng, phản chiếu và tính chân thực"",
    ""age"": ""người lớn"",
    ""body"": {
      ""build"": ""cân đối, nữ tính, đường cong tự nhiên"",
      ""proportions"": ""giải phẫu cơ thể người thực tế"",
      ""skin"": ""kết cấu da tự nhiên, lỗ chân lông có thể nhìn thấy, không làm mịn""
    },
    ""expression"": {
      ""emotion"": ""bình tĩnh, tự tin, thư thái"",
      ""face"": ""biểu cảm nhẹ nhàng trung tính"",
      ""gaze"": ""nhìn vào màn hình điện thoại qua gương""
    },
    ""pose"": {
      ""position"": ""ngồi trên mép giường"",
      ""legs"": ""khép lại, bàn chân chạm sàn"",
      ""arms"": ""một tay cầm điện thoại, tay còn lại đặt trên giường"",
      ""posture"": ""thẳng lưng nhưng thư giãn""
    },
    ""hair"": {
      ""style"": ""dài, gợn sóng nhẹ"",
      ""texture"": ""độ phồng tự nhiên, từng sợi tóc có thể nhìn thấy""
    }
  },
  ""clothing"": {
    ""outfit"": ""bodysuit liền thân bó sát"",
    ""design"": ""{argument name=\""bodysuit design\"" default=\""màu đen với họa tiết mạng nhện đỏ\""}"",
    ""fit"": ""ôm sát, thể thao"",
    ""fabric"": {
      ""material"": ""vải tổng hợp co giãn"",
      ""texture"": ""mịn với độ bóng nhẹ"",
      ""behavior"": ""ôm sát cơ thể một cách tự nhiên""
    }
  },
  ""environment"": {
    ""location"": ""phòng ngủ hiện đại tối giản"",
    ""mirror"": ""gương toàn thân khung gỗ"",
    ""bed"": {
      ""style"": ""khung giường gỗ đơn giản"",
      ""bedding"": ""chăn bông họa tiết trung tính""
    },
    ""floor"": ""sàn gỗ sáng màu"",
    ""decor"": ""nội thất tối giản, sạch sẽ, tông màu ấm"",
    ""atmosphere"": ""không gian trong nhà yên tĩnh, ấm cúng, riêng tư""
  },
  ""lighting"": {
    ""primary_light"": ""ánh sáng môi trường trong nhà ấm áp"",
    ""secondary_light"": ""ánh sáng trần hoặc tường dịu nhẹ"",
    ""style"": ""iPhone indoor Smart HDR"",
    ""shadows"": ""mềm mại và tự nhiên"",
    ""white_balance"": ""tông màu trung tính ấm áp trong nhà""
  },
  ""camera"": {
    ""angle"": ""góc gương thẳng"",
    ""distance"": ""toàn thân có thể nhìn thấy trong gương"",
    ""framing"": ""selfie toàn thân qua gương"",
    ""depth_of_field"": ""độ sâu trường ảnh nông tự nhiên từ xử lý chân dung"",
    ""focus"": ""lấy nét sắc nét vào phản chiếu của chủ thể""
  },
  ""style"": {
    ""genre"": ""selfie qua gương bằng iPhone chân thực"",
    ""aesthetic"": ""sạch sẽ, hiện đại, chân thực như trên mạng xã hội"",
    ""color_science"": ""màu sắc tự nhiên của Apple""
  }
}","[""https://cms-assets.youmind.com/media/1768890684295_adr050_G_Dlz8qX0AECzSk.jpg""]","{""name"":""Clara"",""url"":""https://x.com/veclaraa""}",https://x.com/veclaraa/status/2013362053948268625,"Chân dung, Nhiếp ảnh, Điện ảnh, Tối giản, Nội thất, Nhân vật, Thời trang, Văn bản, Logo, UI/UX"
43,Bài đăng trên mạng xã hội - Cảnh phim lãng mạn trên vòng quay ngựa gỗ với Identity Lock,"Một lời nhắc JSON phức tạp, có nhiều ràng buộc cho Nano Banana Pro được thiết kế để tạo ra một cảnh quay điện ảnh siêu chân thực về một cặp đôi trên vòng quay ngựa gỗ trong nhà vào ban đêm. Nó yêu cầu khóa nhận dạng nghiêm ngặt dựa trên hai hình ảnh tham chiếu đã tải lên, cài đặt máy ảnh cụ thể (35mm, f/2.0), ánh sáng tungsten ấm áp và các ràng buộc chi tiết về tư thế và môi trường để đạt được tính thẩm mỹ của thể loại romcom.","{
  ""generation_request"": {
    ""meta_data"": {
      ""tool"": ""NanoBanana Pro"",
      ""task_type"": ""photoreal_cinematic_carousel_couple_close_scene"",
      ""version"": ""v1.0_CAROUSEL_RIDE_ROMCOM_WARM_LIGHTS_POSE_LOCK"",
      ""priority"": ""highest""
    },
    ""references"": {
      ""female_reference_image"": {
        ""slot"": 1,
        ""purpose"": ""FEMALE_IDENTITY_LOCK"",
        ""strict_identity_lock"": true,
        ""no_beautify"": true
      },
      ""male_reference_image"": {
        ""slot"": 2,
        ""purpose"": ""MALE_IDENTITY_LOCK"",
        ""strict_identity_lock"": true,
        ""no_beautify"": true
      },
      ""composition_reference_image"": {
        ""source"": ""UPLOAD_REFERENCE_IMAGE (OPTIONAL)"",
        ""purpose"": ""EXACT_COMPOSITION_LIGHTING_WARDROBE_ENV_LOCK"",
        ""strict_lock"": true,
        ""no_layout_drift"": true,
        ""preserve_framing"": true
      }
    },
    ""output_settings"": {
      ""aspect_ratio"": ""4:5"",
      ""orientation"": ""portrait"",
      ""resolution"": ""ultra_high_res"",
      ""render_style"": ""ultra_photoreal_cinematic_lifestyle"",
      ""sharpness"": ""crisp_faces_natural_texture"",
      ""film_grain"": ""subtle_analog"",
      ""color_grade"": ""warm_carnival_golden""
    },
    ""hard_constraints"": [
      ""Chỉ có đúng 2 người (một nữ, một nam)."",
      ""Khuôn mặt phải khớp với ảnh tham chiếu đã tải lên với độ tương đồng tối đa (không biến dạng, không lệch nhận dạng)."",
      ""Chỉ ảnh chân thực: kết cấu da tự nhiên, không dùng bộ lọc làm đẹp, không làm mịn da nhân tạo."",
      ""Bối cảnh vòng quay ngựa gỗ: trần nhà trang trí công phu có thể nhìn thấy + bóng đèn ấm áp + cột vòng quay ngựa gỗ + ngựa gỗ được sơn."",
      ""Khớp logic tư thế tham chiếu: cặp đôi trên ngựa gỗ, nhìn nhau và mỉm cười."",
      ""Không có chữ có thể đọc được, không logo, không hình mờ."",
      ""Giải phẫu chính xác: tay nắm cột tự nhiên, tư thế ngồi trên ngựa gỗ thực tế.""
    ],
    ""camera"": {
      ""style"": ""ảnh phong cách điện ảnh"",
      ""lens"": ""35mm"",
      ""aperture"": ""f/2.0"",
      ""focus"": ""sắc nét trên cả hai khuôn mặt, làm mờ nhẹ nhàng hậu cảnh"",
      ""shutter_speed"": ""1/125"",
      ""iso"": 800,
      ""white_balance"": ""warm_tungsten_carnival""
    },
    ""lighting"": {
      ""type"": ""bóng đèn vòng quay ngựa gỗ + ánh sáng xung quanh ấm áp"",
      ""contrast"": ""trung bình"",
      ""highlights"": ""ánh sáng phản chiếu mềm mại trên tóc và vải denim, kiểm soát trên da"",
      ""shadows"": ""mềm mại, chuyển tiếp tự nhiên""
    },
    ""prompt"": {
      ""scene_summary"": ""Cảnh phim lãng mạn hài hước siêu chân thực, đậm chất điện ảnh trên vòng quay ngựa gỗ trong nhà vào ban đêm. Trần vòng quay ngựa gỗ trang trí công phu chiếm phần trên của khung hình với các chi tiết trang trí cổ điển và hàng bóng đèn phát sáng ấm áp. Ở tiền cảnh, đầu ngựa gỗ và cột vòng quay ngựa gỗ có thể nhìn thấy, với các chi tiết cổ điển phong phú (viền vàng, điểm nhấn yên ngựa đầy màu sắc). \n\nChỉ có hai người: người nam ngồi thấp hơn một chút trên ngựa gỗ, hai tay nắm cột dọc và nhìn lên người nữ với nụ cười dịu dàng. Người nữ ngồi trên con ngựa kế bên, hơi nghiêng về phía anh ấy, mỉm cười đáp lại một cách ấm áp. Khuôn mặt của họ là""
    }
  }
}","[""https://cms-assets.youmind.com/media/1768890707867_4q2zcp_G_DcduGWQAAl3Hr.jpg""]","{""name"":""Özge Döner"",""url"":""https://x.com/astronomerozge1""}",https://x.com/astronomerozge1/status/2013351484008620139,"Chân dung, Nhóm người, Nhiếp ảnh, Điện ảnh, 3D, Cổ điển, Nhân vật, Xe cộ, Văn bản, Logo, Meme"
44,Bài đăng trên mạng xã hội - Cảnh hôn trong thang máy siêu thực như phim điện ảnh,"Một JSON prompt rất cụ thể để tạo ra một bức ảnh tĩnh siêu chân thực, mang phong cách điện ảnh về một cặp đôi đang hôn nhau bên trong thang máy, được đóng khung bởi cánh cửa vàng đang khép hờ. Nó yêu cầu khóa nhận diện nghiêm ngặt (cần ảnh tham chiếu), khung hình chụp lén mang tính voyeuristic và ánh sáng vàng ấm để gợi lên không khí của một khách sạn sang trọng.","{
  ""generation_request"": {
    ""meta_data"": {
      ""tool"": ""NanoBanana Pro"",
      ""task_type"": ""photoreal_modern_romance"",
      ""version"": ""v1.0_ELEVATOR_DOORS_KISS_CINEMATIC_EN"",
      ""priority"": ""highest"",
      ""language"": ""vi""
    },
    ""references"": {
      ""reference_image_1"": {
        ""source"": ""UPLOAD_REFERENCE_IMAGE (OPTIONAL)"",
        ""purpose"": ""COMPOSITION_MOOD_ANCHOR"",
        ""strict_lock"": false,
        ""preserve_mood"": true
      },
      ""reference_image_female"": {
        ""source"": ""UPLOAD_REFERENCE_IMAGE (OPTIONAL)"",
        ""purpose"": ""FACE_IDENTITY_LOCK_FEMALE"",
        ""strict_lock"": true,
        ""face_similarity_priority"": ""MAX"",
        ""no_identity_blending"": true,
        ""no_beautify"": true,
        ""no_age_shift"": true,
        ""preserve_skin_texture"": true,
        ""preserve_facial_proportions"": true
      },
      ""reference_image_male"": {
        ""source"": ""UPLOAD_REFERENCE_IMAGE (OPTIONAL)"",
        ""purpose"": ""FACE_IDENTITY_LOCK_MALE"",
        ""strict_lock"": true,
        ""face_similarity_priority"": ""MAX"",
        ""no_identity_blending"": true,
        ""no_beautify"": true,
        ""no_age_shift"": true,
        ""preserve_skin_texture"": true,
        ""preserve_facial_proportions"": true
      }
    },
    ""global_constraints"": {
      ""rating"": ""PG-13"",
      ""no_explicit_sexual_content"": true,
      ""no_nudity"": true,
      ""no_text"": true,
      ""no_logos"": true,
      ""no_watermark"": true
    },
    ""output_settings"": {
      ""aspect_ratio"": ""9:16"",
      ""orientation"": ""portrait"",
      ""resolution_target"": ""ultra_high_res"",
      ""render_style"": ""ultra_photoreal_cinematic_film_still"",
      ""sharpness"": ""crisp_but_natural"",
      ""film_grain"": ""subtle_35mm"",
      ""color_grade"": ""warm_amber_luxury_hotel"",
      ""dynamic_range"": ""natural_not_hdr"",
      ""skin_rendering"": ""real_texture_no_retouch""
    },
    ""global_rules"": {
      ""camera_language"": ""85mm, long-shot through partially closing elevator doors, centered symmetry, voyeuristic candid framing, shallow depth of field"",
      ""lighting_language"": ""warm tungsten practicals inside elevator, dim hallway outside, cinematic contrast without HDR"",
      ""authenticity_markers"": ""no AI glow, no over-sharpening, realistic shadows, natural film halation""
    },
    ""creative_prompt"": {
      ""scene_summary"": ""Một khoảnh khắc điện ảnh, siêu chân thực được nhìn từ hành lang: một cặp đôi đang hôn nhau bên trong thang máy khi cánh cửa thang máy màu vàng gần như đã đóng lại, chỉ còn một khe hẹp theo chiều dọc để nhìn thấy họ. Bối cảnh tạo cảm giác như một tòa nhà cổ sang trọng hoặc khách sạn với những bức tường đá và thang máy bằng đồng cổ điển."",
      ""subjects"": {
        ""count"": 2,
        ""description"": ""một cặp đôi trưởng thành thực sự, thanh lịch và hiện đại"",
        ""expression"": ""đam mê nhưng tinh tế, thân mật và vui vẻ"",
        ""skin_and_face"": ""kết cấu thật, không chỉnh sửa, lỗ chân lông tự nhiên""
      },
      ""pose_and_micro_action"": ""Người đàn ông nghiêng người để hôn; một tay vòng qua eo cô gái. Người phụ nữ""
    }
  }
}","[""https://cms-assets.youmind.com/media/1768890674871_fl0e5p_G_DVyG6XQAAVcDg.jpg""]","{""name"":""Özge Döner"",""url"":""https://x.com/astronomerozge1""}",https://x.com/astronomerozge1/status/2013344143116734757,"Chân dung, Nhóm người, Nhiếp ảnh, Điện ảnh, 3D, Cổ điển, Nhân vật, Thành phố, Văn bản, Logo, UI/UX"
51,Infographic / Hình ảnh giáo dục - Minh họa Quảng cáo Sữa 3D Thu nhỏ Kỳ ảo,"Một lời nhắc văn bản chi tiết cho Gemini Nano Banana Pro để tạo ra hình minh họa diorama 3D thu nhỏ cao cấp cho Nestlé, với những công nhân tí hon vận hành máy móc xung quanh một chai sữa khổng lồ theo phong cách thương hiệu thực phẩm cao cấp, vui tươi, đặt trong khung cảnh trang trại quyến rũ.","Một hình minh họa quảng cáo theo phong cách diorama 3D thu nhỏ, cao cấp, kỳ ảo về một cảnh sản xuất sữa với tính thẩm mỹ thương hiệu thực phẩm vui tươi nhưng cao cấp. Ở trung tâm là một chai sữa Nestlé khổng lồ giống hệt bao bì Nestlé thật: một chai hình trụ màu trắng đục mịn với những đường cong tinh tế và nhãn logo Nestlé màu đỏ cổ điển, chắc chắn và không bằng thủy tinh, được đặt trực tiếp trên một bệ công nghiệp bằng kim loại. Sữa tươi đang được đổ từ các thùng chứa và đường ống do công nhân vận hành vào miệng chai, với kết cấu kem mịn, thanh lịch có thể nhìn thấy rõ bên trong; sữa không từ trên trời rơi xuống mà có nguồn gốc vật lý rõ ràng. Những công nhân nhỏ bé trong bộ đồ liền thân màu {argument name=""worker uniform color"" default=""vàng""} sáng và mũ bảo hiểm an toàn màu vàng đang tích cực vận hành quy trình: hai người đứng trên giàn giáo kim loại phía trên chai cẩn thận đổ sữa từ các thùng có tay cầm, trong khi những người khác đẩy hộp carton, hướng dẫn sản phẩm dọc theo băng chuyền và vận hành máy móc sữa nhỏ gọn với tư thế phối hợp, tập trung. Ở tiền cảnh, các sản phẩm sữa di chuyển tự nhiên dọc theo dây chuyền băng tải. Xung quanh bệ là thảm cỏ xanh tươi với những bông hoa dại nhỏ màu trắng và vàng. Bối cảnh là một phong cảnh trang trại quyến rũ với những cánh đồng xanh nhấp nhô, một chuồng trại bằng gỗ đỏ với viền trắng, một con bò đen trắng bình tĩnh đang gặm cỏ gần đó và một cối xay gió màu trắng trên những ngọn đồi thoai thoải dưới bầu trời xanh sống động với những đám mây trắng mềm mại. Ánh sáng là ánh sáng ban ngày ấm áp, dịu nhẹ với bóng đổ nhẹ nhàng và điểm nhấn tinh tế, tạo nên một vẻ ngoài quảng cáo sạch sẽ, đáng tin cậy. Phong cách tổng thể là hình minh họa thương mại cao cấp, vui tươi, chi tiết phong phú với bố cục kể chuyện mạnh mẽ, bố cục cân đối, bảng màu pastel, độ sâu trường ảnh sâu, chi tiết cực kỳ sắc nét, độ tương phản tỷ lệ thu nhỏ điện ảnh—rõ ràng là một hình minh họa, không phải nhiếp ảnh, không phải màn hình mô hình và không được bao bọc trong bất kỳ mái vòm hoặc tủ trưng bày bằng kính nào.","[""https://cms-assets.youmind.com/media/1768804287448_3ga4jo_G-7_3dYW8AEpY0i.jpg""]","{""name"":""Latte"",""url"":""https://x.com/0xbisc""}",https://x.com/0xbisc/status/2012828926633250902,"Nhiếp ảnh, Điện ảnh, Minh họa, 3D, Cổ điển, Thiên nhiên, Sản phẩm, Xe cộ, Logo, UI/UX, Giáo dục"
52,Infographic / Hình ảnh giáo dục - Trực quan hóa phát minh sản phẩm lưới 2x2 (Bằng sáng chế/Tiếp thị),"Một lời nhắc phức tạp, đa bảng được thiết kế để hình dung việc phát minh và tiếp thị một sản phẩm mới bằng cách kết hợp hai khái niệm (hoặc phát triển một khái niệm). Nó yêu cầu cấu trúc lưới 2x2, với mỗi góc phần tư đòi hỏi một phong cách hình ảnh riêng biệt: bản vẽ kỹ thuật đường nét (Exploded Patent View), sơ đồ nguyên lý (Functional Diagram), kết xuất chân thực (Photorealistic Render) và bố cục biên tập (Marketing Pitch). Lời nhắc hoạt động như một nhà thiết kế công nghiệp, tập trung vào sự gắn kết giữa các bảng và tính thẩm mỹ tối giản, điện tử tiêu dùng.","Biến đầu vào: {argument name=""input objects"" default=""[CHÈN 1 hoặc 2 ĐỐI TƯỢNG]""}
Hướng dẫn:
Hãy đóng vai trò là một Nhà thiết kế công nghiệp có tầm nhìn và Thư ký bằng sáng chế. Tạo một Lưới 2x2 để hình dung việc phát minh ra một sản phẩm mới dựa trên Đầu vào.
Logic Đổi mới:
Phân tích Chức năng: Xác định tiện ích chính của Đầu vào A và Đầu vào B.
Sự kết hợp: Kết hợp chúng thành một thiết bị duy nhất, gắn kết, giải quyết một vấn đề cụ thể (ngách).
Nếu 2 Đầu vào: Kết hợp chúng (ví dụ: Cốc + Dụng cụ bào = Một chiếc cốc tự làm mát có dụng cụ bào trang trí).
Nếu 1 Đầu vào: Phát triển nó (ví dụ: Bàn chải đánh răng = Một cây đũa thông minh tự khử trùng, bơm kem đánh răng).
Thương hiệu: Tạo một tên sản phẩm hấp dẫn, mang tính doanh nghiệp (ví dụ: ""The Breeze-Grate™"", ""Solar-Brella Pro"").
Cấu trúc Hình ảnh (Lưới 2x2):
QUAN TRỌNG: Hình ảnh phải được chia thành 4 góc phần tư riêng biệt với các phong cách hình ảnh khác nhau.
Bảng 1 (Trên cùng bên trái): Chế độ xem bằng sáng chế tách rời
Phong cách: Nghệ thuật đường nét kỹ thuật đen trắng. Các đường nét mỏng, rõ ràng, không đổ bóng.
Nội dung: Một ""Chế độ xem tách rời"" đẳng cự của thiết bị, hiển thị động cơ, pin hoặc cơ chế bên trong được tách ra khỏi vỏ.
Chi tiết: Thêm các Đường dẫn có số (10, 12, 14) chỉ vào các bộ phận cụ thể.
Bảng 2 (Trên cùng bên phải): Sơ đồ chức năng
Phong cách: Sơ đồ đen trắng với các mũi tên đậm.
Nội dung: Một mặt cắt ngang hoặc bản vẽ ""Đang sử dụng"" cho thấy cách thiết bị hoạt động. Sử dụng Mũi tên hành động để hiển thị luồng không khí, sự quay hoặc chuyển động của chất lỏng.
Chi tiết: Hiển thị ""Kết quả"" (ví dụ: phô mai rơi, nước phun).
Bảng 3 (Dưới cùng bên trái): Hình ảnh sản phẩm
Phong cách: Chụp ảnh studio cao cấp. Màu sắc, bóng bẩy, thẩm mỹ thiết kế ""Apple/Braun"".
Nội dung: Sản phẩm vật lý cuối cùng đặt trên một bề mặt phản chiếu màu trắng. Nó phải trông bóng bẩy, sử dụng các vật liệu như Gốm trắng, Nhôm xước hoặc Nhựa mờ.
Ngữ cảnh: Bao gồm một đạo cụ nhỏ để thể hiện tỷ lệ (ví dụ: một khối phô mai, một hạt cà phê, một bàn tay).
Bảng 4 (Dưới cùng bên phải): Bài quảng cáo tiếp thị
Phong cách: Bố cục tạp chí biên tập. Nền trắng, chữ đen.
Kiểu chữ:
Tiêu đề: Chữ Serif lớn, đậm hiển thị [Tên phát minh].
Nội dung: Một khối văn bản ""Lorem Ipsum"" sạch sẽ hoặc văn bản dễ đọc mô tả ""Các tính năng mang tính cách mạng"".
Dấu đầu dòng: Một danh sách nhỏ các thông số kỹ thuật (ví dụ: ""An toàn với máy rửa chén"", ""USB-C"").
Cú pháp hình ảnh:
Tính gắn kết: Thiết kế sản phẩm trong Bảng 3 phải hoàn toàn khớp với nghệ thuật đường nét trong Bảng 1.
Ngôn ngữ thiết kế: Tối giản, Công thái học, thẩm mỹ Điện tử tiêu dùng. Ngay cả khi ý tưởng ngớ ngẩn, thiết kế phải trông đắt tiền.
Đầu ra: Lưới 2x2, Đa phương tiện (Nghệ thuật đường nét so với Chủ nghĩa hiện thực ảnh), Độ phân giải 8k, Thẩm mỹ ""Chiến dịch Kickstarter"".","[""https://cms-assets.youmind.com/media/1768717570742_yazze1_G-rI4thagAAXCjf.jpg""]","{""name"":""Gadgetify"",""url"":""https://x.com/Gdgtify""}",https://x.com/Gdgtify/status/2012487062180549031,"Nhiếp ảnh, Minh họa, 3D, Tối giản, Sản phẩm, Xe cộ, Văn bản, UI/UX, Giáo dục"
58,Hình thu nhỏ trên YouTube - Master Prompt cho Quảng cáo Sân vận động Chung kết NBA,"Một 'Master Prompt' do người dùng phát triển dành cho mô hình Nano Banana PRO, được thiết kế để tạo ra những hình ảnh quảng cáo sân vận động NBA chân thực, đẳng cấp cao, nắm bắt được năng lượng sôi động trước trận đấu của bất kỳ đội bóng nào, vượt xa việc chỉ đặt logo đơn thuần.","""Master Prompt"" sử dụng mô hình Nano Banana PRO tạo ra các quảng cáo đấu trường đẳng cấp. Nó không chỉ đặt logo lên sân đấu; nó còn nắm bắt được năng lượng sôi động trước trận đấu của bất kỳ đội bóng nào.","[""https://cms-assets.youmind.com/media/1768890704156_eyf5yo_G_DE2BwWEAA_8rY.jpg"",""https://cms-assets.youmind.com/media/1768890704156_wt3cww_G_DE2OVXMAEcrl6.jpg""]","{""name"":""PSS"",""url"":""https://x.com/PromptSin""}",https://x.com/PromptSin/status/2013325472831078636,"Sản phẩm, Logo"
60,Hình thu nhỏ trên YouTube - Gợi ý tạo ảnh chân dung Ana de Armas trên thảm đỏ (váy vàng và đỏ),"Hai lời nhắc JSON cực kỳ chi tiết để tạo ra những bức chân dung siêu thực, độ phân giải 8K của Ana de Armas trên thảm đỏ. Các lời nhắc chỉ định danh tính người nổi tiếng, tư thế, chi tiết trang phục haute couture phức tạp (váy ngắn màu vàng hoặc đỏ với họa tiết hình học màu đen), ánh sáng điện ảnh (đèn flash chuyên nghiệp dịu nhẹ) và cài đặt máy ảnh kỹ thuật (ống kính 85mm, khẩu độ f/1.8, nền bokeh), cùng với danh sách lời nhắc phủ định toàn diện.","{
  ""image_prompt"": {
    ""subject"": {
      ""name"": ""{argument name=\""celebrity name\"" default=\""Ana de Armas\""}"",
      ""description"": ""người phụ nữ trẻ với mái tóc vàng óng dài ngang vai được cắt lớp, gợn sóng nhẹ, mắt xanh, trang điểm tự nhiên nhẹ nhàng với son môi hồng nude, làn da sáng mịn, vòng cổ ngọc trai"",
      ""pose"": ""nhìn thẳng vào máy ảnh, mỉm cười nhẹ, dáng đứng tự tin trên thảm đỏ, ảnh chân dung từ đầu đến vai""
    },
    ""outfit"": {
      ""item"": ""Đầm {argument name=\""outfit color\"" default=\""Yellow\""}"",
      ""details"": ""họa tiết mạng lưới hình học đính hạt đen trên nền vải xuyên thấu màu nude, cổ áo hình trái tim, thêu kim sa đen tinh xảo, không tay, phom dáng cứng cáp"",
      ""style"": ""quyến rũ, thời trang cao cấp, haute couture""
    },
    ""environment"": {
      ""setting"": ""sự kiện thảm đỏ ra mắt phim"",
      ""background"": ""tường truyền thông mờ tối với các logo trắng và đỏ không thể nhận dạng, phông nền sự kiện chuyên nghiệp"",
      ""atmosphere"": ""độc quyền, điện ảnh, có sự xuất hiện của người nổi tiếng""
    },
    ""technical_specs"": {
      ""lighting"": ""ánh sáng flash chuyên nghiệp dịu nhẹ, ánh sáng viền tóc, chiếu sáng đều khuôn mặt, không có bóng đổ gắt"",
      ""camera"": ""ống kính 85mm, khẩu độ f/1.8, lấy nét sắc nét vào mắt, hậu cảnh bokeh"",
      ""quality"": ""độ phân giải 8k, siêu thực, kết cấu chi tiết cao, ảnh thô, chủ nghĩa hiện thực ảnh, kiệt tác"",
      ""aspect_ratio"": ""9:16""
    }
  },
  ""negative_prompt"": ""hoạt hình, minh họa, tranh vẽ, bản vẽ, giải phẫu kém, mờ, chất lượng thấp, mắt méo mó, văn bản, hình mờ, logo, quá bão hòa, tóc rối, sai khuôn mặt"",
  ""parameters"": {
    ""size"": ""highest_resolution"",
    ""orientation"": ""vertical"",
    ""style_preset"": ""photographic""
  }
}

{
  ""image_prompt"": {
    ""subject"": {
      ""name"": ""Ana de Armas"",
      ""description"": ""người phụ nữ trẻ với mái tóc đen dài ngang vai được cắt lớp, gợn sóng nhẹ, mắt xanh, trang điểm tự nhiên nhẹ nhàng với son môi hồng nude, làn da sáng mịn, vòng cổ ngọc trai"",
      ""pose"": ""nhìn thẳng vào máy ảnh, mỉm cười nhẹ, dáng đứng tự tin trên thảm đỏ, toàn thân""
    },
    ""outfit"": {
      ""item"": ""Đầm mini màu đỏ"",
      ""details"": ""họa tiết mạng lưới hình học đính hạt đen trên nền vải xuyên thấu màu nude, cổ áo hình trái tim, thêu kim sa đen tinh xảo, không tay, phom dáng cứng cáp, sandal cao gót màu đỏ"",
      ""style"": ""quyến rũ, thời trang cao cấp, haute couture""
    },
    ""environment"": {
      ""setting"": ""sự kiện thảm đỏ ra mắt phim"",
      ""background"": ""tường truyền thông màu đỏ thẫm mờ với các logo trắng và đỏ không thể nhận dạng, phông nền sự kiện chuyên nghiệp"",
      ""atmosphere"": ""độc quyền, điện ảnh, có sự xuất hiện của người nổi tiếng""
    },
    ""technical_specs"": {
      ""lighting"": ""ánh sáng flash chuyên nghiệp dịu nhẹ, ánh sáng viền tóc, chiếu sáng đều khuôn mặt, không có bóng đổ gắt"",
      ""camera"": ""ống kính 85mm, khẩu độ f/1.8, lấy nét sắc nét vào mắt, hậu cảnh bokeh"",
      ""quality"": ""độ phân giải 8k, siêu thực, kết cấu chi tiết cao, ảnh thô, chủ nghĩa hiện thực ảnh, kiệt tác"",
      ""aspect_ratio"": ""9:16""
    }
  }
}","[""https://cms-assets.youmind.com/media/1768890686290_u0dby9_G_AiGT1W4AAzigm.jpg""]","{""name"":""Artificial intelligence (Ai),Open Ai"",""url"":""https://x.com/Vishnudxe""}",https://x.com/Vishnudxe/status/2013146529314545854,"Chân dung, Nhiếp ảnh, Điện ảnh, Minh họa, Anime, Thời trang, Logo"
65,Hình thu nhỏ trên YouTube - Chân dung tổng hợp và đồ họa thống kê của vận động viên Cricket,"Một lời nhắc để tạo ra một bức chân dung tổng hợp động của một vận động viên cricket Ấn Độ (Shreyas Iyer) trong chiếc áo đấu của đội Royal Challengers Bangalore. Bố cục bao gồm một bức chân dung cận cảnh lớn, một bức ảnh hành động nhỏ hơn (ăn mừng) và một bức ảnh lồng ghép thứ ba (đánh bóng), tất cả được đặt trên nền đỏ đậm với biểu tượng sư tử vàng. Lời nhắc cũng yêu cầu bao gồm các số liệu thống kê IPL 2025 cụ thể thông qua kiểu chữ.","Một bức chân dung tổng hợp sống động của vận động viên cricket Ấn Độ {argument name=""cricketer name"" default=""you neme""} trong chiếc áo đấu Royal Challengers Bangalore của anh ấy, nổi bật trên nền đỏ đậm với biểu tượng sư tử vàng cách điệu. Bố cục có một bức chân dung lớn, cận cảnh của Iyer ở tiền cảnh, nhìn thẳng vào người xem với vẻ mặt nghiêm túc, mái tóc đen ngắn và bộ râu được cắt tỉa gọn gàng. Phía sau anh ấy, một hình ảnh nhỏ hơn, tập trung vào hành động cho thấy anh ấy đang ăn mừng giữa trận đấu, miệng mở rộng trong chiến thắng, mặc chiếc áo đấu màu đỏ tương tự với logo ""DREAM11"" và ""KINGS"". Một hình ảnh nhỏ thứ ba mô tả anh ấy đang đánh bóng trong trang phục đầy đủ, giữa cú vung gậy. Anh ấy mặc một chiếc áo đấu dài tay màu đỏ với các điểm nhấn màu vàng, quần xanh và miếng đệm cricket. Ánh sáng kịch tính và giống như studio, làm nổi bật các đặc điểm của anh ấy và màu đỏ rực rỡ của đồng phục. Nền là màu đỏ đậm với logo sư tử vàng phát sáng, gợi lên bản sắc đội. Các yếu tố văn bản ở bên trái hiển thị số liệu thống kê IPL 2025 của anh ấy: {argument name=""innings"" default=""13""} hiệp, {argument name=""runs"" default=""604""} lần chạy, trung bình 50.33, tỷ lệ tấn công 175.07 và 6 lần năm mươi. Phong cách tổng thể là một đồ họa thể thao có tác động mạnh, kết hợp nhiếp ảnh chân thực với kiểu chữ đậm và các yếu tố thiết kế đồ họa.","[""https://cms-assets.youmind.com/media/1768631151407_0jdh62_G-zzQ8TbgAAwLlu.jpg""]","{""name"":""हम हिन्दुस्तानी ♥️"",""url"":""https://x.com/AiVIRALFUN""}",https://x.com/AiVIRALFUN/status/2012250609567826431,"Chân dung, Nhiếp ảnh, Xe cộ, Văn bản, Logo"
67,Hình thu nhỏ trên YouTube - Hình thu nhỏ YouTube: Phản ứng của Trump trước Chatham House,"Một lời nhắc để tạo hình thu nhỏ YouTube có tác động mạnh với cấu trúc hình ảnh cụ thể: hình cắt Trump chiến thắng ở bên phải và một nhân vật doanh nghiệp bị sốc (người đứng đầu Chatham House) ở bên trái, phủ lên trên là dòng chữ 'THEY CONFESSED'. Đây là một lời nhắc đồ họa theo phong cách chính trị/tin tức.","Hình thu nhỏ YouTube có tác động cao. Cấu trúc hình ảnh: Bên phải: Một hình cắt lớn, được chiếu sáng tốt của {argument name=""figure 1"" default=""Trump đang cười tự mãn hoặc trông đắc thắng với động tác \""giơ ngón cái\"" và nụ cười tự tin""}. Ông ấy nên hơi quay mặt sang trái. Bên trái/Nền: Một bức ảnh tối, u ám của người phụ nữ [ảnh đính kèm] với vẻ mặt sốc, phản ứng với Trump. Cô ấy đang ở trong một phòng họp công ty tối tăm với logo Chatham House. Văn bản (Trên cùng, chính giữa, màu vàng tươi): ""{argument name=""headline"" default=""HỌ ĐÃ THÚ NHẬN""}""","[""https://cms-assets.youmind.com/media/1768468540222_5coi91_G-qCL3rXAAAlpnS.png""]","{""name"":""Adam Sturman"",""url"":""https://x.com/adamsturman23""}",https://x.com/adamsturman23/status/2011563498183053690,"Nhân vật, Văn bản, Logo"
68,Hình thu nhỏ trên YouTube - Mẫu Lịch Trình Hàng Tuần Cho VTuber,"Một lời nhắc chi tiết được thiết kế cho Nano Banana Pro để tạo một mẫu lịch trình hàng tuần tông màu pastel sạch sẽ, phẳng và dễ thương, phù hợp cho VTuber và streamer. Nó bao gồm các hướng dẫn bố cục cụ thể, thông số kỹ thuật kích thước (1920x1080, 16:9) và các quy tắc nghiêm ngặt về việc đưa văn bản vào và không gian trống để tổng hợp nhân vật sau này.","Tạo một hình ảnh mẫu ""Lịch trình hàng tuần"" cho các VTuber và streamer.
Ngang 16:9, kích thước 1920x1080, thiết kế phẳng, gọn gàng, giống bản in (phong cách vector). Tổng thể nên có tông màu pastel dễ thương (màu sắc nhẹ nhàng như hồng nhạt, xanh bạc hà, tím lavender), ưu tiên khả năng đọc mà không bị lộn xộn.

Thông số bố cục:
・Đặt phần lịch trình căn trên cùng, chiếm 60% bên trái màn hình.
・7 hàng (Các ngày trong tuần: ""Thứ Hai, Thứ Ba, Thứ Tư, Thứ Năm, Thứ Sáu, Thứ Bảy, Chủ Nhật"").
・Mỗi hàng bao gồm một ""Nhãn ngày (huy hiệu tròn nhỏ)"" + ""Ô trống ngang để viết kế hoạch.""
・Ô trống phải hoàn toàn trống. Tuyệt đối không bao gồm văn bản mẫu (ví dụ: 'Kế hoạch tại đây', 'MẪU', 'GHI CHÚ', v.v.).
・40% bên phải màn hình là không gian trống để sau này tổng hợp hình ảnh nhân vật đứng. Không vẽ người, động vật, linh vật hoặc hình bóng. Nền chỉ nên là một gradient mờ nhạt và các họa tiết trừu tượng tinh tế của các ngôi sao/trái tim/chấm nhỏ.

Thông số văn bản:
・Văn bản duy nhất cần đưa vào là ""Weekly Schedule"" và ""Mon Tue Wed Thu Fri Sat Sun"" (bằng tiếng Nhật).
・Không bao gồm bất kỳ văn bản nào khác (SNS, phạm vi ngày, cảnh báo, logo, hashtag, hình mờ).
・Phông chữ nên là kiểu Gothic bo tròn, dễ đọc và rõ ràng ngay cả trên nền trắng.

Hoàn thiện:
・Đảm bảo có đủ lề xung quanh chu vi, và các yếu tố ở phía bên trái và bên phải không chồng chéo.
・Không có logo.","[""https://cms-assets.youmind.com/media/1768468609160_85lvra_G-lyvW7bYAAmJxG.jpg""]","{""name"":""ひいらぎまる"",""url"":""https://x.com/hiiragimaruru""}",https://x.com/hiiragimaruru/status/2011264976816918697,"Minh họa, Nhân vật, Động vật, Văn bản, Trừu tượng, Logo"
75,Truyện tranh / Bảng phân cảnh - Lưới bảng phân cảnh sản phẩm 3x3 cho danh mục thương hiệu,"Một lời nhắc phức tạp, đa khung được thiết kế để biến một hình ảnh tham chiếu duy nhất thành một lưới bảng phân cảnh 3x3 gắn kết cho một danh mục đầu tư thương hiệu cao cấp. Nó yêu cầu tuân thủ nghiêm ngặt nhận diện sản phẩm tham chiếu trên tất cả chín bảng, mỗi bảng mô tả sản phẩm từ một góc độ, bối cảnh hoặc cận cảnh khác nhau, tập trung vào thiết kế, chất liệu và nhịp điệu thị giác.","Tạo MỘT hình ảnh cuối cùng.

Một lưới storyboard sạch 3×3 [tỷ lệ] với chín ô vuông có kích thước bằng nhau [tỷ lệ] trên tỷ lệ [4:5].

Sử dụng hình ảnh tham khảo làm cơ sở sản phẩm tham khảo. Giữ nguyên sản phẩm, thiết kế bao bì, thương hiệu, vật liệu, màu sắc, tỷ lệ và nhận diện tổng thể trên tất cả chín ô vuông chính xác như hình tham khảo. Sản phẩm phải luôn dễ nhận biết rõ ràng trong mọi khung hình. Nhãn, logo và tỷ lệ phải giữ nguyên chính xác.

Storyboard này là một bản trình bày mockup thiết kế cao cấp dành cho portfolio thương hiệu. Trọng tâm là hình thức, bố cục, vật liệu và nhịp điệu thị giác hơn là tính chân thực hoặc câu chuyện đời sống. Tổng thể phải mang lại cảm giác được tuyển chọn, mang tính biên tập và định hướng thiết kế.

KHUNG HÌNH 1:
Ảnh sản phẩm chụp chính diện trong một thiết lập studio sạch sẽ. Nền trung tính, bố cục cân bằng, trình bày sản phẩm một cách điềm tĩnh và tự tin.

KHUNG HÌNH 2:
Ảnh cận cảnh tập trung vào phần giữa của sản phẩm. Tập trung vào kết cấu bề mặt, vật liệu và chi tiết in ấn.

KHUNG HÌNH 3:
Hiển thị sản phẩm tham khảo được đặt trong một môi trường phù hợp tự nhiên với thương hiệu và danh mục sản phẩm. Thiết lập studio được lấy cảm hứng từ các yếu tố thiết kế và màu sắc của sản phẩm.

KHUNG HÌNH 4:
Sản phẩm được hiển thị đang sử dụng hoặc tương tác trên nền studio trung tính. Các yếu tố tay và tương tác được tối thiểu hóa và tiết chế, vẻ ngoài phù hợp với phong cách của bao bì.

KHUNG HÌNH 5:
Bố cục isometric hiển thị nhiều sản phẩm được sắp xếp theo một trật tự hình học chính xác từ góc isometric trên cùng. Tất cả các sản phẩm được đặt ở cùng một góc isometric trên cùng, cách đều nhau, sạch sẽ, có cấu trúc và đồ họa.

KHUNG HÌNH 6:
Sản phẩm lơ lửng hơi nghiêng trên nền trung tính phù hợp với bảng màu của hình ảnh tham khảo. Vị trí nổi được tạo góc và có chủ ý, sản phẩm lơ lửng tự nhiên trong không gian.

KHUNG HÌNH 7:
Là một ảnh cận cảnh cực độ tập trung vào một chi tiết cụ thể của nhãn, cạnh, kết cấu hoặc đặc tính vật liệu.

KHUNG HÌNH 8:
Sản phẩm trong một bối cảnh bất ngờ nhưng có tính thẩm mỹ mạnh mẽ, mang lại cảm giác táo bạo, mang tính biên tập và ấn tượng về mặt thị giác.
Bối cảnh bất ngờ nhưng được tạo kiểu rất cao. Dựa trên studio và định hướng thiết kế. Bố cục táo bạo nâng tầm thương hiệu.

KHUNG HÌNH 9:
Bố cục rộng hiển thị sản phẩm đang sử dụng, được đặt trong một thiết lập thiết kế tinh tế. Các đạo cụ sạch sẽ, tạo kiểu được kiểm soát, gắn kết với phần còn lại của series.

MÁY ẢNH & PHONG CÁCH:
Hình ảnh studio chất lượng cực cao với giao diện máy ảnh thực. Các góc máy ảnh và khung hình khác nhau trên các khung hình. Độ sâu trường ảnh được kiểm soát, ánh sáng chính xác, vật liệu và phản xạ chính xác. Logic ánh sáng, bảng màu, tâm trạng và ngôn ngữ thị giác phải nhất quán trên tất cả chín ô vuông như một series gắn kết.

ĐẦU RA:
Một lưới 3×3 sạch sẽ không có đường viền, không có văn bản, không có chú thích và không có hình mờ.","[""https://cms-assets.youmind.com/media/1768890742033_jktw5p_G_FaISRWkAAHtDT.jpg"",""https://cms-assets.youmind.com/media/1768890742112_v27ays_G_FaISSXMAArcKp.jpg"",""https://cms-assets.youmind.com/media/1768890742437_dtia2h_G_FaISSXUAApmZI.jpg""]","{""name"":""Vi"",""url"":""https://x.com/tehno_maniak""}",https://x.com/tehno_maniak/status/2013489628456636867,"Nhiếp ảnh, Sản phẩm, Nhân vật, Logo"
87,Truyện tranh / Bảng phân cảnh - Bảng phân cảnh ba bức về cặp đôi điện ảnh siêu chân thực,"Một lời nhắc JSON bị ràng buộc cao được thiết kế để tạo ra một bức tranh bộ ba (ba tấm dọc) về một cặp đôi trên xích đu, yêu cầu khóa nhận dạng nghiêm ngặt cho cả hai đối tượng và khóa bố cục chính xác dựa trên hình ảnh tham chiếu. Lời nhắc chỉ định kết xuất siêu chân thực, ánh sáng điện ảnh (ống kính 28mm, f/2.8) và các ràng buộc chi tiết để đảm bảo hành động (treo ngược, đẩy) và khuôn mặt được bảo toàn hoàn hảo trên cả ba tấm.","{
  ""generation_request"": {
    ""meta_data"": {
      ""tool"": ""NanoBanana Pro"",
      ""task_type"": ""photoreal_cinematic_couple_triptych_storyboard"",
      ""version"": ""v1.1_SWING_SET_TRIPTYCH_PLAYFUL_UPSIDE_DOWN_ULTRA_REAL"",
      ""priority"": ""highest""
    },
    ""references"": {
      ""female_reference_image"": {
        ""slot"": 1,
        ""purpose"": ""FEMALE_IDENTITY_LOCK"",
        ""strict_identity_lock"": true,
        ""face_similarity_priority"": ""MAX"",
        ""no_identity_blending"": true,
        ""preserve_age_gender"": true,
        ""preserve_skin_texture"": true,
        ""preserve_facial_proportions"": true,
        ""no_beautify"": true,
        ""no_makeup_invention"": true
      },
      ""male_reference_image"": {
        ""slot"": 2,
        ""purpose"": ""MALE_IDENTITY_LOCK"",
        ""strict_identity_lock"": true,
        ""face_similarity_priority"": ""MAX"",
        ""no_identity_blending"": true,
        ""preserve_age_gender"": true,
        ""preserve_skin_texture"": true,
        ""preserve_facial_proportions"": true,
        ""no_beautify"": true,
        ""no_makeup_invention"": true
      },
      ""composition_reference_image"": {
        ""source"": ""UPLOAD_REFERENCE_IMAGE (REQUIRED_FOR_LAYOUT_LOCK)"",
        ""purpose"": ""EXACT_TRIPTYCH_LAYOUT_COMPOSITION_ACTION_LOCK"",
        ""strict_lock"": true,
        ""no_layout_drift"": true,
        ""preserve_framing"": true,
        ""preserve_pose_logic"": true,
        ""preserve_panel_spacing"": true
      }
    },
    ""output_settings"": {
      ""aspect_ratio"": ""4:5"",
      ""orientation"": ""portrait"",
      ""resolution"": ""ultra_high_res"",
      ""render_style"": ""true_photoreal_cinematic_lifestyle"",
      ""sharpness"": ""natural_camera_sharpness_not_ai"",
      ""film_grain"": ""subtle_35mm_analog"",
      ""color_grade"": ""natural_warm_film_neutral_skin"",
      ""dynamic_range"": ""natural_not_hdr"",
      ""skin_rendering"": ""real_microtexture_pores_peachfuzz_no_plastic"",
      ""compression_artifacts"": ""none""
    },
    ""hard_constraints"": [
      ""Chỉ có đúng 2 người (một nữ, một nam)."",
      ""Khuôn mặt phải khớp với các ảnh tham chiếu đã tải lên với độ tương đồng tối đa (không lệch nhận dạng)."",
      ""Bố cục triptych: BA bảng ngang xếp chồng theo chiều dọc trong một ảnh 4:5, chính xác như ảnh tham chiếu bố cục."",
      ""Bối cảnh là bộ xích đu sân chơi ngoài trời, các hành động giống như tham chiếu: treo ngược người vui đùa + đẩy + vươn tay về phía máy ảnh."",
      ""Khuôn mặt phải hiển thị rõ ràng và dễ nhận biết trong TẤT CẢ BA bảng (không có tóc che kín mặt, không quá mờ)."",
      ""Giải phẫu học siêu thực; tay/ngón tay chính xác; nếp gấp quần áo và trọng lực thực tế."",
      ""Hình học của bộ xích đu phải chính xác về mặt vật lý (khung kim loại thẳng, mắt xích đúng, không bị biến dạng)."",
      ""Không có chữ, không có logo, không có hình mờ.""
    ],
    ""camera"": {
      ""style"": ""real_cinematic_lifestyle_photo"",
      ""lens"": ""28mm_full_frame"",
      ""distortion"": ""realistic_28mm_mild_edge_distortion_controlled"",
      ""aperture"": ""f/2.8""
    }
  }
}","[""https://cms-assets.youmind.com/media/1768468569920_isda2w_G-pfFU6bQAIiBBT.jpg""]","{""name"":""Özge Döner"",""url"":""https://x.com/astronomerozge1""}",https://x.com/astronomerozge1/status/2011524755480809767,"Chân dung, Nhóm người, Nhiếp ảnh, Điện ảnh, 3D, Nhân vật, Văn bản, Logo, UI/UX"
88,Truyện tranh / Bảng phân cảnh - Kaiju Kitten Phá Hủy Bờ Sông Sydney,"Một cấu trúc câu lệnh đơn giản, sáng tạo để tạo ra hình ảnh một chú mèo con kaiju khổng lồ đang phá hủy một địa điểm ven sông đô thị cụ thể, được chụp từ góc nhìn mặt đất vào ban ngày.","Một chú mèo con kaiju khổng lồ đang phá hủy khu bờ sông đô thị Sydney, phá hủy {argument name=""landmark name"" default=""[place landmark name here]""}. Góc nhìn từ mặt đất. Trời sáng, ban ngày, bầu trời xanh. Không có mắt phát sáng.","[""https://cms-assets.youmind.com/media/1768466932264_u3apdr_G-jZFFiXwAAZ9QD.jpg"",""https://cms-assets.youmind.com/media/1768466932317_jz61nt_G-jZFFZXQAAnd7O.jpg"",""https://cms-assets.youmind.com/media/1768466932437_dwy33c_G-jZFFpWgAA7pmF.jpg"",""https://cms-assets.youmind.com/media/1768466934659_u7fw7m_G-jZFFzXIAEKAPe.jpg""]","{""name"":""Christopher Fryant"",""url"":""https://x.com/cfryant""}",https://x.com/cfryant/status/2011096484918235260,
92,Truyện tranh / Bảng phân cảnh - Lời nhắc hệ thống Gemini để tạo Manga 10 trang trong Nano Banana Pro,"Một mẫu lời nhắc hệ thống chi tiết được thiết kế cho Gemini để hoạt động như một nhà văn truyện tranh chuyên nghiệp và giám đốc nghệ thuật AI. Nó hướng dẫn Gemini tạo ra một chuỗi lời nhắc tạo truyện tranh dài 10 trang được tối ưu hóa đặc biệt cho Nano Banana Pro, đảm bảo tính nhất quán về nhân vật và phong cách, hiển thị văn bản bằng tiếng Nhật và bố cục bảng điều khiển cụ thể.","Bạn là một ""người viết truyện tranh chuyên nghiệp"" và ""Giám đốc nghệ thuật AI"". Dựa trên [Hình ảnh nhân vật] và [Chủ đề] tôi cung cấp, vui lòng tạo một **chuỗi prompt tạo truyện tranh 10 trang có thể sử dụng trực tiếp với NanoBananaPro (AI tạo hình ảnh hiệu suất cao)**.

## Yêu cầu sản xuất (Tối ưu hóa kết hợp NanoBananaPro)
1. **Định dạng đầu ra**:
   - Xuất mỗi trang dưới định dạng `Code Block` dễ sao chép và dán.
   - **Quy định ngôn ngữ (Chiến lược kết hợp)**:
     - **Mô tả hình ảnh (Visuals)**: Các thông số kỹ thuật về nhân vật, nền và phong cách nghệ thuật phải bằng **""tiếng Anh""** để duy trì tính nhất quán.
     - **Hiển thị văn bản**: Lời thoại và hiệu ứng âm thanh trong bong bóng lời thoại phải được chỉ định bằng **""tiếng Nhật""**.
     - **Tỷ lệ khung hình**: Mỗi trang phải được cấu trúc giả định tỷ lệ khung hình `Dọc 9:16`.

2. **Sử dụng các tính năng cụ thể của NanoBananaPro**:
   - **Hiển thị văn bản**:
     - Mô hình này có thể hiển thị chính xác văn bản tiếng Nhật trong hình ảnh.
     - Mô tả lời thoại tiếng Nhật bằng cách viết `Text: ""[Lời thoại tiếng Nhật]""` trong Prompt.
     - **Hiểu ngữ cảnh**:
     - Mô tả tình huống bằng tiếng Anh gần với ngôn ngữ tự nhiên, không chỉ là một danh sách các từ.

3. **Cấu trúc và định hướng câu chuyện**:
   - **Xác định tiêu đề**: Đưa ra một ""tiêu đề có ý nghĩa cao"" phản ánh chủ đề, truyền tải nội dung trong nháy mắt và thu hút sự chú ý.
     - **Vị trí logo tiêu đề**:
     - Tạo một ""Bảng tiêu đề"" nơi logo tiêu đề được đặt nổi bật trên **Trang 1 hoặc Trang 2**.
     - **Hướng dẫn hiển thị**: Bao gồm các hướng dẫn để hiển thị văn bản tiêu đề dưới dạng ""kiểu chữ trang trí"" trong hình ảnh.
     - **Cấu trúc ""Thiết lập và Điểm nhấn""**:
     - **Trang 1 (Móc câu)**: Bao gồm một ""thiết lập mạnh mẽ (bí ẩn, sốc, đồng cảm)"" thu hút mạnh mẽ sự quan tâm của người đọc.
     - **Trang 10 (Điểm nhấn)**: Phần kết luận, hoặc một tình tiết gay cấn dẫn đến phần tiếp theo.

4. **Quy tắc mô tả trang (Thực thi nghiêm ngặt)**:
   Prompt phải luôn bao gồm các phần sau.
   
   - **Tiêu đề**: `【IMAGE_GEN_ONLY】: Generate a high-resolution professional Japanese manga page. Full Color. Vertical 9:16. 4K.`
   
   - **【STRICT CHARACTER CONSISTENCY (English)】**:
     - **Quan trọng**: **""Mô tả ngoại hình nhân vật (tiếng Anh)""** được tạo ra bằng cách phân tích hình ảnh ban đầu phải được viết trong prompt cho **tất cả các trang**, không thay đổi một từ nào.
     - **Nghiêm cấm**: ""Bỏ qua"" hoặc ""Như trên"" bị **nghiêm cấm**. Toàn bộ định nghĩa phải được viết ra mỗi lần.
     - Ví dụ: `Black bob cut hair, red ribbon, golden eyes, wearing a futuristic cyberpunk school uniform.`
   
   - **【STRICT STYLE CONSISTENCY (English)】**:
     - **Phân tích và cố định phong cách**: Phân tích hình ảnh đầu vào và xác định các đặc điểm của nó (Đường nét, Màu sắc, Ánh sáng) dưới dạng một prompt tiếng Anh chi tiết.
     - **Nghiêm cấm**: Điều này cũng bị **cấm** ""bỏ qua"". Xuất toàn bộ văn bản mỗi lần.
     - Ví dụ: `Thick confident outlines, cel shading with soft gradients, vibrant high-saturation colors, dramatic lighting, anime screentones.`

   - **【PANEL LAYOUT & VISUALS (English + Japanese Text)】**:
     - **Bố cục khung hình**: **Luôn đặt 4 đến 8 khung hình** mỗi trang. (Cấm 3 khung hình trở xuống)
     - **Mô tả nội dung**:
       - `Panel 1 (Top-Right):`
       - `Visual: [Mô tả hành động/góc nhìn bằng tiếng Anh]`
       - `Text: ""[Lời thoại tiếng Nhật trong bong bóng]""`

   - **【PAGE NUMBERING】**:
     - Hướng dẫn hiển thị số trang (ví dụ: ""1"") nhỏ ở góc dưới bên phải.

## Ví dụ mẫu đầu ra

### Trang X

【IMAGE_GEN_ONLY】: Generate a high-resolution professional Japanese manga page. Full Color. Vertical 9:16. --ar 9:16

# STRICT CHARACTER CONSISTENCY (DO NOT CHANGE)
[Dán Mô tả chính xác nhân vật bằng tiếng Anh vào đây... KHÔNG VIẾT TẮT]

# STRICT STYLE CONSISTENCY (DO NOT CHANGE)
[Dán Mô tả chính xác phong cách bằng tiếng Anh vào đây... KHÔNG VIẾT TẮT]

# PAGE NUMBER
Small clear text ""X"" in the bottom-right corner.

# PANEL LAYOUT & VISUALS (Target: 5-8 Panels, Top-Right to Bottom-Left)

## Panel 1 (Top-Right):
- Visual: [English description of the scene and action]
- Text: ""[Japanese Dialogue]""","[""https://cms-assets.youmind.com/media/1768319218713_3ak8ru_G-cuRjib0AAQ6Tn.jpg""]","{""name"":""かし子🍩"",""url"":""https://x.com/Kashiko_AIart""}",https://x.com/Kashiko_AIart/status/2010636586137100687,"Điện ảnh, Anime, Cổ điển, Tương lai, Nhân vật, Văn bản, Logo, UI/UX"
95,Tiếp thị sản phẩm - Lời nhắc: Thần tượng chân thực như ảnh trong bộ đồ bơi màu xanh navy,"Một lời nhắc tạo ảnh chân thực chi tiết cho Nano Banana Pro, tập trung vào một nữ thần tượng châu Á tuyệt đẹp trong bộ đồ bơi thi đấu màu xanh navy bó sát với các phụ kiện cụ thể và bối cảnh tối giản. Lời nhắc được cấu trúc theo định dạng JSON, cho phép dễ dàng sửa đổi các yếu tố như logo văn bản trên trang phục.","{
  ""prompt_data"": {
    ""subject"": {
      ""basics"": ""1 cô gái, một mình"",
      ""demographics"": ""Nữ thần tượng châu Á tuổi 20 tuyệt đẹp"",
      ""hair"": ""Tóc đen thẳng rất dài với mái bằng"",
      ""eyes"": ""Đôi mắt xanh nhạt sắc sảo"",
      ""skin"": ""Làn da trắng sứ không tì vết"",
      ""expression"": ""Biểu cảm dễ thương nhưng quyến rũ nhìn vào người xem""
    },
    ""attire"": {
      ""main_outfit"": {
        ""item"": ""Áo bơi thi đấu màu xanh navy bó sát"",
        ""details"": [
          ""Viền trắng tương phản trên dây áo và hai bên"",
          ""Cắt xẻ đùi cao, khoe chân dài"",
          ""Chất liệu vải bóng ướt""
        ],
        ""branding"": ""Logo chữ '{argument name=\""logo text\"" default=\""BeautyVerse\""}' màu trắng in đậm ở vùng ngực""
      },
      ""legwear"": [
        ""Vớ đùi màu đen xuyên thấu"",
        ""Dây nịt tất ren tối màu""
      ]
    },
    ""accessories"": {
      ""style"": ""Phụ kiện vàng sang trọng"",
      ""items"": [
        ""Đồng hồ vàng mỏng"",
        ""Dây chuyền vàng mảnh với mặt dây chuyền đá ruby"",
        ""Bông tai dây vàng dài""
      ]
    },
    ""pose_and_action"": {
      ""posture"": ""Ngồi thoải mái, đầu gối co lên"",
      ""interaction"": ""Tựa vào bức tường bê tông màu xám hiện đại""
    },
    ""environment"": {
      ""setting"": ""Nội thất phòng đơn giản, tối giản màu xám"",
      ""background_elements"": ""Tường bê tông màu xám hiện đại""
    },
    ""style_and_technical"": [
      ""Bóng đổ tinh tế"",
      ""Ánh sáng mềm mại kiểu điện ảnh"",
      ""Khuôn mặt và đôi mắt cực kỳ chi tiết"",
      ""Chất liệu chân thực"",
      ""Siêu thực"",
      ""Lấy nét sắc nét"",
      ""8k"",
      ""3:4""
    ]
  }
}","[""https://cms-assets.youmind.com/media/1768890712914_k5bpoq_G_Eft4VXUAADwdX.jpg""]","{""name"":""BeautyVerse"",""url"":""https://x.com/BeautyVerse_Lab""}",https://x.com/BeautyVerse_Lab/status/2013425391806095403,"Điện ảnh, Tối giản, Sản phẩm, Nội thất, Xe cộ, Thời trang, Văn bản, Logo"
97,Tiếp thị sản phẩm - Nụ hôn trong hiệu sách siêu thực như phim điện ảnh với hiệu ứng Motion Blur,"Một lời nhắc có cấu trúc cao được thiết kế để tạo ra một bức ảnh tĩnh siêu chân thực, tự nhiên như chụp từ một bộ phim điện ảnh về một cặp đôi đang hôn nhau nồng nàn trong lối đi ấm cúng của một hiệu sách. Nó nhấn mạnh những khuyết điểm tự nhiên, ánh sáng vàng hổ phách ấm áp, độ sâu trường ảnh nông và một chút mờ chuyển động để nắm bắt sự ngẫu hứng của khoảnh khắc, đồng thời tuân thủ nghiêm ngặt các giới hạn PG-13.","{
  ""generation_request"": {
    ""meta_data"": {
      ""tool"": ""NanoBanana Pro"",
      ""task_type"": ""photoreal_intimate_romance"",
      ""version"": ""v1.0_COZY_BOOKSTORE_AISLE_KISS_MOTIONBLUR_EN"",
      ""priority"": ""highest"",
      ""language"": ""vi""
    },
    ""references"": {
      ""reference_image_couple"": {
        ""source"": ""UPLOAD_REFERENCE_IMAGE (TÙY CHỌN)"",
        ""purpose"": ""POSE_MOOD_STYLE_ANCHOR"",
        ""strict_lock"": false,
        ""preserve_mood"": true
      }
    },
    ""global_constraints"": {
      ""rating"": ""PG-13"",
      ""no_explicit_sexual_content"": true,
      ""no_text"": true,
      ""no_logos"": true,
      ""no_watermark"": true
    },
    ""output_settings"": {
      ""aspect_ratio"": ""3:4"",
      ""orientation"": ""portrait"",
      ""resolution_target"": ""ultra_high_res"",
      ""render_style"": ""ultra_photoreal_cinematic_film_still"",
      ""sharpness"": ""soft_focus_cinematic"",
      ""film_grain"": ""subtle_35mm"",
      ""color_grade"": ""warm_amber_lowlight"",
      ""dynamic_range"": ""natural_not_hdr"",
      ""skin_rendering"": ""real_texture_no_retouch""
    },
    ""global_rules"": {
      ""camera_language"": ""ống kính 50mm, cận cảnh trung bình, cảm giác cầm tay, độ sâu trường ảnh nông, sách phía trước bị mờ, hiệu ứng nhòe chuyển động nhẹ như một khoảnh khắc tự nhiên"",
      ""lighting_language"": ""ánh sáng tungsten ấm áp + phản xạ mềm, không khí ấm cúng của hiệu sách, giảm sáng nhẹ nhàng, không có đèn flash gắt"",
      ""authenticity_markers"": ""khiếm khuyết tự nhiên, hạt nhiễu nhẹ, hiệu ứng bokeh chân thực, không có ánh sáng AI, không có HDR""
    },
    ""creative_prompt"": {
      ""scene_summary"": ""Một khoảnh khắc điện ảnh chân thực, siêu thực tế về một cặp đôi đang hôn nhau trong lối đi hẹp của một hiệu sách/thư viện. Sách lấp đầy các kệ phía sau họ; những chồng sách ở phía trước tạo chiều sâu. Cảnh quay mang lại cảm giác riêng tư, tự nhiên và ấm áp, với tính thẩm mỹ nhòe chuyển động mềm mại như được quay bằng tay."",
      ""subjects"": {
        ""count"": 2,
        ""description"": ""một cặp đôi thật, tỷ lệ cơ thể tự nhiên, kết cấu da chân thực"",
        ""expression"": ""thân mật và vui vẻ, đắm chìm trong khoảnh khắc"",
        ""skin_and_face"": ""kết cấu da thật, trang điểm tối thiểu, không chỉnh sửa""
      },
      ""pose_and_micro_action"": ""Người đàn ông kéo người phụ nữ lại gần bằng eo; người phụ nữ vòng tay quanh cổ anh. Khuôn mặt của họ bị che khuất một phần bởi nụ hôn, được ghi lại giữa chuyển động để tạo hiệu ứng nhòe tự nhiên."",
      ""wardrobe_and_style"": {
        ""female"": ""váy hoặc áo ôm đơn giản với {argument name=\""female wardrobe color\"" default=\""tông màu trung tính\""}, tóc mềm tự nhiên"",
        ""male"": ""áo sơ mi cài cúc hoặc áo len dệt kim thông thường, tông màu trung tính"",
        ""no_logos"": ""không có thương hiệu dễ thấy""
      },
      ""environment_details"": {
        ""location"": ""lối đi của hiệu sách/thư viện cũ ấm cúng"",
        ""background"": ""những kệ sách cao chất đầy sách, tông màu gỗ ấm áp"",
        ""foreground"": ""sách và gáy sách bị mờ, gần ống kính để tạo chiều sâu"",
        ""props"": ""sách xếp chồng trên một xe đẩy nhỏ hoặc mép kệ""
      },
      ""lighting"": ""ánh sáng thực tế màu hổ phách ấm áp, bóng mềm, điểm nhấn nhẹ nhàng trên tóc và xương gò má"",
      ""composition"": """"
    }
  }
}","[""https://cms-assets.youmind.com/media/1768890673086_xe89r2_G_DTY-kW0AAX35W.jpg""]","{""name"":""Özge Döner"",""url"":""https://x.com/astronomerozge1""}",https://x.com/astronomerozge1/status/2013341511480496169,"Chân dung, Nhóm người, Nhiếp ảnh, Điện ảnh, 3D, Sản phẩm, Nhân vật, Xe cộ, Thành phố, Văn bản, Logo, UI/UX"
99,Tiếp thị sản phẩm - Bài xã luận về thời trang đường phố cao cấp tại một thành phố châu Âu,"Một JSON prompt mang tính kỹ thuật cao được thiết kế để tạo ra hình ảnh editorial thời trang đường phố cao cấp tại một thành phố châu Âu. Nó yêu cầu bảo toàn nghiêm ngặt danh tính dựa trên hình ảnh tham chiếu khuôn mặt và tái tạo cảnh dựa trên hình ảnh tham chiếu cảnh, mô tả chi tiết trang phục chính xác (áo blazer sọc ghim màu đỏ tía, áo lót ren, găng tay đen) và cài đặt máy ảnh kỹ thuật (ống kính 85mm, ánh sáng ban ngày rõ ràng).","{
  ""job_id"": ""photo_03_city_car"",
  ""model"": ""nano-banana-pro"",
  ""task"": ""image_generation"",
  ""inputs"": {
    ""face_reference_image"": ""<YOUR_FACE_IMAGE>"",
    ""scene_reference_image"": ""<SCENE_IMAGE_3>""
  },
  ""prompt"": ""Ảnh biên tập thời trang đường phố cao cấp tại một thành phố châu Âu. KHUÔN MẶT CHÍNH XÁC NHƯ ảnh tham chiếu khuôn mặt (face_reference_image), nhận dạng giống hệt. Tái tạo cảnh chính xác từ ảnh tham chiếu cảnh (scene_reference_image): người phụ nữ tựa vào một chiếc xe cổ điển, nền kiến trúc châu Âu cổ điển. Trang phục phải giống hệt: {argument name=\""outfit color\"" default=\""áo blazer kẻ sọc màu đỏ tía\""} và váy cùng tông có thắt lưng, áo lót ren đen lộ ra, găng tay đen, quần tất đen xuyên thấu, khuyên tai vàng. Cùng tư thế, cùng góc cơ thể, cùng bố cục. Phong cách tạp chí sang trọng, ánh sáng ban ngày rõ ràng, cảm giác ống kính thời trang 85mm, kết cấu da tự nhiên."",
  ""negative_prompt"": ""màu vest khác, không có áo lót ren, khuôn mặt bị thay đổi, nhận dạng bị lệch, cách điệu, hoạt hình, CGI, chỉnh sửa quá mức, sai xe, sai thành phố, văn bản, hình mờ, làm mờ"",
  ""settings"": {
    ""stylization"": 0,
    ""quality"": ""max"",
    ""detail_boost"": 0.8,
    ""lighting_match"": ""high"",
    ""composition_match"": ""max"",
    ""color_match"": ""max"",
    ""identity_preservation"": ""max"",
    ""face_consistency"": ""max"",
    ""reference_strength"": { ""face"": 1.0, ""scene"": 0.96 }
  }
}","[""https://cms-assets.youmind.com/media/1768890681278_fnedva_G_DHTODXoAI5Hzv.jpg"",""https://cms-assets.youmind.com/media/1768890681328_xcgp6j_G_DHTpAWoAEViX-.jpg""]","{""name"":""Melis✨"",""url"":""https://x.com/miilesus""}",https://x.com/miilesus/status/2013328546039538111,"Chân dung, Nhiếp ảnh, Điện ảnh, 3D, Anime, Cổ điển, Sản phẩm, Nội thất, Xe cộ, Thời trang, Thành phố, Logo"
100,Tiếp thị sản phẩm - Cảnh Đời Thường Cặp Đôi Đeo Khẩu Trang Chụp Tự Nhiên,"Một JSON prompt cực kỳ chi tiết để tạo ra một cảnh sinh hoạt đời thường chân thực đến siêu thực, tự nhiên về một cặp đôi trẻ đang đùa nghịch đắp mặt nạ màu xanh cho nhau trong một phòng tắm hiện đại, ấm cúng. Nó chỉ định tư thế, trang phục của các nhân vật (áo crop top màu đỏ, áo phông màu đen) và nhấn mạnh kết cấu da chân thực, bóng đổ tự nhiên và các ràng buộc giải phẫu chính xác.","{
  ""generation_request"": {
    ""meta_data"": {
      ""task_type"": ""photoreal_intimate_home_couple_playful_face_mask"",
      ""version"": ""v1.0_BATHROOM_COUPLE_RED_CROP_PAJAMA_NO_TEXT_EN"",
      ""priority"": ""highest"",
      ""language"": ""en""
    },
    ""output_settings"": {
      ""aspect_ratio"": ""4:5"",
      ""orientation"": ""portrait"",
      ""resolution_target"": ""ultra_high_res"",
      ""render_style"": ""ultra_photoreal_candid_lifestyle"",
      ""sharpness"": ""crisp_but_natural"",
      ""film_grain"": ""subtle"",
      ""color_grade"": ""warm_cozy_indoor_tones"",
      ""dynamic_range"": ""natural_not_hdr"",
      ""skin_rendering"": ""real_texture_no_retouch"",
      ""no_text"": true,
      ""no_logos"": true,
      ""no_watermarks"": true,
      ""no_ui"": true
    },
    ""creative_prompt"": {
      ""scene_summary"": ""Cảnh sinh hoạt đời thường chân thực, siêu thực trong phòng tắm ấm cúng tại nhà. Một cặp đôi trẻ đang đắp mặt nạ màu xanh cho nhau một cách vui đùa, mỉm cười và cười đùa. Người phụ nữ ngồi thoải mái trên bồn rửa mặt trong khi người đàn ông đứng gần trước mặt cô ấy. Khoảnh khắc thân mật, vui tươi, không mang tính tình dục trong gia đình. Không có chữ."",
      ""environment"": {
        ""location"": ""phòng tắm nhỏ hiện đại"",
        ""details"": ""bồn rửa mặt, mặt bàn, mép gương, ánh sáng trong nhà ấm áp"",
        ""lighting"": ""ánh sáng gia đình ấm áp dịu nhẹ, bóng đổ tự nhiên""
      },
      ""subjects"": {
        ""female_adult"": {
          ""wardrobe"": {
            ""top"": ""áo croptop hai dây màu đỏ"",
            ""bottom"": ""quần ngủ màu đỏ cùng bộ""
          },
          ""pose"": ""ngồi trên bồn rửa mặt, một chân hơi gập, tư thế thư giãn"",
          ""expression"": ""mỉm cười, vui tươi"",
          ""action"": ""nhẹ nhàng chạm vào mặt người đàn ông khi đắp mặt nạ""
        },
        ""male_adult"": {
          ""wardrobe"": {
            ""top"": ""áo phông đen"",
            ""bottom"": ""quần ngủ đen""
          },
          ""pose"": ""đứng gần bồn rửa mặt, hơi cúi người về phía trước"",
          ""expression"": ""mỉm cười, thích thú"",
          ""action"": ""để người phụ nữ đắp mặt nạ, ngôn ngữ cơ thể thư giãn""
        }
      },
      ""details_and_props"": {
        ""face_mask"": ""mặt nạ đất sét hoặc gel màu xanh đã được đắp một phần lên cả hai khuôn mặt"",
        ""interaction"": ""đặt tay tự nhiên, chạm nhẹ nhàng, điểm tiếp xúc chân thực""
      },
      ""anatomy_constraints"": {
        ""priority"": ""maximum"",
        ""requirements"": [
          ""tỷ lệ và đối xứng khuôn mặt tự nhiên"",
          ""bàn tay chính xác với năm ngón, khớp ngón tay chính xác"",
          ""không có chi bị biến dạng hoặc cổ tay bị xoắn"",
          ""tư thế ngồi và đứng chân thực"",
          ""không có bộ phận cơ thể lơ lửng""
        ]
      },
      ""camera_and_style_notes"": {
        ""shot_type"": ""cảnh cận trung thực"",
        ""camera_angle"": ""ngang tầm mắt hoặc hơi nghiêng"",
        ""lens_look"": ""góc nhìn đời thường 35mm-50mm"",
        ""mood"": ""khoảnh khắc gia đình thân mật, ấm cúng, vui tươi""
      }
    },
    ""negative_prompt"": [
      ""text"",
      ""letters"",
      ""w""
    ]
  }
}","[""https://cms-assets.youmind.com/media/1768890668009_r7ibtg_G_DAN3pWUAEn6zr.jpg""]","{""name"":""Özge Döner"",""url"":""https://x.com/astronomerozge1""}",https://x.com/astronomerozge1/status/2013320441406935172,"Chân dung, Nhóm người, Nhiếp ảnh, Điện ảnh, 3D, Sản phẩm, Nội thất, Nhân vật, Văn bản, Logo, UI/UX"
101,Tiếp thị sản phẩm - Gợi ý chụp ảnh chân dung trong nội thất xe hơi sang trọng với đèn flash,"Một lời nhắc JSON để tạo ra một bức chân dung theo phong cách người có ảnh hưởng, siêu thực của một người phụ nữ (Josephine Langford) đang ngồi ở ghế hành khách của một chiếc xe hơi hạng sang (Mercedes-Benz). Nó mô tả chi tiết ngoại hình của đối tượng (tóc vàng bạch kim, váy bodycon màu đen), môi trường cao cấp (ghế da chần kim cương màu trắng), và phong cách kỹ thuật (chụp ảnh flash trực tiếp mềm, độ tương phản cao, độ phân giải 8K), bao gồm danh sách đầy đủ các lời nhắc tiêu cực.","{
  ""prompt_data"": {
    ""subject"": {
      ""appearance"": ""Người phụ nữ trẻ tuyệt đẹp với mái tóc vàng bạch kim dài, thẳng, làn da trắng sứ nhợt nhạt và lớp trang điểm quyến rũ với son môi màu hồng."",
      ""apparel"": ""Váy bodycon mini dài tay màu đen ôm sát với cổ chữ V khoét sâu."",
      ""pose"": ""Ngồi ở ghế hành khách trong ô tô, bắt chéo chân, một tay đặt trên ngực, tay còn lại giơ lên giữ tay nắm trần xe, nhìn thẳng vào máy ảnh với ánh mắt dịu dàng."",
      ""details"": ""Móng tay được chăm sóc kỹ lưỡng với thiết kế đen trắng.""
    },
    ""environment"": {
      ""location"": ""Nội thất của một chiếc xe sang trọng cao cấp ({argument name=\""car brand\"" default=\""Mercedes-Benz\""})."",
      ""elements"": ""Ghế xô bọc da chần bông kim cương màu trắng, bảng điều khiển màu đen, logo vô lăng Mercedes hiển thị ở bên trái, chi tiết nội thất cửa xe.""
    },
    ""technical_specs"": {
      ""style"": ""Chụp ảnh chân thực, phong cách sống của người có ảnh hưởng, thẩm mỹ Instagram."",
      ""lighting"": ""Chụp ảnh flash trực tiếp mềm mại, ánh sáng nội thất rực rỡ, độ tương phản cao."",
      ""quality"": ""Độ phân giải 8k, chi tiết cao, lấy nét sắc nét, kết cấu da chân thực.""
    },
    ""full_prompt_string"": ""Một bức ảnh chân thực theo chiều dọc về một người phụ nữ tóc vàng bạch kim xinh đẹp đang ngồi trong một chiếc Mercedes sang trọng. Cô ấy mặc một chiếc váy mini dài tay màu đen cổ chữ V khoét sâu ôm sát. Cô ấy tạo dáng trên ghế da chần kim cương màu trắng, một tay giơ lên giữ tay nắm. Phong cách chụp ảnh flash, ánh sáng quyến rũ, chi tiết cao, 8k, kết cấu chân thực, thẩm mỹ của người có ảnh hưởng."",
    ""negative_prompt"": ""hoạt hình, tranh vẽ, minh họa, kết xuất 3d, anime, chất lượng thấp, lỗi nén jpeg, mờ, giải phẫu học kém, tay bị biến dạng, thừa ngón tay, thiếu chi, mắt xấu, hình mờ, văn bản, chữ ký, xấu xí, biến dạng.""
  }
}","[""https://cms-assets.youmind.com/media/1768890693168_rqes5o_G_C0ldgWMAAMNXa.jpg""]","{""name"":""Artificial intelligence (Ai),Open Ai"",""url"":""https://x.com/Vishnudxe""}",https://x.com/Vishnudxe/status/2013307593452835105,"Chân dung, Điện ảnh, Minh họa, 3D, Anime, Sản phẩm, Nội thất, Nhân vật, Xe cộ, Văn bản, Logo, UI/UX"
104,Tiếp thị sản phẩm - Chân Dung Vầng Hào Quang Vải Từ Trên Xuống Dạng Tiên Phong,"Một JSON prompt mang tính kỹ thuật cao để tạo ra một bức chân dung biên tập tiên phong có tựa đề 'Textural Rebellion'. Nó yêu cầu góc nhìn từ trên xuống 90 độ thẳng đứng của một chủ thể nằm trên nền đá phiến tối, được bao quanh bởi 'Vương miện Vải' (lụa xếp ly và gấm đỏ thẫm đông cứng trong một gợn sóng). Nó chỉ định ánh sáng làm đẹp cường độ cao (softbox ngay phía trên đầu) và tính thẩm mỹ của phim định dạng trung bình analog (Hasselblad 503CW, Kodak Ektar 100).","{
  ""vibe_title_en"": ""Nổi loạn về kết cấu"",
  ""master_prompt"": ""Một góc nhìn từ trên xuống hoàn toàn thẳng đứng 90 độ của Nhân vật chính đang nằm phẳng trên một bề mặt đá phiến tối màu, phong hóa. Chủ thể được bao quanh bởi một 'Vương miện vải'—một sự sắp xếp siêu thực, mang tính kiến trúc của lụa thô xếp ly và vải gấm đỏ thẫm nặng nề tỏa ra từ đầu như một vầng hào quang. Những loại vải này dường như bị đóng băng trong một làn sóng thách thức trọng lực, lơ lửng như thể dưới nước hoặc bị cuốn vào một đường hầm gió tốc độ cao, đóng vai trò như một tác phẩm điêu khắc hiệu ứng thực tế. Chủ thể duy trì năng lượng 'Tối giản sắc sảo': một biểu cảm điềm tĩnh, trung tính với ánh mắt nhìn thẳng tuyệt đối vào ống kính. Ánh sáng là Ánh sáng làm đẹp cường độ cao: một softbox lớn ngay phía trên tạo ra ánh sáng đều trên khuôn mặt, loại bỏ bóng đổ gắt trong khi làm nổi bật lỗ chân lông và các chi tiết sắc nét của mống mắt. Được chụp bằng Hasselblad 503CW với ống kính 80mm, sử dụng phim Kodak Ektar 100 để có độ bão hòa phong phú, xúc giác và hạt mịn. Kết cấu siêu thực, không có độ bóng CGI."",
  ""meta"": {
    ""intent"": ""Biên tập Tiên phong"",
    ""priorities"": ""Kết cấu, Đối xứng, Siêu thực"",
    ""device_profile"": ""Analog định dạng trung bình""
  },
  ""frame"": {
    ""aspect"": ""4:5"",
    ""composition"": ""Đối xứng trung tâm"",
    ""layout"": ""Chủ thể ở trung tâm, được bao quanh bởi kết cấu"",
    ""camera_angle"": ""Từ trên xuống 90 độ (Góc nhìn chim bay)"",
    ""tilt_roll_degrees"": ""0""
  },
  ""subject"": {
    ""gender"": ""Nữ"",
    ""identity"": ""Nhân vật chính"",
    ""demographics"": ""Người mẫu thời trang cao cấp phổ quát"",
    ""face"": ""Đối xứng, cấu trúc xương rõ nét, kết cấu da siêu thực"",
    ""hair"": ""Vuốt ngược hoặc tích hợp vào tác phẩm điêu khắc vải"",
    ""body"": ""Từ vai trở lên, nằm phẳng"",
    ""expression"": ""Điềm tĩnh, trung tính, ánh mắt cường độ cao, môi thư giãn nhưng khép kín"",
    ""pose"": ""Nằm ngửa, thẳng hàng hoàn hảo với trục dọc""
  },
  ""wardrobe_accessories"": {
    ""garments"": [
      {
        ""item"": ""Áo tunic cổ cao"",
        ""material"": ""Lụa thô"",
        ""color"": ""Than chì đậm"",
        ""fit"": ""Có cấu trúc/Kiến trúc""
      }
    ],
    ""accessories"": [
      {
        ""item"": ""Vầng hào quang vải"",
        ""color"": ""Đỏ thẫm và Xanh nửa đêm"",
        ""material"": ""Lụa xếp ly và Gấm"",
        ""brand_style"": ""Thời trang cao cấp siêu thực""
      }
    ]
  },
  ""environment"": {
    ""setting"": ""Bề mặt kết cấu trừu tượng"",
    ""surfaces"": ""Đá phiến phong hóa, Vải dệt nhiều lớp"",
    ""depth"": ""Nông (Phẳng)"",
    ""atmosphere"": ""Tĩnh lặng như chân không, chuyển động lơ lửng"",
    ""lens_interaction"": ""Lấy nét sắc nét từ cạnh này sang cạnh khác""
  },
  ""lighting"": {
    ""key"": ""Đèn Beauty Dish trên đầu (Mềm)"",
    ""fill"": ""Tấm phản sáng trắng (từ dưới máy ảnh)"",
    ""rim"": ""Không"",
    ""shadows"": ""Tối thiểu, đổ bóng mềm mại dưới cằm"",
    ""color_temperature"": ""5600K (Cân bằng ánh sáng ban ngày)"",
    ""sensor_flare"": ""Không""
  },
  ""camera"": {
    ""lens_type"": ""Prime Macro-Capable"",
    ""focal_length"": ""80mm"",
    ""aperture"": ""f/8"",
    ""focus"": ""Khóa trên E""
  }
}","[""https://cms-assets.youmind.com/media/1768890669025_vlz5ay_G_CwIS7XsAAYt4-.jpg"",""https://cms-assets.youmind.com/media/1768890669374_nim0pj_G_CwIR0WYAAxYd6.jpg""]","{""name"":""timedoctor.eth"",""url"":""https://x.com/timedoctor_nft""}",https://x.com/timedoctor_nft/status/2013302693515661588,"Chân dung, Nhiếp ảnh, Điện ảnh, 3D, Tối giản, Sản phẩm, Nội thất, Đồ ăn, Nhân vật, Thời trang, Văn bản, Trừu tượng, Logo"
105,Tiếp thị sản phẩm - Gợi ý tạo ảnh chân dung khách sạn sang trọng vào Giờ Vàng,"Một JSON prompt cực kỳ chi tiết để tạo ra bức chân dung 8K siêu thực của một người phụ nữ đang nằm thư giãn trong phòng khách sạn sang trọng vào giờ vàng. Nó nhấn mạnh ánh sáng mặt trời tự nhiên trực tiếp, gay gắt tạo ra những bóng đổ hình học mạnh mẽ, các chi tiết kết cấu (váy có gân, tóc ướt) và góc nhìn thấp tập trung vào đôi chân và bàn chân trần của chủ thể, đạt được vẻ đẹp sang trọng giản dị, không vướng bận.","{
  ""meta"": {
    ""aspect_ratio"": ""4:5"",
    ""quality"": ""siêu chân thực, thô, phong cách sống của người có ảnh hưởng, biên tập cao cấp"",
    ""resolution"": ""8k"",
    ""camera"": ""Máy ảnh Mirrorless (ví dụ: Sony A7R IV)"",
    ""lens"": ""Ống kính 35mm f/1.4 (chụp toàn thân và môi trường xung quanh)"",
    ""style"": ""Sang trọng giản dị, ngập nắng, thẩm mỹ giờ vàng, tự tin thư thái"",
    ""composition"": ""Chụp toàn thân một người phụ nữ đang ngả lưng trên ghế, góc nhìn thấp nhấn mạnh đôi chân, bố cục căn giữa.""
  },
  ""scene"": {
    ""location"": ""Một phòng khách sạn hoặc phòng ngủ hiện đại, tối giản."",
    ""environment"": [
      ""Ghế thư giãn bọc vải màu be hiện đại với đôn gác chân cùng tông"",
      ""Tủ đầu giường nổi bằng gỗ sáng màu với tai nghe chụp tai màu xanh dương đặt trên đó"",
      ""Lò sưởi gắn tường màu trắng có thể nhìn thấy ở hậu cảnh"",
      ""Tường màu be/trắng nhạt trung tính trơn"",
      ""Chụp đèn màu be ở góc trên""
    ],
    ""time"": ""Chiều muộn, Giờ vàng."",
    ""atmosphere"": ""Lười biếng, ấm áp, sang trọng thầm lặng, không vướng bận, sành điệu.""
  },
  ""lighting"": {
    ""type"": ""Ánh nắng tự nhiên trực tiếp, gay gắt."",
    ""source"": ""Cửa sổ ngoài khung hình ở bên trái."",
    ""effect"": ""Tạo ra những bóng đổ hình học mạnh mẽ, rõ nét (có thể từ khung cửa sổ) trên bức tường phía sau, các vùng sáng có độ tương phản cao trên mặt và chân, tông màu vàng ấm áp.""
  },
  ""subject"": {
    ""identity"": ""Một phụ nữ trẻ tuyệt đẹp với mái tóc vàng bạch kim dài, bóng ướt xõa qua vai. Cô ấy có làn da rám nắng, đôi môi đầy đặn và ánh nhìn tự tin, trực diện."",
    ""body"": {
      ""pose"": ""Ngả sâu vào ghế thư giãn, chân bắt chéo và duỗi về phía máy ảnh (tập trung vào bàn chân và đôi chân trần), một tay đặt trên tay vịn ghế, tay kia đặt trên chân."",
      ""physique"": ""Vóc dáng cân đối, gợi cảm.""
    },
    ""outfit"": {
      ""clothing"": ""Váy mini dệt kim gân {argument name=\""dress color\"" default=\""màu tím\""} bó sát, dài tay."",
      ""accessories"": ""Vòng tay chỉ đỏ trên cổ tay, sơn móng tay màu đen trên cả tay và chân.""
    }
  },
  ""realism_focus"": {
    ""textures"": ""Kết cấu dệt kim gân của chiếc váy màu tím, kết cấu da chân thực dưới ánh nắng gay gắt trực tiếp, từng sợi tóc vàng ướt riêng lẻ, dệt vải của chiếc ghế màu be."",
    ""imperfections"": ""Bóng đổ chân thực, gay gắt trên tường, các nếp nhăn tự nhiên trên váy ở những chỗ cơ thể uốn cong, vị trí đặt tai nghe một cách ngẫu nhiên.""
  }
}","[""https://cms-assets.youmind.com/media/1768890699553_a7klpc_G_Cub-7XoAA7srN.jpg""]","{""name"":""Mikasa"",""url"":""https://x.com/Mikasa_rose729""}",https://x.com/Mikasa_rose729/status/2013300949834702966,"Chân dung, Nhiếp ảnh, Điện ảnh, Tối giản, Sản phẩm, Nhân vật, Thời trang, Văn bản, Logo"
109,Hình ảnh chính thương mại điện tử - Trình tạo hình ảnh chủ đạo cho sản phẩm chăm sóc da,"Một mẫu lời nhắc có thể tùy chỉnh để tạo ra hình ảnh chủ đạo sản phẩm chăm sóc da cao cấp siêu thực. Mẫu này sử dụng các phần giữ chỗ cho sản phẩm, màu nền và các thành phần chính, tập trung vào ánh sáng studio sạch sẽ, phản chiếu sắc nét và các yếu tố nổi (thực vật, xoáy gel, giọt nước) để tạo ra một vẻ đẹp thương mại cao cấp.","đặt chính giữa {argument name=""product type"" default=""FACEWASH_PACKAGING""} trên nền chuyển màu đậm {argument name=""background color 1"" default=""BG_COLOR_1""}→{argument name=""background color 2"" default=""BG_COLOR_2""}, ánh sáng studio hiện đại, phản chiếu sắc nét + bóng đổ mềm mại. Chữ trên nhãn phải dễ đọc: chỉ ""{argument name=""brand name"" default=""BRAND""} {argument name=""product name"" default=""PRODUCT_NAME""}"". Bao quanh bằng KEY_INGREDIENT_1, KEY_INGREDIENT_2, BOTANICAL trôi nổi theo bố cục hình tròn cân đối, cùng với các dải ruy băng gel/bọt bóng loáng (các vòng lặp mượt mà), các giọt nước siêu nhỏ + sương mù nhẹ. Lấy nét cực sắc, DOF nông, 85mm, HDR, ISO100, không gian âm sạch, không lộn xộn, không có hình mờ. Xuất {ASPECT} (1:1/4:5/9:16).","[""https://cms-assets.youmind.com/media/1768890669960_389lzs_G_A1y5CXIAANTX2.jpg"",""https://cms-assets.youmind.com/media/1768890669812_67410t_G_A1zAVX0AAJa21.jpg"",""https://cms-assets.youmind.com/media/1768890670260_lu04jb_G_A1y1wWgAAyNDH.jpg"",""https://cms-assets.youmind.com/media/1768890671110_l4u0yi_G_A1zA8XQAAPvm1.jpg""]","{""name"":""TheAIHeadquarters"",""url"":""https://x.com/DavisonDabiri""}",https://x.com/DavisonDabiri/status/2013168193196449941,"Chân dung, Nhiếp ảnh, Sản phẩm, Văn bản, Logo"
110,Hình ảnh chính thương mại điện tử - Chụp ảnh sản phẩm điện ảnh 8K (Nước hoa),"Một lời nhắc (prompt) có độ chi tiết cao, theo mô-đun để tạo ra ảnh chụp sản phẩm chai nước hoa chất lượng điện ảnh 8K. Nó bao gồm hai mô-đun riêng biệt: một cho chai nước hoa chủ đề rừng và một cho cảnh nước bắn tung tóe, chỉ định ánh sáng, vật liệu và chi tiết siêu nhỏ.","{
  ""global_settings"": {
    ""resolution"": ""8K"",
    ""aspect_ratio"": ""3:4"",
    ""style"": ""nhiếp ảnh sản phẩm điện ảnh chân thực, siêu thực"",
    ""detail_level"": ""chi tiết siêu nhỏ cực độ"",
    ""sharpness"": ""siêu sắc nét"",
    ""noise"": ""không nhiễu"",
    ""compression_artifacts"": ""không có lỗi nén"",
    ""color_depth"": ""màu 16-bit phong phú"",
    ""render_quality"": ""chất lượng thương mại cao cấp"",
    ""ai_finish"": ""chủ nghĩa hiện thực được tăng cường AI sạch sẽ""
  },

  ""module_1"": {
    ""scene_identity"": ""nước hoa_xanh_rừng"",
    ""environment"": {
      ""setting"": ""không khí rừng rậm"",
      ""background"": ""tán lá xanh mờ ảo với độ sâu tách biệt"",
      ""foreground"": ""nền rừng tự nhiên với đất, rêu và mảnh vụn nhỏ"",
      ""props"": [
        ""bệ đá phẳng tự nhiên"",
        ""tảng đá không đều đặt hơi phía sau chai"",
        ""cành cây thông có lá kim rõ ràng ở phía bên phải""
      ],
      ""atmosphere"": ""khói hoặc sương mù nhẹ nhàng bay lên phía sau chai""
    },
    ""product"": {
      ""object_type"": ""chai nước hoa"",
      ""material"": ""thủy tinh mờ có gân"",
      ""color"": ""chất lỏng màu xanh ngọc lục bảo đậm"",
      ""shape"": ""hình trụ với các rãnh dọc"",
      ""cap"": {
        ""material"": ""kim loại"",
        ""finish"": ""vàng bóng"",
        ""shape"": ""hình trụ nhẵn""
      },
      ""label"": ""không có văn bản thương hiệu hiển thị""
    },
    ""lighting"": {
      ""key_light"": ""ánh sáng tự nhiên khuếch tán mềm mại từ phía trước bên trái"",
      ""fill_light"": ""ánh sáng môi trường rừng tinh tế"",
      ""highlights"": ""phản chiếu nhẹ nhàng trên các gân thủy tinh và nắp vàng"",
      ""shadows"": ""bóng đổ mềm mại chân thực dưới chai và đá""
    },
    ""camera"": {
      ""angle"": ""góc sản phẩm ngang tầm mắt"",
      ""focus"": ""lấy nét sắc nét vào chai, độ sâu trường ảnh nông"",
      ""lens_effect"": ""nền bokeh tự nhiên""
    },
    ""mood"": ""tươi mát, hương gỗ, thanh bình, cao cấp, lấy cảm hứng từ thiên nhiên""
  },

  ""module_2"": {
    ""scene_identity"": ""nước hoa_nước_xanh_bắn_tung_tóe"",
    ""environment"": {
      ""setting"": ""cảnh studio dưới nước tối"",
      ""background"": ""chuyển màu từ xanh hải quân đậm sang đen"",
      ""surface"": ""mặt nước gợn sóng với các điểm sáng phản chiếu"",
      ""motion_elements"": [
        ""vệt nước lớn bắn tung tóe lên phía sau chai"",
        ""những giọt nước lơ lửng giữa không trung""
      ],
      ""props"": [
        ""lát chanh (thịt vàng có thể nhìn thấy)"",
        ""lát cam quýt xanh"",
        ""quả mọng nhỏ màu đỏ"",
        ""cành thảo mộc xanh""
      ]
    },
    ""product"": {
      ""object_type"": ""chai nước hoa"",
      ""material"": ""thủy tinh đục"",
      ""color"": ""xanh nửa đêm đậm"",
      ""shape"": ""hình chữ nhật với các cạnh sắc nét"",
      ""cap"": {
        ""material"": ""thủy tinh tối màu tương ứng"",
        ""shape"": ""hình trụ""
      },
      ""text_visible"": [
        ""BLEU DE CHANEL"",
        ""EAU DE PARFUM""
      ]
    },
    ""lighting"": {
      ""key_light"": ""ánh sáng định hướng mạnh từ phía trên bên trước"",
      ""rim_light"": ""điểm sáng lạnh trên vệt nước bắn tung tóe"",
      ""reflections"": ""điểm sáng phản xạ""
    }
  }
}","[""https://cms-assets.youmind.com/media/1768890638679_0rbo6y_G_Auiz5WgAEqfUY.jpg"",""https://cms-assets.youmind.com/media/1768890639096_qd2s06_G_AuizDWQAA9keU.jpg"",""https://cms-assets.youmind.com/media/1768890638950_22nc5e_G_Aui3fXEAENHXC.jpg"",""https://cms-assets.youmind.com/media/1768890640110_sd69rb_G_Aui9WWwAANyRn.jpg""]","{""name"":""ShaHid WaNii"",""url"":""https://x.com/meng_dagg695""}",https://x.com/meng_dagg695/status/2013160227835933059,"Chân dung, Nhiếp ảnh, Điện ảnh, 3D, Pixel, Thiên nhiên, Sản phẩm, Nhân vật, Văn bản, Logo"
111,Hình ảnh chính thương mại điện tử - Gợi ý tạo ảnh ghép trực quan hóa sản phẩm chuông cửa thông minh,"Một lời nhắc chi tiết, có cấu trúc dành cho Nano Banana Pro được thiết kế để tạo ra một ảnh ghép trực quan hóa quảng cáo đa khung cho một chuông cửa thông minh. Nó chỉ định các tính năng của sản phẩm, xác định chín khung hình riêng biệt (Hero Shot, Close Up, Brand Environment, In Use, Isometric Grid, Levitating, Detail Extreme, Editorial Unexpected, Wide Use Scenario) và đặt các thông số kiểu máy ảnh như bảng màu và tâm trạng.","{
  ""ProductReference"": ""{argument name=""Product Features"" default=""Chuông cửa thông minh với nhận diện khuôn mặt, âm thanh hai chiều, nhìn đêm, phát hiện chuyển động, chống chịu thời tiết, thiết kế đẹp mắt, điều khiển qua ứng dụng""}"",
  ""Frame1_HeroShot"": {
    ""Product"": ""Chuông cửa gắn trên lối vào, ống kính đặt chính giữa"",
    ""Background"": ""Lối vào hiện đại màu xám liền mạch""
  },
  ""Frame2_CloseUp"": {
    ""Focus"": ""Độ rõ nét của ống kính camera, lưới micro, cơ chế nút bấm, gioăng chống thấm thời tiết, đèn báo LED, giá đỡ""
  },
  ""Frame3_BrandEnvironment"": {
    ""Setting"": ""Thẩm mỹ lối vào nhà thông minh, an ninh hiện đại"",
    ""Props"": {
      ""Background"": ""Kết cấu cửa trước"",
      ""Surface"": ""Khu vực hiên nhà""
    }
  },
  ""Frame4_InUse"": {
    ""Interaction"": ""Chủ nhà nhận thông báo trên điện thoại, cử chỉ trò chuyện hai chiều"",
    ""Styling"": ""Tương tác an ninh nhà thông minh""
  },
  ""Frame5_IsometricGrid"": {
    ""Count"": ""Chuông cửa với màn hình giao diện ứng dụng"",
    ""Arrangement"": ""Hệ thống lối vào thông minh""
  },
  ""Frame6_Levitating"": {
    ""Concept"": ""Chuông cửa lơ lửng với hình ảnh trực quan hóa vùng an ninh""
  },
  ""Frame7_DetailExtreme"": {
    ""Focus"": ""Cảm biến nhận diện khuôn mặt, chất lượng micro, đầu ra loa, pin dự phòng, ăng-ten WiFi, phạm vi cảm biến chuyển động""
  },
  ""Frame8_EditorialUnexpected"": {
    ""Concept"": ""Chuông cửa như người bảo vệ ngôi nhà, hình ảnh trực quan hóa mạng lưới an ninh"",
    ""Materials"": ""Hệ sinh thái an ninh thông minh""
  },
  ""Frame9_WideUseScenario"": {
    ""Location"": ""Lối vào nhà thông minh hoàn chỉnh với an ninh"",
    ""Props"": [""Khóa thông minh"", ""Đèn lối vào"", ""Thảm chùi chân"", ""Chậu cây"", ""Phụ kiện cửa"", ""Camera an ninh""]
  },
  ""CameraStyle"": {
    ""ColorPalette"": ""Chuông cửa màu đen, ống kính camera màu xanh lam, đèn LED, màu cửa"",
    ""Mood"": ""An ninh thông minh, lối vào nhà, tiện nghi hiện đại""
  }
}","[""https://cms-assets.youmind.com/media/1768890714990_8c7kb2_G_ATVFcXAAAsNMj.jpg""]","{""name"":""松果先森"",""url"":""https://x.com/songguoxiansen""}",https://x.com/songguoxiansen/status/2013130384897421728,"Chân dung, Nhiếp ảnh, Sản phẩm, Nhân vật, Logo"
115,Hình ảnh chính thương mại điện tử - Chụp ảnh sản phẩm bút siêu chân thực,"Một lời nhắc để tạo ra một bức ảnh sản phẩm bút bi cao cấp siêu thực, 8K, chụp tại studio chuyên nghiệp. Tập trung vào việc thể hiện các kết cấu kim loại, chi tiết chạm khắc và phản chiếu chân thực bằng cách sử dụng ánh sáng điện ảnh mềm mại và nền sang trọng tối giản, lý tưởng cho quảng cáo thương mại cao cấp.","Ảnh chụp sản phẩm bút bi cao cấp chuyên nghiệp, siêu thực trong studio, đặt chính giữa trên bề mặt phản chiếu sạch sẽ.
Cây bút được đặt nghiêng nhẹ nhàng để tăng thêm vẻ thanh lịch, làm nổi bật kết cấu kim loại, các chi tiết chạm khắc và phản chiếu chân thực.
Ánh sáng điện ảnh dịu nhẹ với các điểm sáng và bóng tối tinh tế để nhấn mạnh sự khéo léo trong chế tác.
Nền sang trọng tối giản với các tông màu chuyển sắc mượt mà.
Phong cách quảng cáo thương mại cao cấp, vật liệu siêu chi tiết, lấy nét sắc nét, độ sâu trường ảnh, ảnh chụp sản phẩm theo phong cách biên tập.
Không chữ, không watermark, không mờ.
Kích thước ảnh: 3:4
Độ phân giải: 8K
Phong cách: Cao cấp, hiện đại, tối giản, thương hiệu sang trọng","[""https://cms-assets.youmind.com/media/1768804308646_mr7mc5_G-8OLh_XYAEzJfc.jpg""]","{""name"":""Milo"",""url"":""https://x.com/Milo_Bahi_02""}",https://x.com/Milo_Bahi_02/status/2012843154928783620,"Điện ảnh, Tối giản, Sản phẩm, Văn bản"
117,Hình ảnh chính thương mại điện tử - Lời nhắc chụp ảnh món bánh tart chuối caramel siêu thực,"Một prompt cực kỳ chi tiết để tạo ra bức ảnh chụp món bánh tart chuối caramel siêu thực, mang phong cách điện ảnh. Prompt này chỉ định các nguyên liệu, kết cấu, ánh sáng (giờ vàng), các yếu tố nền (các món tráng miệng khác) và cài đặt kỹ thuật máy ảnh (Sony A1 85mm f/1.4) để tạo ra một vẻ đẹp sang trọng cho món tráng miệng.","{
""prompt"": ""ảnh chụp cận cảnh món ăn siêu thực: bánh tart chuối caramel mới nướng, vỏ bánh màu vàng nâu mộc mạc với kết cấu giòn xốp, nhân kem caramel béo ngậy, phủ bên trên là những lát chuối chín được nướng nhẹ hoàn hảo, rưới sốt caramel vàng óng, rắc hạt dẻ cười nghiền và những lọn sô cô la nhỏ xíu, một chiếc thìa đang múc một phần bánh để lộ mặt cắt ngang hấp dẫn của các lớp kem caramel và chuối, không gian tiệm bánh ấm cúng, hậu cảnh mờ ảo với các món tráng miệng khác: truffle sô cô la, mini pavlova với quả mọng, và bánh sừng bò với hạnh nhân lát, bề mặt thớt gỗ mộc mạc, ánh sáng hoàng hôn, hiệu ứng bokeh mềm mại, thẩm mỹ món tráng miệng sang trọng, kết cấu cực kỳ chi tiết, chân thực như ảnh chụp, nhiếp ảnh ẩm thực điện ảnh, độ phân giải 8k, chụp bằng Sony A1 85mm f/1.4, lấy nét cực sắc nét vào bánh tart và thìa, bảng màu ấm áp phong phú với tông nâu caramel, vàng chuối và điểm xuyết màu xanh lá cây tinh tế"",
""negative_prompt"": ""mờ, độ phân giải thấp, lỗi jpeg, hoạt hình, minh họa, vẽ, tranh, trông như nhựa, thức ăn giả, thìa biến dạng, tỷ lệ xấu, chữ, hình mờ, chữ ký, logo, quá bão hòa, nhạt nhòa, đèn flash gắt, ánh sáng lạnh, kết xuất 3d, cgi, thức ăn đồ chơi, mô hình nhà búp bê"",
""aspect_ratio"": ""4:5"",
""seed"": -1,
""cfg_scale"": 7.5,
""steps"": 40,
""sampler"": ""DPM++ 2M Karras or Euler a"",
""clip_skip"": 2
}","[""https://cms-assets.youmind.com/media/1768804210387_ve6r9j_G-69KEDW0AAFJpJ.jpg""]","{""name"":""Waqar Ali"",""url"":""https://x.com/Waqar_sahito01""}",https://x.com/Waqar_sahito01/status/2012754075578978700,"Nhiếp ảnh, Điện ảnh, Minh họa, 3D, Anime, Đồ ăn, Xe cộ, Văn bản, Logo"