id,title,description,content,sourceMedia,author,sourceLink,keywords
7,Sơ đồ 'Đầm lầy' Phát triển AI Agent,"Một lời nhắc dựa trên JSON chi tiết dành cho Nano Banana Pro để tạo ra sơ đồ 'Swamp' (một định dạng meme phổ biến trên internet) minh họa tính chất tuần hoàn của việc bị mắc kẹt trong quá trình phát triển AI Agent. Lời nhắc xác định cấu trúc, phong cách (đơn giản, minh họa dễ thương), bố cục (đường dẫn giới thiệu thẳng dẫn vào một vòng lặp theo chiều kim đồng hồ) và các nút cụ thể với nhân vật, hình ảnh và thuật ngữ đối thoại/suy nghĩ của sơ đồ.","diagram:
  title: ""{argument name=""diagram title"" default=""Vòng Lặp Đầm Lầy Phát Triển AI Agent Sinh Thành""}""
  style:
    character: ""simple_editorial_cute""
    tone: ""light_like_original""
    line: ""soft_round""
    shading: ""flat_minimal""
    palette: ""muted_editorial""
    background: ""light_beige_or_white""

  rule:
    first_character_only: ""Chỉ người đầu tiên là khác""
    others_same_character: ""Tất cả những người khác đều là một""
    anxiety_requires_tech_terms: true
    dialogue_tone: ""Giữ nguyên cách diễn đạt ngắn gọn, nhẹ nhàng của sơ đồ gốc""

layout:
  intro_track: ""Phần trên là một đường thẳng (từ trái sang phải), sau đó rẽ xuống để nối vào vòng lặp""
  loop_track: ""Sắp xếp thành một vòng lặp (hình tròn), với các mũi tên cong theo chiều kim đồng hồ dọc theo chu vi""

nodes:
  # ===== Upper Section: Straight Introduction =====
  - id: A
    zone: ""intro""
    position: ""upper_left""
    actor: ""Người khác (Kỹ sư cấp cao)""
    visual: ""Chỉ vào máy tính xách tay""
    item: ""Màn hình Demo AI Agent""
    says: ""Nó sẽ làm bạn hạnh phúc.""
    arrow_to: { id: B, shape: ""straight"", direction: ""right"" }

  - id: B
    zone: ""intro""
    position: ""upper_center""
    actor: ""Nhân vật chính (Cùng một người)""
    visual: ""Vẫy tay nhẹ""
    says: ""Ngay cả một agent đơn giản...""
    arrow_to: { id: C, shape: ""straight"", direction: ""right"" }

  - id: C
    zone: ""intro""
    position: ""upper_right""
    actor: ""Nhân vật chính (Cùng một người)""
    visual: ""Thực thi mã mẫu""
    item: ""Mẫu LangChain / CrewAI""
    arrow_to: { id: D, shape: ""straight"", direction: ""down"" }

  # ===== D: Awakening Point =====
  - id: D
    zone: ""connector""
    position: ""right_outer_before_loop""
    actor: ""Nhân vật chính (Cùng một người)""
    visual:
      face: ""Mắt mở to (dễ thương)""
      effect: ""Vệt sáng nhỏ của sự cảm hứng""
      posture: ""Nghiêng người về phía trước""
    state: ""Thức tỉnh""
    says: ""Agent, cái này thật điên rồ...""
    micro_text: ""(Thức tỉnh ở đây)""
    arrow_to:
      id: E
      shape: ""gentle_curve""
      direction: ""down_into_ring""

  # ===== Loop Start (Must rotate from here) =====
  - id: E
    zone: ""loop""
    position: ""loop_right_upper""
    actor: ""Nhân vật chính (Cùng một người)""
    visual: ""Ôm đầu (dễ thương)""
    state: ""Bắt đầu lo lắng/khó chịu""
    says: ""Khó chịu""
    thought_terms:
      - ""Thiết kế Prompt""
      - ""Lựa chọn công cụ""
      - ""Thiết kế bộ nhớ""
    thought_text: ""Nó không hoạt động như mong đợi...""
    arrow_to: { id: F, shape: ""curved_along_ring"", direction: ""clockwise"" }

  - id: F
    zone: ""loop""
    position: ""loop_right_lower""
    actor: ""Nhân vật chính (Cùng một người)""
    visual: ""Bị bao quanh bởi mã và nhật ký""
    state: ""Sự khó chịu lắng xuống""
    says: ""Trong trạng thái khó chịu""
    callout: ""Vòng lặp! Chạy loạn! Ảo giác!""
    thought_terms:
      - ""RAG""
      - ""Gọi hàm""
      - ""Sử dụng công cụ""
    arrow_to: { id: G, shape: ""curved_along_ring"", direction: ""clockwise"" }

  - id: G
    zone: ""loop""
    position: ""loop_bottom""
    actor: ""Nhân vật chính (Cùng một người)""
    visual: ""Bị bao phủ bởi ghi chú và sơ đồ""
    says: ""Cơ thể dần dần phát triển khả năng chịu đựng, và việc sử dụng tăng lên.""
    items:
      - ""Sơ đồ kiến trúc Agent""
      - ""Ghi nhớ phân công vai trò""
      - ""Luồng chuyển đổi trạng thái""
    arrow_to: { id: H, shape: ""curved_along_ring"", direction: ""clockwise"" }

  - id: H
    zone: ""loop""
    position: ""loop_left_lower""
    actor: ""Nhân vật chính (Cùng một người)""
    visual: ""Hoạt động tốt, nắm tay nhỏ""
    state: ""Thỏa mãn tạm thời""
    says: ""Mong muốn tạm thời được thỏa mãn""
    arrow_to: { id: I, shape: ""curved_along_ring"", direction: ""clockwise"" }

  - id: I
    zone: ""loop""
    position: ""loop_left_upper""
    actor: ""Nhân vật chính (Cùng một người)""
    visual: ""Suy nghĩ lại""
    state: ""Ám ảnh/Chiếm hữu suy nghĩ""
    says: ""Suy nghĩ về agent""","[""https://cms-assets.youmind.com/media/1766667407596_i77nzi_G8ybmHWagAUO-CF.jpg""]","{""name"":""Studio Veco|日本一ダサい画像を生成する人"",""url"":""https://x.com/studio_veco""}",https://x.com/studio_veco/status/2003147059298443496,"Chân dung, Minh họa, Tối giản, Nội thất, Nhân vật, Văn bản, UI/UX, Meme"
9,Cảnh căn phòng otaku chụp ảnh selfie qua gương chi tiết,"Một prompt Nano Banana rất chi tiết mô tả ảnh selfie trước gương của một cô gái trong góc máy tính otaku tông màu xanh lam, với đầy đủ thông số kỹ thuật về nhân vật, môi trường, ánh sáng, máy ảnh và các prompt phủ định.","### Bối cảnh
Ảnh selfie qua gương trong góc máy tính phong cách otaku, tông màu xanh.

### Chủ thể
* Biểu cảm giới tính: nữ
* Tuổi: khoảng 25
* Dân tộc: Đông Á
* Dáng người: mảnh mai, eo thon; tỷ lệ cơ thể tự nhiên
* Tông da: tông trung tính sáng
* Kiểu tóc:
    * Độ dài: tóc dài ngang eo
    * Kiểu: thẳng với phần đuôi hơi xoăn nhẹ
    * Màu: nâu trung bình
* Tư thế:
    * Dáng đứng: đứng hơi contrapposto
    * Tay phải: cầm điện thoại thông minh trước mặt (giấu danh tính)
    * Tay trái: buông tự nhiên dọc thân
    * Thân trên: thân hơi ngả về sau; eo và bụng lộ ra
* Trang phục:
    * Áo trên: áo khoác len dệt kim dáng lửng màu xanh nhạt, cài hai cúc trên cùng; áo ngực kiểu Pháp màu xanh mờ ảo
    * Quần dưới: quần short denim siêu ngắn, với một chiếc nơ ruy băng satin màu xanh ở mỗi bên hông
    * Vớ: vớ cao quá gối sọc ngang xanh trắng
    * Phụ kiện: ốp điện thoại hình linh vật dễ thương màu xanh

### Môi trường
* Mô tả: góc máy tính trong phòng ngủ nhìn qua gương treo tường
* Đồ đạc:
    * Bàn làm việc màu trắng
    * Một màn hình hiển thị hình nền màu xanh dịu (không có chữ có thể đọc được)
    * Bàn phím cơ với keycap màu trắng trên tấm lót bàn màu xanh
    * Chuột trên tấm lót chuột nhỏ màu xanh
    * Thùng máy tính ở bên phải với đèn case màu xanh
    * Ba mô hình anime trên hoặc gần thùng máy tính
    * Một tấm áp phích hình chùa trên tường
    * Đèn bàn hình mèo có điểm nhấn màu xanh
    * Một ly nước thủy tinh trong suốt
    * Một cây xanh lá cao bên cửa sổ (ở phía bên trái khung hình)
* Thay thế màu sắc: thay thế tất cả các yếu tố ban đầu màu hồng (quần áo và đồ trang trí phòng) bằng tông màu xanh (từ xanh da trời nhạt đến xanh da trời/xanh dừa cạn).

### Ánh sáng
* Nguồn sáng: ánh sáng ban ngày từ cửa sổ lớn bên trái máy ảnh, xuyên qua rèm mỏng
* Chất lượng ánh sáng: ánh sáng mềm, khuếch tán
* Cân bằng trắng (K): 5200

### Máy ảnh
* Chế độ: camera sau của điện thoại thông minh chụp qua gương (không có chế độ chân dung/bokeh)
* Tiêu cự tương đương (mm): 26
* Khoảng cách (m):
    * Chủ thể đến gương: 0.6
    * Máy ảnh đến gương: 0.5
* Phơi sáng:
    * Khẩu độ (f): 1.8
    * ISO: 100
    * Tốc độ màn trập (s): 0.01
    * Bù trừ phơi sáng (EV): -0.3
* Lấy nét: lấy nét vào phần thân trên và quần short trong ảnh phản chiếu qua gương
* Độ sâu trường ảnh: độ sâu trường ảnh sâu tự nhiên của điện thoại thông minh; hậu cảnh hiển thị rõ ràng không bị làm mờ nhân tạo
* Bố cục:
    * Tỷ lệ khung hình: 1:1
    * Cắt: từ đỉnh đầu đến giữa đùi; bao gồm bàn làm việc, màn hình, thùng máy tính và cây xanh trong khung hình
    * Góc: góc hơi cao từ góc nhìn của gương
    * Ghi chú bố cục: giữ chủ thể ở giữa; để tránh biến dạng cạnh góc rộng, hãy để cô ấy đứng xa hơn một chút và cắt thành hình vuông sau.

### Lời nhắc tiêu cực
* Bất kỳ sự xuất hiện nào của màu hồng/đỏ tươi ở bất cứ đâu
* Bộ lọc làm đẹp/da quá mịn; vẻ ngoài da không có lỗ chân lông
* Giải phẫu phóng đại hoặc biến dạng
* NSFW, vải xuyên thấu, sự cố trang phục
* Logo, tên thương hiệu hoặc văn bản giao diện người dùng có thể đọc được
* Hiệu ứng làm mờ chế độ chân dung giả, cảm giác CGI/minh họa","[""https://cms-assets.youmind.com/media/1763889946850_689z0h_G23i3sJW0AASGUw.jpg""]","{""name"":""宝玉"",""url"":""https://x.com/dotey""}",https://x.com/dotey/status/1976485558319722711,"Chân dung, Nhiếp ảnh, Minh họa, 3D, Anime, Nhân vật, Văn bản, Logo, Poster, UI/UX"
10,Tái hiện một cảnh hiện đại theo phong cách tranh Ukiyo-e thời Edo,"Một lời nhắc hình ảnh có cấu trúc cao để mô tả một cảnh hiện đại được tái hiện dưới dạng bản in khắc gỗ Ukiyo-e thời Edo của Nhật Bản, với hướng dẫn chi tiết về công nghệ lỗi thời, bố cục, họa tiết và màu sắc.","Một bản in khắc gỗ Ukiyo-e thời Edo của Nhật Bản. Cảm giác tổng thể là sự hợp tác siêu thực giữa các bậc thầy như Hokusai và Hiroshige, tái hiện công nghệ hiện đại qua lăng kính cổ xưa.

**Bối cảnh:** {argument name=""modern scene"" default=""một ngã tư Shibuya đông đúc""}

**Logic chuyển đổi thời Edo:**
Các nhân vật mặc kimono thời Edo nhưng thực hiện các hành động hiện đại. Tất cả công nghệ được biến đổi thành các vật tương đương siêu thực thời Edo:
* Điện thoại thông minh là những cuộn giấy minh họa phát sáng được đọc một cách chăm chú.
* Ga tàu điện ngầm và tàu hỏa là những cỗ xe rết gỗ khổng lồ, có khớp nối, di chuyển qua đám đông.
* Các tòa nhà chọc trời được tái hiện thành những ngôi chùa gỗ cao chót vót, vươn tới những đám mây ấn tượng.
* Robot và mecha xuất hiện dưới dạng những người đá khắc gỗ khổng lồ, bọc thép.

Bố cục sử dụng phối cảnh phẳng với các đường nét mực khắc thủ công lớn, đậm. Nền có các họa tiết sóng Ukiyo-e được cách điệu mạnh mẽ và những đám mây xoáy ấn tượng, với núi Phú Sĩ ở xa hiện rõ trên đường chân trời.

Hình ảnh phải trông giống như một bản in vật lý, không phải một bức tranh kỹ thuật số.
* Kết cấu: kết cấu vân gỗ rõ nét và sợi giấy thô xuyên suốt tác phẩm.
* Lỗi in ấn: hiện rõ sự lem màu. Mô phỏng các bản in thủ công với sự lệch màu nhẹ để tăng tính chân thực.
* Bảng màu: giới hạn nghiêm ngặt trong các sắc tố khoáng truyền thống, với việc sử dụng chủ đạo màu xanh Phổ, đỏ son và vàng đất xám.
* Ánh sáng: ánh sáng dịu, phẳng, không bóng đổ và không có gradient kỹ thuật số.

Tỷ lệ khung hình là 3:4 cho poster dọc. Bao gồm chữ thư pháp Nhật Bản dọc mô tả cảnh và một con dấu đỏ truyền thống của nghệ sĩ ở một góc.","[""https://cms-assets.youmind.com/media/1764915832381_renotr_G7FuPlzbYAAsuo2.jpg""]","{""name"":""VoxcatAI"",""url"":""https://x.com/VoxcatAI""}",https://x.com/VoxcatAI/status/1995497350543110411,"Minh họa, Ukiyo-e, Nhân vật, Xe cộ, Văn bản, Poster"
15,Hồ sơ / Ảnh đại diện - Lời nhắc chụp ảnh tự sướng trong gương phòng gym siêu thực (Mô phỏng iPhone 17 Pro),"Một prompt mang tính kỹ thuật cao dành cho Gemini Nano Banana Pro được thiết kế để mô phỏng một bức ảnh selfie trong gương phòng gym thô, có độ tương phản cao, được chụp bằng ống kính iPhone 17 Pro góc siêu rộng. Nó yêu cầu độ chân thực sinh học cực cao, lấy nét sắc nét trên mọi mặt phẳng (không có hiệu ứng bokeh), làm thon gọn cơ thể một cách mạnh mẽ và chi tiết kết cấu chân thực trên quần áo và da, hướng tới một vẻ đẹp tự nhiên, không chỉnh sửa như khi đăng lên mạng xã hội.","(Tỷ lệ khung hình điện thoại thông minh 9:16 dọc). Một bức ảnh [Chụp gương nội thất phòng gym] thô, độ tương phản cao được chụp bằng iPhone 17 Pro sử dụng ống kính góc siêu rộng 0.5x. KHÔNG CÓ BOKEH NHÂN TẠO. Mọi mặt phẳng tiêu cự đều SẮC NÉT và rõ ràng, từ làn da của chủ thể đến thiết bị tập gym ở xa.
Chủ thể & Nhận dạng:
• Nhận dạng: Giữ nguyên cấu trúc khuôn mặt hình trái tim chính xác và các đặc điểm độc đáo của người phụ nữ trong Hình ảnh 1 (Selfie).
• Độ trung thực sinh học: Kết xuất vật lý sinh học ""TrueLens"" độ trung thực cao: các lỗ chân lông siêu nhỏ có thể nhìn thấy, làn da ẩm mượt tự nhiên ""satin-finish"" vào ban đêm, và lông tơ mịn bắt sáng từ đèn trên cao CHỈ dọc theo đường quai hàm.
• Hiệu chỉnh hình dáng (TỐI ĐA YẾU TỐ UFF): Ưu tiên thể tích phần thân trên có cấu trúc nổi bật và độ sâu giải phẫu đáng kể, săn chắc ở các chi dưới. Tập trung vào việc thuôn nhọn mạnh mẽ ở phần giữa cơ thể để tối đa hóa hình học đường cong chữ S.
Trang phục & Tương tác kết cấu:
• Trang phục: Một chiếc áo phông dệt kim kỹ thuật màu đen mờ, mật độ cao và quần đùi thể thao tối giản có độ căng cao phù hợp.
• Độ căng: Vải kỹ thuật thể hiện độ căng cơ học cực cao và vừa vặn như chân không, tạo ra sự giãn nở kết cấu chân thực và ""đường căng"" nơi vật liệu ôm sát hình dáng cơ thể cô ấy.
• Vật lý vật chất: Vớ cổ thuyền bằng cotton mật độ cao màu trắng thể hiện sự tiếp xúc kết cấu chân thực và phân bổ trọng lượng trên sàn gạch.
Tư thế & Bố cục:
• Tư thế: Một bức ảnh selfie trong gương góc 3/4. Cô ấy đang đứng với phần thân xoay trục về phía gương, ưỡn lưng và hất hông để làm nổi bật thể tích 3D đối xứng của vóc dáng.
• Hành động: TAY PHẢI cô ấy cầm một chiếc điện thoại thông minh có vỏ trang trí, chụp lại hình ảnh phản chiếu ""kiểm tra trang phục"" toàn thân.
• Lớp phủ UI: Một dấu thời gian đồng hồ kỹ thuật số màu trắng ở góc trên bên trái hiển thị ""8:33 PM"" bằng phông chữ sans-serif đơn giản.
Môi trường & Hiện thực xã hội:
• Ánh sáng: Ánh sáng công nghiệp trực tiếp, gay gắt từ trên cao tạo ra các điểm sáng phản chiếu độ tương phản cao và bóng sâu, rõ nét làm nổi bật hình dạng 3D của cô ấy.
• Nền (SẮC NÉT): Nội thất phòng gym thương mại chi tiết. Một cột cấu trúc màu xanh neon rực rỡ, sàn gạch trắng với các đường ron có thể nhìn thấy, và ghế tập thể dục màu tối đều được LẤY NÉT hoàn hảo. Không có làm mờ nhân tạo.
Chất lượng: Thẩm mỹ ảnh đăng mạng xã hội thô, chưa chỉnh sửa, dải động cao, nhiễu kỹ thuật số có thể nhìn thấy trong các vùng bóng tối sâu (kiểu ISO 1600), độ phân giải 8k. Mọi thứ đều sắc nét, chi tiết và chân thực về mặt vật lý.","[""https://cms-assets.youmind.com/media/1768890706556_m6fybh_G_CcP-yXYAEMd4u.jpg""]","{""name"":""Dan Reed"",""url"":""https://x.com/daaaaanc""}",https://x.com/daaaaanc/status/2013280839228866742,"Chân dung, Nhiếp ảnh, 3D, Tối giản, Tương lai, Nội thất, Văn bản, UI/UX"
19,Hồ sơ / Ảnh đại diện - Chân dung mùa đông trên núi cao từ ảnh sang ảnh,"Một lời nhắc có cấu trúc dành cho Gemini Nano Banana Pro sử dụng mô hình Stable Diffusion XL để tạo ảnh từ ảnh. Nó yêu cầu một hình ảnh tham chiếu được tải lên để giữ nguyên danh tính của đối tượng và tạo ra một bức chân dung mùa đông siêu thực ngoài trời trên ban công núi cao, với mô tả cụ thể là tóc tết hai bên màu vàng bạch kim, biểu cảm vui tươi và ánh sáng ban ngày mùa đông tự nhiên sắc nét.","{
  ""type"": ""image_to_image"",
  ""model"": ""stable-diffusion-xl"",
  ""prompt"": ""Sử dụng hình ảnh đã tải lên làm tài liệu tham khảo chính và giữ nguyên người, cấu trúc khuôn mặt, tông màu da và danh tính. Tạo một bức chân dung mùa đông ngoài trời siêu thực trên ban công gỗ ở vùng núi An-pơ phủ tuyết. Người đó hơi nghiêng về phía máy ảnh với biểu cảm chu môi hôn tinh nghịch. Tóc vàng bạch kim được tạo kiểu thành hai bím tóc dài. Mặc áo dài tay màu đen ôm sát và quần đen. Kính râm hình chữ nhật màu đen sành điệu. Kết cấu da trắng tự nhiên với lỗ chân lông và điểm nhấn chân thực. Bối cảnh bao gồm núi phủ tuyết, cây thông, cabin gỗ và bầu trời mùa đông trong xanh. Tuyết mới phủ trên lan can ban công. Một tách cà phê trắng đặt hờ hững trên lan can gỗ. Ánh sáng ban ngày mùa đông tự nhiên rực rỡ, ánh nắng trong trẻo, bóng đổ chân thực. Chụp bằng ống kính góc rộng, nhiếp ảnh phong cách du lịch, thẩm mỹ Instagram, siêu chi tiết, siêu thực, ảnh chuyên nghiệp."",
  ""negative_prompt"": ""mờ, chất lượng thấp, khuôn mặt méo mó, sai danh tính, thừa ngón tay, thừa chi, giải phẫu học kém, hoạt hình, anime, CGI, da nhựa, tuyết phơi sáng quá mức, hình mờ, logo, chữ"",
  ""settings"": {
    ""denoise_strength"": 0.5,
    ""cfg_scale"": 7,
    ""steps"": 30,
    ""sampler"": ""DPM++ 2M Karras"",
    ""aspect_ratio"": ""3:4"",
    ""seed"": -1
  }
}","[""https://cms-assets.youmind.com/media/1768890710684_0yaxud_G_BCVx7XQAASbey.jpg"",""https://cms-assets.youmind.com/media/1768890710797_p1utsa_G_BCVwqWkAMyFyL.jpg""]","{""name"":""Sudee🥀"",""url"":""https://x.com/NameIsSudee""}",https://x.com/NameIsSudee/status/2013182092331589997,"Chân dung, Nhiếp ảnh, 3D, Anime, Văn bản, Logo, UI/UX"
26,Hồ sơ / Ảnh đại diện - Gen Z Influencer Chụp Ảnh Tự Sướng Trong Hành Lang Màu Pastel,"Một lời nhắc tạo ảnh cực kỳ chi tiết, chân thực như ảnh chụp cho một bức ảnh selfie trước gương với phong cách của một influencer Gen Z. Nó mô tả ngoại hình của chủ thể (tóc búi không gian màu vàng bạch kim, trang điểm cụ thể), trang phục (váy ống xếp ly màu xanh pastel, giày cao gót màu cam), tư thế (quỳ gối, kéo tóc) và một môi trường hành lang trong nhà màu pastel chi tiết, bao gồm cả chi tiết điện thoại cụ thể.","{
  ""meta_data"": {
    ""prompt_version"": ""2.0"",
    ""use_case"": ""Tạo ảnh siêu thực"",
    ""main_subject_count"": 1
  },
  ""subject_layer"": {
    ""anatomy"": {
      ""demographics"": {
        ""gender"": ""Nữ"",
        ""age_group"": ""Người trẻ tuổi"",
        ""ethnicity"": ""Da trắng"",
        ""skin_tone"": ""Sáng với tông đào ấm"",
        ""build"": ""Cân đối, nhỏ nhắn""
      },
      ""face_detail"": {
        ""eyes"": {
          ""color"": ""Xanh dương"",
          ""makeup"": ""Kẻ mắt mèo đen sắc sảo, lông mi rõ nét""
        },
        ""nose"": ""Nhỏ, hình cúc áo"",
        ""mouth"": {
          ""shape"": ""Mở hình chữ 'O' (chu môi/ngạc nhiên)"",
          ""teeth_visibility"": ""Thấy răng trên"",
          ""tongue_visibility"": ""Hơi thấy lưỡi phía sau răng"",
          ""lip_color"": ""Hồng nhạt, tự nhiên""
        },
        ""complexion_accents"": ""Má hồng đậm màu hồng cánh sen trên má và sống mũi (kiểu da rám nắng)""
      },
      ""hair"": {
        ""color"": ""Tóc vàng bạch kim"",
        ""style_core"": ""Hai búi tóc không gọn gàng trên đỉnh đầu"",
        ""framing"": ""Những sợi tóc dài buông lơi ôm lấy khuôn mặt"",
        ""interaction"": ""Chủ thể đang kéo một sợi tóc dài sang một bên bằng tay trái""
      }
    },
    ""attire_layer"": {
      ""garment_main"": {
        ""item"": ""Đầm ống"",
        ""length"": ""Ngắn"",
        ""fit"": ""Ôm sát/Bodycon"",
        ""color"": ""{argument name=\""dress color\"" default=\""Xanh lá chanh pastel\""}"",
        ""texture"": ""Vải nhún, các nếp gấp ngang tự nhiên""
      },
      ""accessories"": {
        ""neck"": ""Vòng cổ choker hạt màu xanh ngọc/xanh mòng két to bản""
      },
      ""footwear"": {
        ""type"": ""Giày cao gót mũi nhọn"",
        ""visibility"": ""Một chiếc giày có thể nhìn thấy trên bàn chân nhấc lên"",
        ""color_way"": ""Cam""
      }
    },
    ""pose_dynamics"": {
      ""posture"": ""Quỳ trên sàn, đầu gối dang rộng, hơi ưỡn lưng dưới"",
      ""orientation"": ""Hướng mặt về phía gương"",
      ""limb_placement"": {
        ""right_arm"": ""Giơ lên cầm điện thoại gần mặt"",
        ""left_arm"": ""Duỗi sang bên giữ sợi tóc"",
        ""legs"": ""Quỳ gối, một bàn chân hơi nhấc lên phía sau""
      }
    }
  },
  ""environment_layer"": {
    ""setting_type"": ""Hành lang/sảnh trong nhà"",
    ""spatial_layout"": {
      ""floor"": ""Thảm trải sàn màu vàng nhạt sang trọng"",
      ""walls"": ""Sơn màu hồng nhạt, ván chân tường màu trắng"",
      ""background_left"": ""Cửa gỗ màu đỏ với tay nắm bạc, công tắc đèn màu trắng"",
      ""background_right"": ""Cầu thang với lan can màu hồng và bậc thang trải thảm màu tím""
    }
  },
  ""composition_and_tech"": {
    ""framing"": {
      ""type"": ""Ảnh tự chụp qua gương"",
      ""angle"": ""Ngang tầm mắt"",
      ""prop_device"": ""Điện thoại thông minh iPhone màu trắng ngà, ốp lưng óng ánh/cầu vồng, camera sau có thể nhìn thấy""
    },
    ""lighting"": {
      ""source"": ""Ánh sáng tự nhiên trong nhà khuếch tán"",
      ""direction"": ""Trước/Phải"",
      ""shadows"": ""Bóng mềm, tự nhiên trên tường phía sau""
    },
    ""aesthetic_style"": {
      ""visual_core"": ""Chủ nghĩa siêu thực"",
      ""vibe"": ""Gen Z Infl""
    }
  }
}","[""https://cms-assets.youmind.com/media/1768804290245_yyhrbj_G-8HddUX0AAJbA4.jpg"",""https://cms-assets.youmind.com/media/1768804290325_vsx8to_G-8w2MhWsAANB8i.jpg"",""https://cms-assets.youmind.com/media/1768804290419_4oztcw_G-8w2OvWIAAvfYU.jpg"",""https://cms-assets.youmind.com/media/1768804291792_2opmkn_G-8HddUWsAA21S7.jpg""]","{""name"":""KeorUnreal"",""url"":""https://x.com/KeorUnreal""}",https://x.com/KeorUnreal/status/2012881277297311760,"Chân dung, Nhóm người, Nhiếp ảnh, Điện ảnh, Thành phố, Văn bản, UI/UX"
27,Hồ sơ / Ảnh đại diện - Ảnh Chụp Selfie Phản Chiếu Chân Thực Với Tóc Búi Không Gian Và Váy Hồng (Bản Sao),"Một JSON prompt chi tiết cho Nano Banana Pro để tạo ra một bức ảnh selfie phản chiếu chân thực của một phụ nữ trẻ đang quỳ trên sàn trải thảm, mặc một chiếc váy ống màu hồng pastel và đi giày thể thao cổ cao, nhấn mạnh các biểu cảm khuôn mặt cụ thể, kiểu tóc (tóc búi hai bên), và bố cục môi trường chi tiết.","{
  ""meta_data"": {
    ""prompt_version"": ""2.0"",
    ""use_case"": ""Photorealistic Image Generation"",
    ""main_subject_count"": 1
  },
  ""subject_layer"": {
    ""anatomy"": {
      ""demographics"": {
        ""gender"": ""Nữ"",
        ""age_group"": ""Người trẻ tuổi"",
        ""ethnicity"": ""Da trắng"",
        ""skin_tone"": ""Sáng với tông đào ấm"",
        ""build"": ""Mảnh mai, nhỏ nhắn""
      },
      ""face_detail"": {
        ""eyes"": {
          ""color"": ""Xanh dương/Xám"",
          ""makeup"": ""Kẻ mắt mèo sắc nét màu đen, lông mi rõ ràng""
        },
        ""nose"": ""Nhỏ, hình cúc áo"",
        ""mouth"": {
          ""shape"": ""Mở hình chữ 'O' (chu môi/ngạc nhiên)"",
          ""teeth_visibility"": ""Thấy răng hàm trên"",
          ""tongue_visibility"": ""Hơi thấy lưỡi phía sau răng"",
          ""lip_color"": ""Hồng nhạt, tự nhiên""
        },
        ""complexion_accents"": ""Má hồng đậm màu hồng phấn trên má và sống mũi (kiểu da rám nắng)""
      },
      ""hair"": {
        ""color"": ""Vàng sẫm đến nâu nhạt"",
        ""style_core"": ""Hai búi tóc cao lộn xộn"",
        ""framing"": ""Những sợi tóc dài lỏng lẻo ôm lấy khuôn mặt"",
        ""interaction"": ""Chủ thể đang dùng tay trái kéo một sợi tóc dài sang một bên""
      }
    },
    ""attire_layer"": {
      ""garment_main"": {
        ""item"": ""Váy ống"",
        ""length"": ""Ngắn"",
        ""fit"": ""Ôm sát/Bodycon"",
        ""color"": ""{argument name=\""dress color\"" default=\""Hồng pastel\""}"",
        ""texture"": ""Vải nhún, các nếp gấp ngang tự nhiên""
      },
      ""accessories"": {
        ""neck"": ""Vòng cổ choker hạt màu xanh ngọc/xanh mòng két to bản""
      },
      ""footwear"": {
        ""type"": ""Giày thể thao cổ cao"",
        ""visibility"": ""Một chiếc giày có thể nhìn thấy trên bàn chân nhấc lên"",
        ""color_way"": ""Đế trắng với các mảng màu xanh navy và xám""
      }
    },
    ""pose_dynamics"": {
      ""posture"": ""Quỳ trên sàn, hai đầu gối dang rộng, hơi ưỡn lưng dưới"",
      ""orientation"": ""Hướng mặt về phía gương"",
      ""limb_placement"": {
        ""right_arm"": ""Giơ lên cầm điện thoại gần mặt"",
        ""left_arm"": ""Duỗi sang một bên giữ sợi tóc"",
        ""legs"": ""Quỳ, một bàn chân hơi nhấc lên phía sau""
      }
    }
  },
  ""environment_layer"": {
    ""setting_type"": ""Hành lang/ chiếu nghỉ trong nhà"",
    ""spatial_layout"": {
      ""floor"": ""Thảm lông màu xám nhạt trải kín sàn"",
      ""walls"": ""Sơn màu xanh lam-xám nhạt, chân tường màu trắng"",
      ""background_left"": ""Cửa gỗ màu trắng với tay nắm bạc, công tắc đèn màu trắng"",
      ""background_right"": ""Cầu thang với lan can trắng và bậc thang trải thảm xám""
    }
  },
  ""composition_and_tech"": {
    ""framing"": {
      ""type"": ""Chụp ảnh tự sướng qua gương"",
      ""angle"": ""Ngang tầm mắt"",
      ""prop_device"": ""Điện thoại thông minh màu trắng, ốp lưng màu ngọc trai/cầu vồng, có thể nhìn thấy camera sau""
    },
    ""lighting"": {
      ""source"": ""Ánh sáng tự nhiên trong nhà khuếch tán"",
      ""direction"": ""Phía trước/Bên phải"",
      ""shadows"": ""Bóng mềm mại, tự nhiên trên bức tường phía sau""
    },
    ""aesthetic_style"": {
      ""visual_core"": ""Chủ nghĩa hiện thực ảnh"",
      ""vibe"": """"
    }
  }
}","[""https://cms-assets.youmind.com/media/1768804287979_vtssaf_G-8kul8XQAEeLFK.jpg""]","{""name"":""Emer"",""url"":""https://x.com/emer_web3""}",https://x.com/emer_web3/status/2012867953574936773,"Chân dung, Nhóm người, Nhiếp ảnh, Điện ảnh, Thành phố, Văn bản, UI/UX"
28,Hồ sơ / Ảnh đại diện - Ảnh selfie chân thực như ảnh chụp gương với tóc búi hai bên và váy hồng,"Một JSON prompt chi tiết cho Nano Banana Pro để tạo ra một bức ảnh selfie chân thực như ảnh chụp của một phụ nữ trẻ đang quỳ trên sàn trải thảm, mặc một chiếc váy ống màu hồng pastel và đi giày thể thao cổ cao, nhấn mạnh các biểu cảm khuôn mặt cụ thể, kiểu tóc (tóc búi hai bên), và bố cục môi trường chi tiết.","{
  ""meta_data"": {
    ""prompt_version"": ""2.0"",
    ""use_case"": ""Photorealistic Image Generation"",
    ""main_subject_count"": 1
  },
  ""subject_layer"": {
    ""anatomy"": {
      ""demographics"": {
        ""gender"": ""Nữ"",
        ""age_group"": ""Người trẻ tuổi"",
        ""ethnicity"": ""Da trắng"",
        ""skin_tone"": ""Sáng với tông đào ấm"",
        ""build"": ""Mảnh mai, nhỏ nhắn""
      },
      ""face_detail"": {
        ""eyes"": {
          ""color"": ""Xanh dương/Xám"",
          ""makeup"": ""Kẻ mắt mèo đen sắc sảo, lông mi rõ nét""
        },
        ""nose"": ""Nhỏ, hình cúc áo"",
        ""mouth"": {
          ""shape"": ""Mở hình chữ 'O' (chu môi/ngạc nhiên)"",
          ""teeth_visibility"": ""Thấy răng hàm trên"",
          ""tongue_visibility"": ""Hơi thấy lưỡi phía sau răng"",
          ""lip_color"": ""Hồng nhạt, tự nhiên""
        },
        ""complexion_accents"": ""Má hồng đậm màu hồng phấn trên má và sống mũi (kiểu da rám nắng)""
      },
      ""hair"": {
        ""color"": ""Vàng sẫm đến nâu nhạt"",
        ""style_core"": ""Hai búi tóc cao lộn xộn"",
        ""framing"": ""Những lọn tóc dài buông lơi ôm lấy khuôn mặt"",
        ""interaction"": ""Chủ thể đang dùng tay trái kéo một lọn tóc dài sang một bên""
      }
    },
    ""attire_layer"": {
      ""garment_main"": {
        ""item"": ""Váy ống"",
        ""length"": ""Ngắn"",
        ""fit"": ""Ôm sát/Bodycon"",
        ""color"": ""{argument name=\""dress color\"" default=\""Hồng pastel\""}"",
        ""texture"": ""Vải nhún, có các nếp gấp ngang tự nhiên""
      },
      ""accessories"": {
        ""neck"": ""Vòng cổ choker hạt màu xanh ngọc/xanh mòng két to bản""
      },
      ""footwear"": {
        ""type"": ""Giày thể thao cổ cao"",
        ""visibility"": ""Một chiếc giày có thể nhìn thấy trên bàn chân nhấc lên"",
        ""color_way"": ""Đế trắng với các mảng màu xanh navy và xám""
      }
    },
    ""pose_dynamics"": {
      ""posture"": ""Quỳ trên sàn, đầu gối dang rộng, hơi ưỡn lưng dưới"",
      ""orientation"": ""Hướng mặt về phía gương"",
      ""limb_placement"": {
        ""right_arm"": ""Giơ lên cầm điện thoại gần mặt"",
        ""left_arm"": ""Duỗi sang bên giữ lọn tóc"",
        ""legs"": ""Quỳ, một bàn chân hơi nhấc lên phía sau""
      }
    }
  },
  ""environment_layer"": {
    ""setting_type"": ""Hành lang/ chiếu nghỉ trong nhà"",
    ""spatial_layout"": {
      ""floor"": ""Thảm lông màu xám nhạt trải kín sàn"",
      ""walls"": ""Sơn màu xanh xám nhạt, chân tường màu trắng"",
      ""background_left"": ""Cửa gỗ màu trắng có ô kính với tay nắm bạc, công tắc đèn màu trắng"",
      ""background_right"": ""Cầu thang với lan can màu trắng và bậc thang trải thảm xám""
    }
  },
  ""composition_and_tech"": {
    ""framing"": {
      ""type"": ""Chụp ảnh tự sướng qua gương"",
      ""angle"": ""Ngang tầm mắt"",
      ""prop_device"": ""Điện thoại thông minh màu trắng, ốp lưng màu ngọc trai/cầu vồng, có thể nhìn thấy camera sau""
    },
    ""lighting"": {
      ""source"": ""Ánh sáng tự nhiên trong nhà khuếch tán"",
      ""direction"": ""Phía trước/Bên phải"",
      ""shadows"": ""Bóng đổ mềm mại, tự nhiên trên bức tường phía sau""
    },
    ""aesthetic_style"": {
      ""visual_core"": ""Chủ nghĩa hiện thực ảnh"",
      ""vibe"": """"
    }
  }
}","[""https://cms-assets.youmind.com/media/1768804277697_9ns3jh_G-8HddUX0AAJbA4.jpg"",""https://cms-assets.youmind.com/media/1768804278178_tuzoub_G-8HddUWsAA21S7.jpg""]","{""name"":""Melisa♡"",""url"":""https://x.com/xmliisu""}",https://x.com/xmliisu/status/2012835782151594157,"Chân dung, Nhóm người, Nhiếp ảnh, Điện ảnh, Thành phố, Văn bản, UI/UX"
30,Bài đăng trên mạng xã hội - Hình ảnh quảng cáo sách theo phong cách tàu hỏa,"Một lời nhắc chi tiết bằng tiếng Nhật để tạo quảng cáo theo phong cách sách kinh doanh tỷ lệ 16:9, có hình ảnh sách cụ thể với các điểm sao chép bằng tiếng Nhật.","Vui lòng tạo một hình ảnh quảng cáo.

==== Thông số quảng cáo ===
- Tỷ lệ khung hình: 16:9 (ngang)
- Sản phẩm quảng cáo: cuốn sách trong hình ảnh đính kèm đầu tiên
- Điểm nhấn chính: đặt cuốn sách từ hình ảnh đính kèm đầu tiên theo cách ba chiều
- Ngôn ngữ: tiếng Nhật
- Phong cách: quảng cáo sách kinh doanh

# Văn bản cần đưa vào:
- Văn bản trước tiêu đề: 【Tái bản đã được quyết định chỉ một tuần sau khi phát hành】

Sách “{argument name=""book_title_en"" default=""Designing from Zero with AI""}” hiện đang bán chạy.

Xếp hạng Bán chạy nhất trên Amazon
Xếp hạng số 1 về doanh số thiết kế thương mại (tính đến ngày 15/10)
https://t.co/QxbYpfFVj6","[""https://cms-assets.youmind.com/media/1763885539326_yao7in_G6WBYReawAAcp2x.jpg""]","{""name"":""KAWAI"",""url"":""https://x.com/kawai_design""}",https://x.com/kawai_design/status/1992142466255114727,"Sản phẩm, UI/UX"
31,Bài đăng trên mạng xã hội - Chân dung nhà hàng ngoài trời ở London với Nano Banana Pro,"Một lời nhắc nhở chân thực như ảnh về một phụ nữ trẻ tại một nhà hàng ngoài trời yên tĩnh ở London vào một buổi sáng tháng 3 trong lành, với độ sâu trường ảnh nông và cảm giác như ảnh chụp bằng điện thoại tự nhiên.","Tạo một hình ảnh chân thực về một phụ nữ trẻ đang ngồi tại một nhà hàng ngoài trời thư giãn ở {argument name=""city in english"" default=""London""} vào một buổi sáng thứ Tư mát mẻ trong tháng 3 năm {argument name=""year in english"" default=""2025""}. Bầu trời trong xanh, không khí mùa xuân trong lành, và thành phố cảm thấy yên bình khi thức giấc. Cô ấy là tâm điểm của bức ảnh—đeo một chiếc khăn mỏng, nhẹ nhàng khuấy trà trong khi nhìn sang một bên với vẻ mặt trầm tư. Mọi thứ phía sau cô ấy, từ người phục vụ đang di chuyển đến dòng xe cộ buổi sáng nhẹ nhàng, nên được làm mờ một cách mượt mà, tạo cho bức ảnh một không khí tự nhiên, chân thực của một khoảnh khắc được chụp ngẫu nhiên bằng điện thoại.","[""https://cms-assets.youmind.com/media/1764909307226_bcwb2i_G7QIraQaoAANflM.jpg"",""https://cms-assets.youmind.com/media/1764909309972_89pbp7_G7QIrrebwAAGCPK.jpg""]","{""name"":""Johnn"",""url"":""https://x.com/john_my07""}",https://x.com/john_my07/status/1996230085645623770,"Chân dung, Xe cộ, Thành phố"
32,Bài đăng trên mạng xã hội - Lời nhắc tổng hợp quảng cáo trên mạng xã hội,"Một Nano Banana Pro prompt có cấu trúc chặt chẽ được thiết kế để tạo ra một hình ảnh tổng hợp, trong đó một nhân vật (dựa trên hình ảnh tham chiếu) được ghép lên một ảnh chụp màn hình trang hồ sơ mạng xã hội, đang tích cực chỉ vào nút 'Follow'. Nó chỉ định tính nhất quán về danh tính, góc chụp selfie từ trên cao và cử chỉ tay chi tiết để mô phỏng việc nhấn nút đăng ký, nhằm mục đích tạo phong cách quảng cáo của người có ảnh hưởng.","{
  ""edit_type"": ""creative_composite_layering"",

  ""source"": {
    ""_hint"": ""Logic cơ bản: Nhân vật (Tham chiếu 1) được đặt LÊN TRÊN Ảnh nền (Tham chiếu 2)."",
    ""mode"": ""EDIT"",
    ""reference_images"": {
      ""first"": ""foreground_character_person"",
      ""second"": ""background_scenery_or_pattern""
    },
    ""preserve_from_first"": {
      ""same_person_or_group"": true,
      ""same_faces"": true,
      ""same_hairstyles"": true,
      ""same_outfits"": true
    }
  },

  ""identity"": {
    ""keep_identity_consistent"": true,
    ""expression"": ""bright_engaging_smile_at_camera""
  },

  ""camera_effect"": {
    ""_hint"": ""Phong cách selfie góc cao, tạo cảm giác chiều sâu giữa bàn tay và khuôn mặt."",
    ""perspective"": ""high_angle_shot_looking_down"",
    ""style"": ""social_media_call_to_action"",
    ""depth_of_field"": ""focus_on_face_and_pointing_finger"",
    ""framing"": ""character_centered_with_space_at_top_right""
  },

  ""pose"": {
    ""_hint"": ""Hành động chính: Nằm nhưng chủ động chỉ vào khu vực nút 'Theo dõi' (Trên cùng bên phải)."",
    ""pose_style"": ""lying_down_or_reclining_on_back"",
    ""face_direction"": ""looking_directly_up_into_lens"",
    ""hand_gestures"": {
      ""right_hand_action"": ""pointing_index_finger"",
      ""target_direction"": ""upper_right_corner_45_degrees"",
      ""purpose"": ""mimicking_pressing_subscribe_button"",
      ""arm_position"": ""extended_towards_camera_top_right""
    },
    ""body_language"": ""inviting_and_energetic"",
    ""style_tags"": [
      ""kpop_idol_fan_service"",
      ""influencer_promo_style"",
      ""dynamic_perspective""
    ]
  },

  ""background_integration"": {
    ""_hint"": ""Hình ảnh tham chiếu thứ hai là nền/sàn."",
    ""method"": ""full_background_replacement"",
    ""target_area"": ""entire_canvas_behind_character"",
    ""content_source"": ""reference_image_second"",
    ""perspective_match"": ""flat_lay_style"",
    ""rules"": {
      ""character_must_be_top_layer"": true,
      ""leave_space_in_upper_right_for_ui"": true
    }
  },

  ""composition"": {
    ""_hi"": """"
  }
}","[""https://cms-assets.youmind.com/media/1768890722190_d6cx29_G_Fa-sGXwAASQrG.jpg""]","{""name"":""BeautyVerse"",""url"":""https://x.com/BeautyVerse_Lab""}",https://x.com/BeautyVerse_Lab/status/2013490554466939282,"Chân dung, Nhóm người, Nhiếp ảnh, Tối giản, Sản phẩm, Nhân vật, Thời trang, Trừu tượng, Logo, UI/UX"
33,Bài đăng trên mạng xã hội - Lời nhắc hiện thực siêu chân thực về người có ảnh hưởng đen tối,"Một lời nhắc (prompt) định dạng JSON cực kỳ chi tiết để tạo ra hình ảnh siêu chân thực của một phụ nữ đang chụp ảnh selfie trước gương trong phòng thay đồ của một căn penthouse sang trọng, nhấn mạnh phong cách hiện thực của những người có ảnh hưởng (influencer) với tông màu tối, ánh sáng yếu và kết cấu da tự nhiên.","{
  ""meta"": {
    ""aspect_ratio"": ""9:16"",
    ""quality"": ""ultra_photorealistic"",
    ""resolution"": ""8k"",
    ""camera"": ""iPhone 15 Pro"",
    ""lens"": ""26mm"",
    ""style"": ""dark influencer realism, low light iphone look, natural skin texture, subtle grain, imperfect handheld framing""
  },

  ""scene"": {
    ""location"": ""phòng thay đồ sang trọng trong căn penthouse"",
    ""environment"": [
      ""tấm gương lớn từ sàn đến trần"",
      ""cửa tủ quần áo màu đen bóng"",
      ""ghế nhung màu be ấm áp"",
      ""khay trang sức mở với các món đồ nằm rải rác"",
      ""đường chân trời thành phố mờ ảo nhìn qua cửa kính""
    ],
    ""time"": ""sau nửa đêm"",
    ""atmosphere"": ""riêng tư, đắt tiền, hơi nóng sau bữa tiệc, thân mật một cách nguy hiểm""
  },

  ""lighting"": {
    ""type"": ""ánh sáng xung quanh thấp + điểm nhấn ấm áp"",
    ""sources"": [
      ""đèn mờ ấm áp phía sau chủ thể"",
      ""dải đèn LED nhỏ bên trong các kệ tủ quần áo"",
      ""ánh sáng mờ ảo từ thành phố qua cửa sổ""
    ],
    ""direction"": ""ánh sáng viền phía sau + bên hông tạo hình hông, eo và ngực"",
    ""effect"": ""bóng sâu, điểm sáng ấm áp trên các đường cong, bóng tối điện ảnh, nhiễu hạt nhẹ kiểu iPhone""
  },

  ""subject"": {
    ""gender"": ""{argument name=\""gender\"" default=\""female\""}"",
    ""age_vibe"": ""người trẻ tuổi"",
    ""ethnicity"": ""người Đông Âu tóc vàng"",

    ""body"": {
      ""type"": ""dáng đồng hồ cát mảnh mai"",
      ""chest"": ""rất đầy đặn và nổi bật"",
      ""waist"": ""nhỏ nhắn"",
      ""hips"": ""tròn và cong"",
      ""legs"": ""dài, mịn màng, thanh lịch""
    },

    ""skin"": {
      ""tone"": ""sứ với ánh sáng ấm áp mờ ảo"",
      ""texture"": ""lỗ chân lông thật, bóng tự nhiên, không chỉnh sửa bằng airbrush""
    },

    ""hair"": {
      ""color"": ""tóc vàng bạch kim"",
      ""style"": ""tóc gợn sóng dài buông xõa"",
      ""details"": ""những lọn tóc bóng mượt bắt ánh đèn ấm áp""
    },

    ""face"": {
      ""structure"": ""rất xinh đẹp, như búp bê"",
      ""expression"": ""tự tin lạnh lùng, điềm tĩnh"",
      ""eyes"": ""mắt xanh nhạt, khép hờ"",
      ""mouth"": ""môi đầy đặn hơi hé mở"",
      ""makeup"": ""trang điểm nhẹ nhàng quyến rũ, lông mi dày, tạo khối tinh tế, môi bóng""
    }
  },

  ""pose"": {
    ""overall"": ""chụp ảnh tự sướng qua gương, đứng góc 3/4, lưng cong sâu"",

    ""lower_body"": {
      ""legs"": ""một chân thẳng, chân kia hơi cong nhẹ"",
      ""stance"": ""ổn định và có chủ ý""
    },

    ""hips"": {
      ""position"": ""đẩy ra sau và hơi nghiêng"",
      ""effect"": ""hông chiếm ưu thế khung hình với bóng đổ""
    },

    ""torso"": {
      ""arch"": ""lưng dưới cong sâu"",
      ""chest"": ""hướng về phía trước một cách tự nhiên"",
      ""posture"": ""sự thống trị thầm lặng, sự tự tin được thương mại hóa""
    },

    ""arms"": {
      ""one_arm"": ""một tay nhẹ nhàng chạm mép gương"",
      ""other_arm"": ""tay kia cầm điện thoại thấp gần hông""
    },

    ""head"": {
      ""tilt"": ""hơi nghiêng"",
      ""gaze"": ""nhìn vào màn hình điện thoại qua gương, không bận tâm""
    }
  },

  ""outfit"": {
    ""clothing"": {
      ""top"": {
        ""type"": ""áo crop top co giãn siêu mỏng màu đen"",
        ""fit"": ""ôm sát, không áo ngực, hơi trong suốt dưới ánh sáng ấm áp"",
        ""details"": ""độ căng của vải và đường nét tinh tế có thể nhìn thấy, tinh tế nhưng rõ ràng""
      },
      ""bott"": """"
    }
  }
}","[""https://cms-assets.youmind.com/media/1768890742772_2kidkw_G-fbe_DWIAEJy3e.jpg""]","{""name"":""babydoll"",""url"":""https://x.com/bananababydoll""}",https://x.com/bananababydoll/status/2013488410506179036,"Chân dung, Nhiếp ảnh, Điện ảnh, Nhân vật, Thời trang, Thành phố, Văn bản"
34,Bài đăng trên mạng xã hội - Gợi ý Lưới Kiểu Tóc Năm Mới (Nữ),"Một prompt cho Nano Banana Pro được thiết kế để tạo ra ảnh ghép lưới 4x3 của cùng một chủ thể nữ với nhiều kiểu tóc khác nhau (tóc thẳng dài, tóc đuôi ngựa cao, búi tóc rối, tóc pixie, v.v.). Nó nhấn mạnh sự nhất quán nghiêm ngặt về đặc điểm khuôn mặt, trang phục/trang điểm trung tính, ánh sáng studio mềm mại và kết cấu da chân thực, tạo ra một loạt ảnh chân dung chuyên nghiệp để lấy cảm hứng về kiểu tóc.","Đây là một ảnh ghép chất lượng cao, hiển thị cùng một người với các đặc điểm và biểu cảm khuôn mặt hoàn toàn giống nhau, được thể hiện trong nhiều khung hình, mỗi khung hình có một kiểu tóc khác nhau. Mỗi khung hình hiển thị một kiểu tóc độc đáo, chẳng hạn như {argument name=""Hairstyle List"" default=""tóc thẳng dài, tóc đuôi ngựa buộc cao, tóc búi rối, tóc tém pixie, tóc tết vương miện, tóc gợn sóng nhẹ, tóc bob ngắn có mái, tóc búi thấp, tóc tết một bên và tóc xoăn lọn bồng bềnh""}. Tất cả các bức ảnh đều sử dụng trang phục và trang điểm trung tính đồng nhất, ánh sáng studio dịu nhẹ, nền mờ ấm áp, kết cấu da chân thực, đối xứng khuôn mặt nhất quán, chi tiết cực kỳ sắc nét, phong cách làm đẹp biên tập, bố cục lưới 4x3, ảnh chân dung chuyên nghiệp.","[""https://cms-assets.youmind.com/media/1768890721130_1ebzv7_G_FVPjNW0AAQGr2.jpg""]","{""name"":""Michelle"",""url"":""https://x.com/Michell81147285""}",https://x.com/Michell81147285/status/2013485190346350696,Chân dung
35,Bài đăng trên mạng xã hội - Lời nhắc tạo ảnh chân dung phong cách Glamour sòng bạc cổ điển,"Một Nano Banana prompt chi tiết để tạo ra một bức chân dung cổ điển và thanh lịch của một chủ thể đang ngồi trên ghế đẩu cao tại sàn sòng bạc. Nó chỉ định trang phục của chủ thể (váy slip dress mini màu đen với dây đeo đính đá, sandal đế xuồng chunky), môi trường (thảm họa tiết Psychedelic, ghế bar bọc đệm màu đỏ, bảng hiệu máy đánh bạc), và cài đặt máy ảnh kỹ thuật (đèn flash trực tiếp trên máy ảnh, góc cực thấp, mô phỏng máy ảnh kỹ thuật số compact những năm 2000) để đạt được một vẻ đẹp Las Vegas cổ điển, độ tương phản cao.","{
  ""image_generation_request"": {
    ""meta_settings"": {
      ""aspect_ratio"": ""9:16"",
      ""model_version"": ""v6.0"",
      ""stylize_value"": 250,
      ""quality"": ""High""
    },
    ""subject_definition"": {
      ""identity_source"": {
        ""method"": ""Image Reference"",
        ""instruction"": ""Giữ nguyên các đặc điểm khuôn mặt và tóc từ hình ảnh tham chiếu đã tải lên một cách nghiêm ngặt.""
      },
      ""body_language"": {
        ""pose"": ""Ngồi trên ghế đẩu cao, thân người nghiêng 30 độ sang trái, chân bắt chéo thanh lịch ở đầu gối để kéo dài dáng người."",
        ""hands"": ""Đặt hờ hững trên đùi trên, các ngón tay thư giãn, khoe nhẫn."",
        ""gaze"": ""Nhìn hơi xuống ống kính máy ảnh hoặc trực tiếp vào đèn flash.""
      }
    },
    ""fashion_and_styling"": {
      ""garment_main"": {
        ""item"": ""Đầm slip mini màu đen"",
        ""fabric"": ""Satin hoặc hỗn hợp lụa bóng cao"",
        ""fit"": ""Ôm sát, dáng bodycon vừa vặn"",
        ""details"": [
          ""Dây áo spaghetti làm từ đá lấp lánh"",
          ""Cổ khoét sâu"",
          ""Vạt váy mini để lộ chân""
        ]
      },
      ""footwear"": {
        ""item"": ""Sandal đế xuồng"",
        ""style"": ""Gót khối chunky, lấy cảm hứng từ thập niên 1990/Y2K"",
        ""material"": ""Da bóng hoặc satin đen"",
        ""details"": ""Quai mắt cá chân khóa bạc, hở mũi""
      }
    },
    ""jewelry"": {
      ""ears"": ""Khuyên tai vòng bạc sterling cỡ lớn"",
      ""hands"": ""Nhiều nhẫn bạc xếp chồng tinh xảo""
    },
    ""environmental_context"": {
      ""location"": ""Sàn Casino Cổ điển"",
      ""flooring"": {
        ""type"": ""Thảm hoa văn"",
        ""texture"": ""Nylon đã sờn"",
        ""design"": ""Các xoáy nước ảo giác màu xanh mòng két, cam cháy và xanh hoàng gia"",
        ""vibe"": ""Thẩm mỹ Las Vegas cổ điển""
      },
      ""furniture"": {
        ""item"": ""Ghế bar casino"",
        ""material"": ""Ghế bọc da giả màu đỏ có nút"",
        ""base"": ""Đế kim loại bằng đồng hoặc vàng bị xỉn màu với chỗ để chân""
      },
      ""props_and_background"": {
        ""primary_prop"": ""Máy đánh bạc"",
        ""prop_details"": ""Bảng hiệu được chiếu sáng với dòng chữ '{argument name=\""Slot Machine Marquee\"" default=\""TRIPLE JACKPOT GEMS\""}', các nút phát sáng, phản chiếu màn hình kính"",
        ""atmosphere"": ""Bối cảnh mờ ảo, đông đúc, khói thuốc với ánh sáng bokeh từ các máy khác""
      }
    },
    ""photography_technical"": {
      ""camera_simulation"": ""Máy ảnh kỹ thuật số compact đầu những năm 2000 (ví dụ: Sony Cybershot hoặc Canon PowerShot)"",
      ""lighting_style"": {
        ""type"": ""Đèn flash trực tiếp trên máy ảnh"",
        ""characteristics"": [
          ""Bóng đổ sắc nét ngay phía sau chủ thể"",
          ""Độ tương phản cao"",
          ""Điểm sáng quá mức trên da và vải"",
          ""Góc bị tối""
        ]
      },
      ""composition"": {
        ""angle"": ""Góc cực thấp (Góc nhìn từ dưới lên)"",
        ""focus"": ""Lấy nét sắc nét vào chủ thể, làm mờ nhẹ hậu cảnh"",
        ""framing"": ""Chụp toàn thân nhấn mạnh""
      }
    }
  }
}","[""https://cms-assets.youmind.com/media/1768890722879_12446f_G_EOXDUXMAARheL.jpg""]","{""name"":""Adam也叫吉米"",""url"":""https://x.com/Adam38363368936""}",https://x.com/Adam38363368936/status/2013406753770119423,"Chân dung, Nhiếp ảnh, Điện ảnh, Cổ điển, Nhân vật, Thời trang, Văn bản, Logo"
36,Bài đăng trên mạng xã hội - Đồ mặc nhà phong cách Retro ấm cúng với lông giả xù,"Một prompt cho Nano Banana Pro tập trung vào việc tạo ra hình ảnh về 'trang phục mặc nhà tối thượng' với tính thẩm mỹ ấm cúng, đậm chất tạp chí thời trang. Kỹ thuật chính là xếp lớp các thuật ngữ 'Shaggy faux fur' (lông giả xù) và 'Long pile' (lông dài) để đạt được độ mềm mại tối đa, kết hợp với đồ nội thất cổ điển để tạo không khí sành điệu, thoải mái.","Đã tạo hình ảnh 'trang phục mặc nhà tối thượng'. Mấu chốt là kết hợp các lớp ""{argument name=""material1"" default=""Shaggy faux fur""}"" và ""{argument name=""material2"" default=""Long pile""}"" để đạt được kết cấu mềm mại này. Khi kết hợp với đồ nội thất cổ điển, nó tạo ra một không khí ấm cúng gợi nhớ đến một tạp chí thời trang.","[""https://cms-assets.youmind.com/media/1768890731238_orcxmo_G_ECNkPWoAAexds.jpg"",""https://cms-assets.youmind.com/media/1768890731224_365i9r_G_ECNkPWQAAKPLn.jpg"",""https://cms-assets.youmind.com/media/1768890731264_6a6xnv_G_ECNjraoAIhBrg.jpg""]","{""name"":""はると@AIクリエイター"",""url"":""https://x.com/ai_buty""}",https://x.com/ai_buty/status/2013392950676594917,"Cổ điển, Nội thất, Thời trang, UI/UX"
37,Bài đăng trên mạng xã hội - Biên tập Ảnh Chụp Bằng Điện Thoại Trên Máy Bay Riêng Của Tiếp Viên Hàng Không,"Một JSON prompt cực kỳ chi tiết để tạo ra hình ảnh chụp bằng điện thoại siêu thực (thẩm mỹ iPhone 15 Pro Max) về một nữ tiếp viên hàng không quyến rũ trên đường băng sân bay cạnh một máy bay riêng. Nó chỉ rõ trang phục của cô ấy (chân váy bút chì màu xanh navy, hé lộ áo bikini ren), tư thế năng động, ánh nắng chiều gay gắt và phong cách chụp ảnh tự nhiên như trên mạng xã hội.","[
  {
    ""metadata"": {
      ""title"": ""Ảnh biên tập tiếp viên hàng không trên máy bay riêng"",
      ""style"": ""Nhiếp ảnh di động siêu thực"",
      ""target_device"": ""iPhone 15 Pro Max""
    },
    ""subject"": {
      ""age"": ""Giữa tuổi 30"",
      ""ethnicity"": ""Pha trộn Caucasian/Địa Trung Hải"",
      ""hair"": {
        ""style"": ""Tóc gợn sóng ombre dài"",
        ""color"": ""Chân tóc nâu chuyển dần sang ngọn tóc vàng óng như nắng"",
        ""texture"": ""Bồng bềnh và mềm mại""
      },
      ""physique"": {
        ""body_type"": ""Dáng đồng hồ cát đầy đặn, săn chắc"",
        ""bust"": ""Ngực đầy đặn tự nhiên, khe ngực rõ nét"",
        ""features"": ""Hông cong sâu, eo thon, làn da rạng rỡ""
      },
      ""makeup"": ""Trang điểm tự nhiên nhẹ nhàng, mascara mềm mại, son bóng màu nude, phấn bắt sáng lấp lánh tinh tế"",
      ""expression"": ""Tự tin, quyến rũ, nụ cười hơi tinh nghịch""
    },
    ""pose"": {
      ""description"": ""Tạo dáng năng động 'girl pose'"",
      ""hand_placement"": {
        ""right_hand"": ""Đặt chắc chắn lên eo để làm nổi bật đường cong hông"",
        ""left_hand"": ""Giơ cao duyên dáng trên đầu, các ngón tay hơi xòe""
      },
      ""posture"": ""Dồn trọng lượng sang một chân, lưng hơi cong""
    },
    ""attire"": {
      ""outerwear"": ""Đồng phục tiếp viên hàng không màu xanh navy chuyên nghiệp, áo blazer được khoác hờ trên vai hoặc bỏ qua"",
      ""top"": ""Áo sơ mi trắng cài cúc sắc nét, mở cúc trên cùng để tạo khe ngực nhẹ nhàng"",
      ""undergarment"": ""Hé lộ một chút áo bikini ren đen có họa tiết lấp ló qua khe áo sơ mi"",
      ""bottom"": ""Chân váy bút chì màu xanh navy cạp cao, ôm sát"",
      ""accessories"": ""Khuyên tai vòng nhỏ bằng vàng, dây chuyền vàng tinh tế""
    },
    ""environment"": {
      ""location"": ""Sân đỗ máy bay, bên cạnh một chiếc máy bay riêng sang trọng"",
      ""jet_details"": ""Thân máy bay màu trắng kim loại bóng bẩy, các chi tiết mạ crôm, cửa cầu thang máy bay đã hạ xuống"",
      ""background"": ""Bầu trời xanh trong, hơi nóng đường băng xa xa, bê tông ngập nắng""
    },
    ""photography"": {
      ""camera_model"": ""iPhone 15 Pro, Camera chính"",
      ""focal_length"": ""Góc rộng 24mm"",
      ""lighting"": ""Ánh nắng chiều gay gắt, bóng đổ tự nhiên, độ tương phản cao, lóe sáng ống kính nhẹ"",
      ""technical_traits"": ""Độ sâu trường ảnh sâu, kết cấu da siêu sắc nét, xử lý HDR di động, độ phân giải 4k, phong cách chụp ảnh tự nhiên trên mạng xã hội"",
      ""composition"": ""Chụp toàn thân, góc máy hơi thấp để nhấn mạnh chiều cao và đường cong""
    }
  }
]","[""https://cms-assets.youmind.com/media/1768890658898_88efkj_G_D49X3W4AAqNyk.jpg"",""https://cms-assets.youmind.com/media/1768890658913_ku55jm_G_D49XqWgAApZv8.jpg""]","{""name"":""Maya"",""url"":""https://x.com/mayadelmare""}",https://x.com/mayadelmare/status/2013382894891212811,"Nhiếp ảnh, Điện ảnh, Nhân vật, Xe cộ, Thành phố, Văn bản"
38,Bài đăng trên mạng xã hội - Chân dung biên tập văn phòng lấy cảm hứng từ Ana de Armas,"Một JSON prompt cực kỳ chi tiết để tạo ra bức chân dung cận cảnh siêu thực, chất lượng ảnh bìa tạp chí về một người phụ nữ lấy cảm hứng từ Ana de Armas. Nó chỉ định trang phục hai mảnh màu đỏ rực rỡ, vóc dáng thể thao, làn da bóng bẩy với lớp mồ hôi nhẹ, và nền văn phòng mờ ảo với các chồng giấy tờ, sử dụng ánh sáng điện ảnh studio.","{
  ""type"": ""image_generation_prompt"",
  ""concept"": {
    ""description"": ""Chân dung cận cảnh siêu thực, chất lượng ảnh bìa tạp chí của một phụ nữ xinh đẹp với các đặc điểm lấy cảm hứng từ {argument name=\""celebrity name\"" default=\""Ana de Armas\""}"",
    ""intent"": ""Nhiếp ảnh thời trang cao cấp mang tính điện ảnh thực tế"",
    ""originality_note"": ""Chủ thể là người giống Ana de Armas, không phải bản sao chính xác""
  },
  ""subject"": {
    ""gender"": ""nữ"",
    ""age_range"": ""đầu những năm 30"",
    ""ethnicity"": ""Latina / lấy cảm hứng từ Cuba-Tây Ban Nha"",
    ""facial_features"": {
      ""structure"": ""khuôn mặt trái xoan mềm mại, gò má thanh tú, đường quai hàm tinh tế"",
      ""eyes"": ""đôi mắt to hình quả hạnh, màu nâu ấm áp, mí mắt thư thái"",
      ""lips"": ""môi đầy đặn, tự nhiên hơi hé mở"",
      ""expression"": ""uể oải, điềm tĩnh, quyến rũ tinh tế, tự tin thư thái""
    },
    ""body_visibility"": {
      ""framing"": ""chân dung cận cảnh kéo dài xuống dưới eo"",
      ""posture"": ""thẳng nhưng thư thái, tư thế chụp ảnh biên tập tự nhiên""
    }
  },
  ""body"": {
      ""build"": ""Thân hình săn chắc và thon gọn"",
      ""musculature"": [
        ""Cơ bụng rõ nét"",
        ""Cánh tay săn chắc"",
        ""Đùi săn chắc""
   },
  ""wardrobe"": {
    ""outfit_type"": ""trang phục hai mảnh"",
    ""color"": ""đỏ thẫm rực rỡ"",
    ""top"": {
      ""style"": ""ôm sát, tối giản, hợp thời trang"",
      ""fabric"": ""chất liệu mịn, hơi phản chiếu""
    },
    ""bottom"": {
      ""style"": ""váy ngắn"",
      ""fit"": ""ôm dáng, cắt may hiện đại"",
      ""visibility"": ""hiện rõ ràng dưới eo""
    }
  },
  ""skin_and_texture"": {
    ""skin_quality"": ""chi tiết cao, nhìn rõ lỗ chân lông tự nhiên"",
    ""finish"": ""bóng, rạng rỡ"",
    ""effect"": ""lớp mồ hôi hoặc dầu bóng nhẹ trên thân và ngực, tăng tính chân thực"",
    ""tone"": ""tông màu ấm áp, khỏe mạnh""
  },
  ""hair_and_makeup"": {
    ""hair"": {
      ""style"": ""tạo kiểu mềm mại, sóng lơi"",
      ""color"": ""nâu đậm"",
      ""texture"": ""bóng tự nhiên với chuyển động nhẹ""
    },
    ""makeup"": {
      ""style"": ""trang điểm quyến rũ kiểu biên tập"",
      ""details"": ""da căng bóng, mắt được định hình nhẹ nhàng, môi tự nhiên với một chút son bóng""
    }
  },
  ""background"": {
    ""environment"": ""bối cảnh trong nhà"",
    ""primary_elements"": [
      ""bề mặt bàn làm việc hoặc bàn"",
      ""các chồng giấy tờ""
    ],
    ""paper_details"": {
      ""brightness"": ""trắng sáng một phần"",
      ""arrangement"": ""hơi lộn xộn, các chồng giấy xếp lớp"",
      ""focus"": ""làm mờ nhẹ để duy trì sự nổi bật của chủ thể""
    },
    ""depth_of_field"": ""độ sâu trường ảnh nông, hiệu ứng bokeh điện ảnh""
  },
  ""lighting"": {
    ""style"": ""ánh sáng điện ảnh studio"",
    ""key_light"": ""mềm mại nhưng có hướng, làm nổi bật cấu trúc khuôn mặt"",
    ""fill_light"": ""ánh sáng lấp đầy nhẹ nhàng để giữ lại chi tiết da"",
    ""highlights"": ""nhấn nhá trên các vùng da bóng"",
    ""shadows"": ""mềm mại, có kiểm soát, độ tương phản kiểu tạp chí""
  },
  ""camera"": {
    ""shot_type"": ""chân dung cận cảnh"",
    ""lens"": ""ống kính cố định 85mm"",
    ""aperture"": ""f/1.8"",
    ""focus"": ""sắc nét tuyệt đối vào mắt"",
    ""sens""
  }
}","[""https://cms-assets.youmind.com/media/1768890657609_tc4s5n_G_DmfveWsAAMRrU.jpg"",""https://cms-assets.youmind.com/media/1768890657539_vhs88q_G_Dmf3UW8AEb1yc.jpg"",""https://cms-assets.youmind.com/media/1768890657668_k3r9rb_G_DmfxnXoAAlUIp.jpg"",""https://cms-assets.youmind.com/media/1768890658519_89hgql_G_Dmf7EXUAAH--v.jpg""]","{""name"":""KeorUnreal"",""url"":""https://x.com/KeorUnreal""}",https://x.com/KeorUnreal/status/2013362480471314461,"Chân dung, Nhiếp ảnh, Điện ảnh, Tối giản, Nhân vật, Thời trang, Thành phố, Văn bản, UI/UX"
39,Bài đăng trên mạng xã hội - Lời nhắc chụp ảnh selfie gương bằng iPhone để thay thế nhân vật,"Một lời nhắc định dạng JSON cực kỳ chi tiết được thiết kế để tạo ra một bức ảnh selfie gương iPhone siêu thực. Nó chỉ định các thông số kỹ thuật phức tạp như độ phân giải 8K, xử lý Apple Smart HDR và các thuộc tính chủ thể chi tiết (tư thế, quần áo, kết cấu) đồng thời yêu cầu rõ ràng thay thế chủ thể mặc định bằng một nhân vật tham chiếu được cung cấp, làm cho nó lý tưởng để tạo ra hình ảnh khóa danh tính.","{
  ""prompt_type"": ""chụp ảnh selfie qua gương bằng iPhone"",
  ""capture_device"": {
    ""device"": ""iPhone Pro"",
    ""camera_mode"": ""Selfie qua gương - Chân dung"",
    ""lens_equivalent"": ""ống kính góc rộng phía sau iPhone"",
    ""processing"": ""Apple Smart HDR + Deep Fusion"",
    ""look"": ""phản chiếu qua gương tự nhiên, rõ ràng, chân thực""
  },
  ""quality"": {
    ""resolution"": ""8K"",
    ""sharpness"": ""độ sắc nét tự nhiên cao"",
    ""detail_level"": ""chi tiết cực kỳ tinh xảo"",
    ""texture"": ""vải thật, kết cấu da thật"",
    ""noise"": ""nhiễu cảm biến iPhone tự nhiên rất nhẹ"",
    ""dynamic_range"": ""vùng sáng và vùng tối cân bằng""
  },
  ""subject"": {
    ""type"": ""nhân vật nữ"",
    ""identity"": ""{argument name=\""reference character\"" default=\""REFERENCE_CHARACTER\""}"",
    ""replacement_instruction"": ""Thay thế cô gái ban đầu bằng nhân vật tham chiếu được cung cấp trong khi vẫn giữ nguyên tư thế, tỷ lệ cơ thể, ánh sáng, phản chiếu và tính chân thực"",
    ""age"": ""người lớn"",
    ""body"": {
      ""build"": ""cân đối, nữ tính, đường cong tự nhiên"",
      ""proportions"": ""giải phẫu cơ thể người thực tế"",
      ""skin"": ""kết cấu da tự nhiên, lỗ chân lông có thể nhìn thấy, không làm mịn""
    },
    ""expression"": {
      ""emotion"": ""bình tĩnh, tự tin, thư thái"",
      ""face"": ""biểu cảm nhẹ nhàng trung tính"",
      ""gaze"": ""nhìn vào màn hình điện thoại qua gương""
    },
    ""pose"": {
      ""position"": ""ngồi trên mép giường"",
      ""legs"": ""khép lại, bàn chân chạm sàn"",
      ""arms"": ""một tay cầm điện thoại, tay còn lại đặt trên giường"",
      ""posture"": ""thẳng lưng nhưng thư giãn""
    },
    ""hair"": {
      ""style"": ""dài, gợn sóng nhẹ"",
      ""texture"": ""độ phồng tự nhiên, từng sợi tóc có thể nhìn thấy""
    }
  },
  ""clothing"": {
    ""outfit"": ""bodysuit liền thân bó sát"",
    ""design"": ""{argument name=\""bodysuit design\"" default=\""màu đen với họa tiết mạng nhện đỏ\""}"",
    ""fit"": ""ôm sát, thể thao"",
    ""fabric"": {
      ""material"": ""vải tổng hợp co giãn"",
      ""texture"": ""mịn với độ bóng nhẹ"",
      ""behavior"": ""ôm sát cơ thể một cách tự nhiên""
    }
  },
  ""environment"": {
    ""location"": ""phòng ngủ hiện đại tối giản"",
    ""mirror"": ""gương toàn thân khung gỗ"",
    ""bed"": {
      ""style"": ""khung giường gỗ đơn giản"",
      ""bedding"": ""chăn bông họa tiết trung tính""
    },
    ""floor"": ""sàn gỗ sáng màu"",
    ""decor"": ""nội thất tối giản, sạch sẽ, tông màu ấm"",
    ""atmosphere"": ""không gian trong nhà yên tĩnh, ấm cúng, riêng tư""
  },
  ""lighting"": {
    ""primary_light"": ""ánh sáng môi trường trong nhà ấm áp"",
    ""secondary_light"": ""ánh sáng trần hoặc tường dịu nhẹ"",
    ""style"": ""iPhone indoor Smart HDR"",
    ""shadows"": ""mềm mại và tự nhiên"",
    ""white_balance"": ""tông màu trung tính ấm áp trong nhà""
  },
  ""camera"": {
    ""angle"": ""góc gương thẳng"",
    ""distance"": ""toàn thân có thể nhìn thấy trong gương"",
    ""framing"": ""selfie toàn thân qua gương"",
    ""depth_of_field"": ""độ sâu trường ảnh nông tự nhiên từ xử lý chân dung"",
    ""focus"": ""lấy nét sắc nét vào phản chiếu của chủ thể""
  },
  ""style"": {
    ""genre"": ""selfie qua gương bằng iPhone chân thực"",
    ""aesthetic"": ""sạch sẽ, hiện đại, chân thực như trên mạng xã hội"",
    ""color_science"": ""màu sắc tự nhiên của Apple""
  }
}","[""https://cms-assets.youmind.com/media/1768890684295_adr050_G_Dlz8qX0AECzSk.jpg""]","{""name"":""Clara"",""url"":""https://x.com/veclaraa""}",https://x.com/veclaraa/status/2013362053948268625,"Chân dung, Nhiếp ảnh, Điện ảnh, Tối giản, Nội thất, Nhân vật, Thời trang, Văn bản, Logo, UI/UX"
40,Bài đăng trên mạng xã hội - Lời nhắc tạo ảnh chân dung người đẹp Cyberpunk quyến rũ,"Một lời nhắc phức tạp, chi tiết để tạo ra một bức chân dung người đẹp cyberpunk quyến rũ, thời trang cao cấp. Nó nhấn mạnh ánh sáng neon mạnh mẽ (hồng cánh sen và xanh điện), hiệu ứng thể tích (tia sáng xuyên qua, lóe sáng ống kính), độ tương phản cao và các chi tiết kỹ thuật cụ thể (Sony A1, 85mm f/1.4, kính lọc lăng kính, quang sai màu). Lời nhắc cũng bao gồm một danh sách lời nhắc phủ định toàn diện và yêu cầu sử dụng khuôn mặt tham chiếu.","""Sử dụng khuôn mặt từ ảnh tham chiếu như nguyên bản.""
  ""main_prompt"": ""Chân dung người đẹp cyberpunk quyến rũ trong ánh đèn neon rực rỡ, một phụ nữ trẻ ở độ tuổi đầu 20 với làn da sứ trắng mịn và ánh sáng tự nhiên tinh tế, mái tóc dài gợn sóng màu nâu đỏ/nâu hạt dẻ sẫm buông lơi trên bờ vai trần, mắt nhắm nghiền trong niềm ngây ngất mơ màng với hàng mi dài dày, đôi môi bóng mượt hé mở màu hồng nude mềm mại, trang điểm tinh tế với mắt khói nhẹ nhàng và gò má được tạo khối, để ngực trần với bờ vai và lưng trên lộ rõ, làn da được tắm trong ánh sáng neon rực rỡ màu {argument name=""neon color 1"" default=""hồng cánh sen""} và {argument name=""neon color 2"" default=""xanh điện""}, ánh sáng viền mạnh màu hồng nóng làm nổi bật mái tóc, cổ và xương quai xanh, các tia sáng thể tích và lóe sáng ống kính trong phổ màu hồng-tím xuyên qua không khí mờ ảo, bóng tối xanh-tím sâu tương phản với các điểm nhấn neon sáng, nền câu lạc bộ hoặc studio neon tương lai với các ống phát sáng màu hồng và xanh, quang sai màu nặng ở các cạnh tạo ra các dải màu cầu vồng, hiệu ứng lỗi kỹ thuật số và nở sáng tinh tế, chân thực như ảnh nhưng được cách điệu cao, kết cấu da siêu chi tiết với lỗ chân lông chân thực, tàn nhang tinh tế và những khuyết điểm tự nhiên, từng sợi tóc bắt ánh phản chiếu neon và tán xạ dưới bề mặt, phân loại màu điện ảnh với màu hồng cánh sen nóng và xanh điện chủ đạo, giao diện HDR độ tương phản cao, hạt phim nhẹ, thẩm mỹ cyber-noir gợi cảm u ám, chụp bằng Sony A1 với ống kính 85mm f/1.4 qua bộ lọc lăng kính, độ sâu trường ảnh nông tập trung vào khuôn mặt và mái tóc với hiệu ứng bokeh mượt mà trên nền neon, thời trang cao cấp kết hợp với giả tưởng vaporwave cyberpunk, không khí thân mật, siêu thực"",
  ""negative_prompt"": ""mờ, độ phân giải thấp, tay biến dạng, thừa ngón tay, ngón tay dính liền, giải phẫu kém, khuôn mặt vẽ kém, tỷ lệ xấu, thừa chi, tay đột biến, xấu xí, biến dạng, xếp gạch, ngoài khung, lỗi jpeg, chữ ký, hình mờ, văn bản, lỗi, bị cắt, chất lượng tệ nhất, chất lượng thấp, hoạt hình, anime, kết xuất 3d, da nhựa, giống búp bê, da được phun sơn, ánh sáng neon bị rửa trôi quá mức, thiếu sáng, ánh sáng phẳng, bóng tối khắc nghiệt, da nhợt nhạt không có ánh sáng, trang điểm quá đậm, khuôn mặt instagram, môi vịt, biểu cảm cười hạnh phúc, người già, trẻ em, nam giới, chụp nhóm, ánh sáng ban ngày tự nhiên, nền trắng sạch, không có ánh sáng neon, da lì, màu sắc bão hòa, đơn sắc, hiệu ứng rẻ tiền, vẻ ngoài tổng hợp, che phủ quần áo rõ ràng ở phần thân trên, tóc dài thẳng, tóc vàng/đỏ không khớp, không có quang sai màu, bố cục nhàm chán"",
  ""style_tags"": [
    ""cyberpunk chân thực như ảnh"",
    ""neon hồng cánh sen và xanh điện rực rỡ"",
    ""tia sáng thể tích và lóe sáng ống kính"",
    ""quang sai màu nặng"",
    ""biểu cảm nhắm mắt quyến rũ"",
    ""tập trung vào bờ vai và lưng trần"",
    ""sự quyến rũ neon độ tương phản cao"",
    ""vaporwave gặp thời trang cao cấp"",
    ""phân loại HDR điện ảnh"",
    ""hạt phim tinh tế"",
    ""giả tưởng gợi cảm siêu thực""
  ],
  ""technical"": {
    ""aspect_ratio"": ""3:4 hoặc 4:5 (chân dung neon dọc / kiểu hình nền)"",
    ""lighting"": ""neon đa nguồn: ánh sáng chính hồng cánh sen mạnh từ bên cạnh/phía trước tạo ánh sáng viền""","[""https://cms-assets.youmind.com/media/1768890686395_uuc0f2_G_DhHfeXgAARq6x.jpg""]","{""name"":""Lex"",""url"":""https://x.com/katmanai""}",https://x.com/katmanai/status/2013356556281164257,"Chân dung, Nhóm người, Nhiếp ảnh, Điện ảnh, Minh họa, 3D, Anime, Tương lai, Thời trang, Văn bản"
41,Bài đăng trên mạng xã hội - Chân dung Hành lang Ngầm U ám,"Một prompt để tạo ra một bức ảnh mid-shot cách điệu về một người đàn ông trong hành lang ngầm thiếu sáng, sử dụng ánh sáng có độ tương phản cao, nơi những chùm ánh sáng trắng sắc nét xuyên qua bụi bay lơ lửng, tạo hình một phần bóng của anh ta. Nó yêu cầu AI phải sử dụng nghiêm ngặt một hình ảnh tham chiếu đã tải lên cho khuôn mặt và duy trì một bầu không khí điện ảnh, tương lai và u ám.","Tạo một bức ảnh cận cảnh theo tỷ lệ 4:5, cách điệu, chụp một người đàn ông đứng trong hành lang ngầm thiếu sáng. Những khe hở dọc trên bức tường kim loại chiếu những chùm ánh sáng trắng sắc nét xuyên qua bụi bay lơ lửng, tạo hình một phần bóng của anh ta. Sử dụng hình ảnh tham chiếu đã tải lên cho khuôn mặt và không thay đổi bất kỳ đặc điểm hay nhận dạng khuôn mặt nào. Anh ta mặc một chiếc áo khoác bomber màu than chì sẫm với họa tiết kim loại tinh tế. Ánh sáng tương phản cao, bóng đổ sâu, sự căng thẳng mang tính điện ảnh và tương lai, bầu không khí u ám, vật liệu và kết cấu da chân thực.","[""https://cms-assets.youmind.com/media/1768890667408_cbjb4a_G_DULo6WwAAgVm0.jpg""]","{""name"":""Hatman 🎩"",""url"":""https://x.com/hatman""}",https://x.com/hatman/status/2013355785305366538,"Chân dung, Nhiếp ảnh, Điện ảnh, Tương lai"
42,Bài đăng trên mạng xã hội - Chân dung biên tập tương phản cao của Charli D’Amelio,"Một prompt được thiết kế để thay thế một chủ thể bằng Charli D'Amelio, giữ nguyên một tư thế và biểu cảm cụ thể (gầm gừ, tinh nghịch, chụp qua vai). Nó mô tả chi tiết các đặc điểm khuôn mặt, trang điểm, kiểu tóc chính xác của cô ấy và sử dụng ánh sáng flash trực diện mạnh để tạo ra vẻ ngoài studio biên tập có độ tương phản cao.","Thay thế chủ thể bằng {argument name=""subject name"" default=""Charli D'Amelio""}. Giữ nguyên biểu cảm gầm gừ, tinh nghịch với mũi nhăn lại và miệng hơi mở, để lộ răng. Tư thế là một cú máy góc cao qua vai; cơ thể cô ấy quay lưng lại với máy ảnh, để lộ lưng, trong khi đầu cô ấy quay lại nhìn ống kính. Bàn tay phải của cô ấy đưa lên vai trái, các ngón tay xòe ra và hơi căng, khoe những chiếc nhẫn và hình xăm trên tay.
Các đặc điểm khuôn mặt cụ thể của Charli D’Amelio — đôi mắt nâu tròn, hình dáng mũi đặc trưng và kết cấu da tự nhiên với những đốm tàn nhang tinh tế — được tích hợp vào phong cách trang điểm hiện có, với đường kẻ mắt sắc nét, có cánh và đôi môi màu nude. Tóc cô ấy màu nâu sẫm, được tạo kiểu bồng bềnh nửa búi, nửa xõa với một chút gợn sóng. Ánh sáng là đèn flash trực diện, gay gắt, điển hình của nhiếp ảnh studio biên tập, tạo ra những bóng đổ sắc nét trên bức tường màu trắng nhạt và làm nổi bật độ xốp của da và các chi tiết nhỏ. Cô ấy mặc cùng một bộ trang phục màu tối, lấp lánh bằng nhung hoặc ren.","[""https://cms-assets.youmind.com/media/1768890653667_4easqt_G_DgYFlW8AA6j3O.jpg""]","{""name"":""QuestGlitch"",""url"":""https://x.com/AIRevSpot""}",https://x.com/AIRevSpot/status/2013355749733474497,"Chân dung, Nhiếp ảnh"
43,Bài đăng trên mạng xã hội - Cảnh phim lãng mạn trên vòng quay ngựa gỗ với Identity Lock,"Một lời nhắc JSON phức tạp, có nhiều ràng buộc cho Nano Banana Pro được thiết kế để tạo ra một cảnh quay điện ảnh siêu chân thực về một cặp đôi trên vòng quay ngựa gỗ trong nhà vào ban đêm. Nó yêu cầu khóa nhận dạng nghiêm ngặt dựa trên hai hình ảnh tham chiếu đã tải lên, cài đặt máy ảnh cụ thể (35mm, f/2.0), ánh sáng tungsten ấm áp và các ràng buộc chi tiết về tư thế và môi trường để đạt được tính thẩm mỹ của thể loại romcom.","{
  ""generation_request"": {
    ""meta_data"": {
      ""tool"": ""NanoBanana Pro"",
      ""task_type"": ""photoreal_cinematic_carousel_couple_close_scene"",
      ""version"": ""v1.0_CAROUSEL_RIDE_ROMCOM_WARM_LIGHTS_POSE_LOCK"",
      ""priority"": ""highest""
    },
    ""references"": {
      ""female_reference_image"": {
        ""slot"": 1,
        ""purpose"": ""FEMALE_IDENTITY_LOCK"",
        ""strict_identity_lock"": true,
        ""no_beautify"": true
      },
      ""male_reference_image"": {
        ""slot"": 2,
        ""purpose"": ""MALE_IDENTITY_LOCK"",
        ""strict_identity_lock"": true,
        ""no_beautify"": true
      },
      ""composition_reference_image"": {
        ""source"": ""UPLOAD_REFERENCE_IMAGE (OPTIONAL)"",
        ""purpose"": ""EXACT_COMPOSITION_LIGHTING_WARDROBE_ENV_LOCK"",
        ""strict_lock"": true,
        ""no_layout_drift"": true,
        ""preserve_framing"": true
      }
    },
    ""output_settings"": {
      ""aspect_ratio"": ""4:5"",
      ""orientation"": ""portrait"",
      ""resolution"": ""ultra_high_res"",
      ""render_style"": ""ultra_photoreal_cinematic_lifestyle"",
      ""sharpness"": ""crisp_faces_natural_texture"",
      ""film_grain"": ""subtle_analog"",
      ""color_grade"": ""warm_carnival_golden""
    },
    ""hard_constraints"": [
      ""Chỉ có đúng 2 người (một nữ, một nam)."",
      ""Khuôn mặt phải khớp với ảnh tham chiếu đã tải lên với độ tương đồng tối đa (không biến dạng, không lệch nhận dạng)."",
      ""Chỉ ảnh chân thực: kết cấu da tự nhiên, không dùng bộ lọc làm đẹp, không làm mịn da nhân tạo."",
      ""Bối cảnh vòng quay ngựa gỗ: trần nhà trang trí công phu có thể nhìn thấy + bóng đèn ấm áp + cột vòng quay ngựa gỗ + ngựa gỗ được sơn."",
      ""Khớp logic tư thế tham chiếu: cặp đôi trên ngựa gỗ, nhìn nhau và mỉm cười."",
      ""Không có chữ có thể đọc được, không logo, không hình mờ."",
      ""Giải phẫu chính xác: tay nắm cột tự nhiên, tư thế ngồi trên ngựa gỗ thực tế.""
    ],
    ""camera"": {
      ""style"": ""ảnh phong cách điện ảnh"",
      ""lens"": ""35mm"",
      ""aperture"": ""f/2.0"",
      ""focus"": ""sắc nét trên cả hai khuôn mặt, làm mờ nhẹ nhàng hậu cảnh"",
      ""shutter_speed"": ""1/125"",
      ""iso"": 800,
      ""white_balance"": ""warm_tungsten_carnival""
    },
    ""lighting"": {
      ""type"": ""bóng đèn vòng quay ngựa gỗ + ánh sáng xung quanh ấm áp"",
      ""contrast"": ""trung bình"",
      ""highlights"": ""ánh sáng phản chiếu mềm mại trên tóc và vải denim, kiểm soát trên da"",
      ""shadows"": ""mềm mại, chuyển tiếp tự nhiên""
    },
    ""prompt"": {
      ""scene_summary"": ""Cảnh phim lãng mạn hài hước siêu chân thực, đậm chất điện ảnh trên vòng quay ngựa gỗ trong nhà vào ban đêm. Trần vòng quay ngựa gỗ trang trí công phu chiếm phần trên của khung hình với các chi tiết trang trí cổ điển và hàng bóng đèn phát sáng ấm áp. Ở tiền cảnh, đầu ngựa gỗ và cột vòng quay ngựa gỗ có thể nhìn thấy, với các chi tiết cổ điển phong phú (viền vàng, điểm nhấn yên ngựa đầy màu sắc). \n\nChỉ có hai người: người nam ngồi thấp hơn một chút trên ngựa gỗ, hai tay nắm cột dọc và nhìn lên người nữ với nụ cười dịu dàng. Người nữ ngồi trên con ngựa kế bên, hơi nghiêng về phía anh ấy, mỉm cười đáp lại một cách ấm áp. Khuôn mặt của họ là""
    }
  }
}","[""https://cms-assets.youmind.com/media/1768890707867_4q2zcp_G_DcduGWQAAl3Hr.jpg""]","{""name"":""Özge Döner"",""url"":""https://x.com/astronomerozge1""}",https://x.com/astronomerozge1/status/2013351484008620139,"Chân dung, Nhóm người, Nhiếp ảnh, Điện ảnh, 3D, Cổ điển, Nhân vật, Xe cộ, Văn bản, Logo, Meme"
44,Bài đăng trên mạng xã hội - Cảnh hôn trong thang máy siêu thực như phim điện ảnh,"Một JSON prompt rất cụ thể để tạo ra một bức ảnh tĩnh siêu chân thực, mang phong cách điện ảnh về một cặp đôi đang hôn nhau bên trong thang máy, được đóng khung bởi cánh cửa vàng đang khép hờ. Nó yêu cầu khóa nhận diện nghiêm ngặt (cần ảnh tham chiếu), khung hình chụp lén mang tính voyeuristic và ánh sáng vàng ấm để gợi lên không khí của một khách sạn sang trọng.","{
  ""generation_request"": {
    ""meta_data"": {
      ""tool"": ""NanoBanana Pro"",
      ""task_type"": ""photoreal_modern_romance"",
      ""version"": ""v1.0_ELEVATOR_DOORS_KISS_CINEMATIC_EN"",
      ""priority"": ""highest"",
      ""language"": ""vi""
    },
    ""references"": {
      ""reference_image_1"": {
        ""source"": ""UPLOAD_REFERENCE_IMAGE (OPTIONAL)"",
        ""purpose"": ""COMPOSITION_MOOD_ANCHOR"",
        ""strict_lock"": false,
        ""preserve_mood"": true
      },
      ""reference_image_female"": {
        ""source"": ""UPLOAD_REFERENCE_IMAGE (OPTIONAL)"",
        ""purpose"": ""FACE_IDENTITY_LOCK_FEMALE"",
        ""strict_lock"": true,
        ""face_similarity_priority"": ""MAX"",
        ""no_identity_blending"": true,
        ""no_beautify"": true,
        ""no_age_shift"": true,
        ""preserve_skin_texture"": true,
        ""preserve_facial_proportions"": true
      },
      ""reference_image_male"": {
        ""source"": ""UPLOAD_REFERENCE_IMAGE (OPTIONAL)"",
        ""purpose"": ""FACE_IDENTITY_LOCK_MALE"",
        ""strict_lock"": true,
        ""face_similarity_priority"": ""MAX"",
        ""no_identity_blending"": true,
        ""no_beautify"": true,
        ""no_age_shift"": true,
        ""preserve_skin_texture"": true,
        ""preserve_facial_proportions"": true
      }
    },
    ""global_constraints"": {
      ""rating"": ""PG-13"",
      ""no_explicit_sexual_content"": true,
      ""no_nudity"": true,
      ""no_text"": true,
      ""no_logos"": true,
      ""no_watermark"": true
    },
    ""output_settings"": {
      ""aspect_ratio"": ""9:16"",
      ""orientation"": ""portrait"",
      ""resolution_target"": ""ultra_high_res"",
      ""render_style"": ""ultra_photoreal_cinematic_film_still"",
      ""sharpness"": ""crisp_but_natural"",
      ""film_grain"": ""subtle_35mm"",
      ""color_grade"": ""warm_amber_luxury_hotel"",
      ""dynamic_range"": ""natural_not_hdr"",
      ""skin_rendering"": ""real_texture_no_retouch""
    },
    ""global_rules"": {
      ""camera_language"": ""85mm, long-shot through partially closing elevator doors, centered symmetry, voyeuristic candid framing, shallow depth of field"",
      ""lighting_language"": ""warm tungsten practicals inside elevator, dim hallway outside, cinematic contrast without HDR"",
      ""authenticity_markers"": ""no AI glow, no over-sharpening, realistic shadows, natural film halation""
    },
    ""creative_prompt"": {
      ""scene_summary"": ""Một khoảnh khắc điện ảnh, siêu chân thực được nhìn từ hành lang: một cặp đôi đang hôn nhau bên trong thang máy khi cánh cửa thang máy màu vàng gần như đã đóng lại, chỉ còn một khe hẹp theo chiều dọc để nhìn thấy họ. Bối cảnh tạo cảm giác như một tòa nhà cổ sang trọng hoặc khách sạn với những bức tường đá và thang máy bằng đồng cổ điển."",
      ""subjects"": {
        ""count"": 2,
        ""description"": ""một cặp đôi trưởng thành thực sự, thanh lịch và hiện đại"",
        ""expression"": ""đam mê nhưng tinh tế, thân mật và vui vẻ"",
        ""skin_and_face"": ""kết cấu thật, không chỉnh sửa, lỗ chân lông tự nhiên""
      },
      ""pose_and_micro_action"": ""Người đàn ông nghiêng người để hôn; một tay vòng qua eo cô gái. Người phụ nữ""
    }
  }
}","[""https://cms-assets.youmind.com/media/1768890674871_fl0e5p_G_DVyG6XQAAVcDg.jpg""]","{""name"":""Özge Döner"",""url"":""https://x.com/astronomerozge1""}",https://x.com/astronomerozge1/status/2013344143116734757,"Chân dung, Nhóm người, Nhiếp ảnh, Điện ảnh, 3D, Cổ điển, Nhân vật, Thành phố, Văn bản, Logo, UI/UX"
61,Hình thu nhỏ trên YouTube - Lời nhắc tạo ảnh bìa phong cách Dan,"Một lời nhắc được thiết kế để tạo ảnh bìa theo phong cách của 'Dan' (có thể là một người sáng tạo hoặc phong cách phổ biến), được chia sẻ để sử dụng với Youmind, tích hợp Nano Banana Pro, cho phép người dùng tạo ảnh bìa ấn tượng về mặt hình ảnh.","Một hình ảnh bìa cực kỳ chi tiết, chuyên nghiệp và ấn tượng về mặt thị giác cho một bài đăng blog về {argument name=""topic"" default=""các công cụ AI""}. Hình ảnh nên có thiết kế gọn gàng, hiện đại với kiểu chữ đậm và bảng màu tối giản, nhấn mạnh {argument name=""visual focus"" default=""công nghệ và sự đổi mới""}. Sử dụng ánh sáng tương phản cao, ấn tượng và độ sâu trường ảnh nông để thu hút sự chú ý vào chủ thể trung tâm. Phong cách nên là chân thực như ảnh chụp và mang tính điện ảnh, tương tự như nhiếp ảnh biên tập công nghệ cao cấp. Tỷ lệ khung hình 16:9.","[""https://cms-assets.youmind.com/media/1768890713390_rvgiu0_G-_iXbSWAAAcLCn.jpg""]","{""name"":""日拱一卒王小楼"",""url"":""https://x.com/wang_xiaolou""}",https://x.com/wang_xiaolou/status/2013076983018881159,"Nhiếp ảnh, Điện ảnh, Tối giản, Nhân vật, Văn bản"
64,Hình thu nhỏ trên YouTube - Nano Banana Pro Prompt để tạo ảnh tiêu đề bài viết trên X,"Một mẫu prompt toàn diện cho Nano Banana Pro được thiết kế để tạo ra các hình ảnh tiêu đề hấp dẫn về mặt thị giác cho các bài viết trên X (Twitter) hoặc bài đăng trên blog. Nó hướng dẫn AI sử dụng hình ảnh tham chiếu một cách hiệu quả, tránh trùng lặp và kết hợp tiêu đề bài viết cùng với phụ đề/đoạn hội thoại tùy chọn, đồng thời chỉ định tỷ lệ khung hình 5:2 và chất lượng 4K.","Vui lòng tạo một hình ảnh tiêu đề hấp dẫn về mặt thị giác cho một bài đăng trên blog bằng cách sắp xếp các hình ảnh tham khảo một cách hợp lý.
Tuy nhiên, chỉ sử dụng mỗi hình ảnh một lần.
Không trùng lặp.
Đảm bảo các yếu tố trong hình ảnh tham khảo không bị hòa lẫn vào nhau.
Nên có một khoảng trống nhỏ phía trên và phía dưới hình ảnh.
Hãy sáng tạo với phần nền.
Tiêu đề có thể được phủ lên hình ảnh.
Chất lượng 4K tỷ lệ 5:2
Tiêu đề: {argument name=""title"" default=""[Nhập tiêu đề bài viết]""}","[""https://cms-assets.youmind.com/media/1768717580535_cpvg8b_G-2BWO3bwAA-fUT.jpg""]","{""name"":""てんねん"",""url"":""https://x.com/munou_ac""}",https://x.com/munou_ac/status/2012407033665064985,UI/UX
71,"Hình thu nhỏ trên YouTube - Lời nhắc ảnh tĩnh video ""Nhà sư đưa ra lời khuyên cuộc sống""","Một prompt có cấu trúc để tạo ra hình ảnh tĩnh 4K chân thực của một nhà sư Phật giáo lớn tuổi đang đưa ra lời khuyên cuộc sống trong sân chùa truyền thống ở Đông Á. Prompt chỉ định ngoại hình, trang phục, vật thể (kinh sách, nến) của nhà sư và cài đặt máy ảnh (iPhone 17 Pro, dọc 9:16) để mô phỏng tính thẩm mỹ của một video lan truyền trên mạng xã hội.","{
  ""scene_type"": ""sân_chùa_giảng_dạy_tâm_linh"",
  ""setting"": {
    ""location"": ""sân_chùa_Phật_giáo_ngoài_trời"",
    ""background"": {
      ""architecture"": ""ngôi_chùa_Đông_Á_truyền_thống_với_những_đường_chạm_khắc_gỗ_tinh_xảo, các_cột_màu_đỏ_và_mái_ngói_cong"",
      ""nature"": ""những_hàng_cây_xanh_tươi_bên_trái"",
      ""ground"": ""nền_đá_xám"",
      ""weather"": ""trời_âm_u_đến_ánh_sáng_tự_nhiên_dịu_nhẹ""
    }
  },
  ""subject"": {
    ""type"": ""nhà_sư_lớn_tuổi"",
    ""position"": ""ngồi_kiết_già_trên_mặt_đất"",
    ""pose"": ""ngồi_sau_một_chiếc_bàn_thấp, nói_trực_tiếp_vào_máy_quay"",
    ""expression"": ""chân_thành, khôn_ngoan_và_mang_tính_hướng_dẫn"",
    ""appearance"": {
      ""hair"": {
        ""style"": ""cạo_trọc"",
        ""color"": ""không_có""
      },
      ""skin_features"": ""da_lão_hóa_với_nhiều_nếp_nhăn_sâu"",
      ""eye_color"": ""màu_tối""
    },
    ""clothing"": {
      ""top"": ""áo_trong_màu_xám_nhạt_với_áo_choàng_ngoài_màu_vàng_nghệ_vắt_qua_vai"",
      ""bottom"": ""vải_áo_choàng_màu_vàng_nghệ_che_chân""
    },
    ""accessories"": []
  },
  ""objects"": [
    {
      ""type"": ""đồ_nội_thất"",
      ""name"": ""bàn_gỗ_thấp"",
      ""material"": ""gỗ_sáng_màu"",
      ""position"": ""tiền_cảnh_phía_trước_nhà_sư""
    },
    {
      ""type"": ""sách"",
      ""name"": ""kinh_sách_mở_rộng"",
      ""state"": ""mở_với_các_cột_văn_bản_có_thể_nhìn_thấy"",
      ""position"": ""trên_bàn_gỗ""
    },
    {
      ""type"": ""nguồn_sáng"",
      ""name"": ""nến"",
      ""color"": ""sáp_trắng"",
      ""state"": ""đang_cháy_với_ngọn_lửa_nhỏ_màu_vàng"",
      ""position"": ""trên_bàn_cạnh_sách""
    }
  ],
  ""camera"": {
    ""device"": ""iPhone 17 Pro"",
    ""angle"": ""ngang_tầm_mắt"",
    ""framing"": ""cảnh_trung"",
    ""orientation"": ""chân_dung_dọc_9:16"",
    ""quality"": ""ảnh_tĩnh_video_4k, độ_nét_cao, lấy_nét_sắc_bén""
  },
  ""mood"": ""thanh_tịnh, triết_lý, mang_tính_giáo_huấn"",
  ""lighting"": ""ánh_sáng_tự_nhiên_dịu_nhẹ, khuếch_tán"",
  ""image_style"": ""video_mạng_xã_hội_lan_truyền, chân_thực"",
  ""activity"": ""nhà_sư_đang_truyền_đạt_lời_khuyên_về_cuộc_sống""
}","[""https://cms-assets.youmind.com/media/1768319143757_f02xwd_G-cqsRYaAAA-kBL.jpg""]","{""name"":""Lore"",""url"":""https://x.com/l_w_lorenzen""}",https://x.com/l_w_lorenzen/status/2010622716475482593,"Nhiếp ảnh, Điện ảnh, Thiên nhiên, Nội thất, Nhân vật, Thời trang, UI/UX"
75,Truyện tranh / Bảng phân cảnh - Lưới bảng phân cảnh sản phẩm 3x3 cho danh mục thương hiệu,"Một lời nhắc phức tạp, đa khung được thiết kế để biến một hình ảnh tham chiếu duy nhất thành một lưới bảng phân cảnh 3x3 gắn kết cho một danh mục đầu tư thương hiệu cao cấp. Nó yêu cầu tuân thủ nghiêm ngặt nhận diện sản phẩm tham chiếu trên tất cả chín bảng, mỗi bảng mô tả sản phẩm từ một góc độ, bối cảnh hoặc cận cảnh khác nhau, tập trung vào thiết kế, chất liệu và nhịp điệu thị giác.","Tạo MỘT hình ảnh cuối cùng.

Một lưới storyboard sạch 3×3 [tỷ lệ] với chín ô vuông có kích thước bằng nhau [tỷ lệ] trên tỷ lệ [4:5].

Sử dụng hình ảnh tham khảo làm cơ sở sản phẩm tham khảo. Giữ nguyên sản phẩm, thiết kế bao bì, thương hiệu, vật liệu, màu sắc, tỷ lệ và nhận diện tổng thể trên tất cả chín ô vuông chính xác như hình tham khảo. Sản phẩm phải luôn dễ nhận biết rõ ràng trong mọi khung hình. Nhãn, logo và tỷ lệ phải giữ nguyên chính xác.

Storyboard này là một bản trình bày mockup thiết kế cao cấp dành cho portfolio thương hiệu. Trọng tâm là hình thức, bố cục, vật liệu và nhịp điệu thị giác hơn là tính chân thực hoặc câu chuyện đời sống. Tổng thể phải mang lại cảm giác được tuyển chọn, mang tính biên tập và định hướng thiết kế.

KHUNG HÌNH 1:
Ảnh sản phẩm chụp chính diện trong một thiết lập studio sạch sẽ. Nền trung tính, bố cục cân bằng, trình bày sản phẩm một cách điềm tĩnh và tự tin.

KHUNG HÌNH 2:
Ảnh cận cảnh tập trung vào phần giữa của sản phẩm. Tập trung vào kết cấu bề mặt, vật liệu và chi tiết in ấn.

KHUNG HÌNH 3:
Hiển thị sản phẩm tham khảo được đặt trong một môi trường phù hợp tự nhiên với thương hiệu và danh mục sản phẩm. Thiết lập studio được lấy cảm hứng từ các yếu tố thiết kế và màu sắc của sản phẩm.

KHUNG HÌNH 4:
Sản phẩm được hiển thị đang sử dụng hoặc tương tác trên nền studio trung tính. Các yếu tố tay và tương tác được tối thiểu hóa và tiết chế, vẻ ngoài phù hợp với phong cách của bao bì.

KHUNG HÌNH 5:
Bố cục isometric hiển thị nhiều sản phẩm được sắp xếp theo một trật tự hình học chính xác từ góc isometric trên cùng. Tất cả các sản phẩm được đặt ở cùng một góc isometric trên cùng, cách đều nhau, sạch sẽ, có cấu trúc và đồ họa.

KHUNG HÌNH 6:
Sản phẩm lơ lửng hơi nghiêng trên nền trung tính phù hợp với bảng màu của hình ảnh tham khảo. Vị trí nổi được tạo góc và có chủ ý, sản phẩm lơ lửng tự nhiên trong không gian.

KHUNG HÌNH 7:
Là một ảnh cận cảnh cực độ tập trung vào một chi tiết cụ thể của nhãn, cạnh, kết cấu hoặc đặc tính vật liệu.

KHUNG HÌNH 8:
Sản phẩm trong một bối cảnh bất ngờ nhưng có tính thẩm mỹ mạnh mẽ, mang lại cảm giác táo bạo, mang tính biên tập và ấn tượng về mặt thị giác.
Bối cảnh bất ngờ nhưng được tạo kiểu rất cao. Dựa trên studio và định hướng thiết kế. Bố cục táo bạo nâng tầm thương hiệu.

KHUNG HÌNH 9:
Bố cục rộng hiển thị sản phẩm đang sử dụng, được đặt trong một thiết lập thiết kế tinh tế. Các đạo cụ sạch sẽ, tạo kiểu được kiểm soát, gắn kết với phần còn lại của series.

MÁY ẢNH & PHONG CÁCH:
Hình ảnh studio chất lượng cực cao với giao diện máy ảnh thực. Các góc máy ảnh và khung hình khác nhau trên các khung hình. Độ sâu trường ảnh được kiểm soát, ánh sáng chính xác, vật liệu và phản xạ chính xác. Logic ánh sáng, bảng màu, tâm trạng và ngôn ngữ thị giác phải nhất quán trên tất cả chín ô vuông như một series gắn kết.

ĐẦU RA:
Một lưới 3×3 sạch sẽ không có đường viền, không có văn bản, không có chú thích và không có hình mờ.","[""https://cms-assets.youmind.com/media/1768890742033_jktw5p_G_FaISRWkAAHtDT.jpg"",""https://cms-assets.youmind.com/media/1768890742112_v27ays_G_FaISSXMAArcKp.jpg"",""https://cms-assets.youmind.com/media/1768890742437_dtia2h_G_FaISSXUAApmZI.jpg""]","{""name"":""Vi"",""url"":""https://x.com/tehno_maniak""}",https://x.com/tehno_maniak/status/2013489628456636867,"Nhiếp ảnh, Sản phẩm, Nhân vật, Logo"
79,Truyện tranh / Bảng phân cảnh - Biến đổi Cyborg tinh tế trong tàu điện ngầm,"Một lời nhắc rất chi tiết để tạo ra một bức ảnh tĩnh điện ảnh siêu thực về một người phụ nữ trên chuyến tàu điện ngầm đang di chuyển, tập trung vào sự biến đổi cyborg tinh tế, giai đoạn đầu (mạch điện phát quang sinh học mờ nhạt, ánh kim cơ học trong một mắt) và một thẩm mỹ khoa học viễn tưởng căng thẳng, thực tế.","{
  ""type"": ""image_generation_prompt"",
  ""language"": ""Tiếng Việt"",
  ""style"": ""ảnh tĩnh điện ảnh siêu thực"",
  ""aspect_ratio"": ""16:9"",
  ""subject"": {
    ""gender"": ""nữ"",
    ""pose"": {
      ""position"": ""đứng một mình"",
      ""orientation"": ""ở giữa, đối diện máy ảnh"",
      ""posture"": ""tĩnh lặng, điềm tĩnh, hơi căng thẳng""
    },
    ""appearance"": {
      ""hood"": ""mặc áo khoác có mũ trùm đầu"",
      ""face"": {
        ""skin_texture"": ""da người chân thực, tự nhiên như ảnh chụp"",
        ""cyborg_transition"": {
          ""stage"": ""giai đoạn đầu"",
          ""details"": [
            ""mạch điện phát quang sinh học mờ nhạt hầu như không nhìn thấy dưới da"",
            ""ánh sáng dịu nhẹ dọc theo một bên má và bên cổ"",
            ""kín đáo và chân thực, không phóng đại""
          ],
          ""eyes"": {
            ""left_or_right_eye"": ""một bên mắt phản chiếu ánh sáng lạnh, cơ khí nhưng vẫn giữ phần lớn nét người""
          }
        }
      },
      ""expression"": ""trung tính nhưng mãnh liệt, đầy dự cảm, bình tĩnh với sự căng thẳng tiềm ẩn""
    }
  },
  ""environment"": {
    ""location"": ""bên trong một chuyến tàu điện ngầm đang di chuyển"",
    ""interior"": {
      ""walls"": ""kim loại chải xước"",
      ""poles"": ""cột thép thẳng đứng"",
      ""floor"": ""sàn công nghiệp cũ kỹ"",
      ""lighting"": ""đèn huỳnh quang mờ, nhấp nháy""
    },
    ""windows"": {
      ""outside_view"": ""hiệu ứng nhòe chuyển động cho thấy tốc độ và sự di chuyển""
    }
  },
  ""lighting"": {
    ""type"": ""ánh sáng điện ảnh tự nhiên"",
    ""contrast"": ""độ tương phản dịu"",
    ""mood"": ""lạnh lẽo, căng thẳng, kín đáo""
  },
  ""color_palette"": {
    ""primary_tones"": [""màu xanh lam bão hòa thấp"", ""màu xám lạnh""],
    ""saturation"": ""thấp, dịu""
  },
  ""camera"": {
    ""depth_of_field"": ""độ sâu trường ảnh nông"",
    ""focus"": ""sắc nét vào khuôn mặt và phần thân trên của người phụ nữ"",
    ""style"": ""ảnh tĩnh điện ảnh cao cấp""
  },
  ""atmosphere"": {
    ""mood"": ""căng thẳng, đầy dự cảm, trước khi biến đổi"",
    ""genre"": ""chủ nghĩa hiện thực khoa học viễn tưởng"",
    ""aesthetic"": ""thực tế, tinh tế, chân thực""
  },
  ""quality"": {
    ""realism"": ""chân thực như ảnh chụp"",
    ""detail_level"": ""cao"",
    ""skin_detail"": ""lỗ chân lông và kết cấu tự nhiên có thể nhìn thấy""
  },
  ""constraints"": [
    ""Không có yếu tố khoa học viễn tưởng phóng đại"",
    ""Không có ánh sáng huyền ảo hoặc hiệu ứng neon"",
    ""Không có phong cách hoạt hình hoặc minh họa"",
    ""Không có ánh sáng quá chói"",
    ""Các yếu tố cyborg phải giữ sự tinh tế và chân thực""
  ],
  ""output_goal"": ""Tạo một hình ảnh điện ảnh chân thực như ảnh chụp về một người phụ nữ đứng một mình bên trong một chuyến tàu điện ngầm đang di chuyển, ghi lại sự biến đổi cyborg giai đoạn đầu tinh tế với tâm trạng căng thẳng, đầy dự cảm và chủ nghĩa hiện thực khoa học viễn tưởng thực tế.""
}","[""https://cms-assets.youmind.com/media/1768890648607_yjt9k8_G_AIfUMXwAE1ZOC.jpg""]","{""name"":""𝗦𝗮𝗻𝗶𝗮"",""url"":""https://x.com/saniaspeaks_""}",https://x.com/saniaspeaks_/status/2013118390630744196,"Chân dung, Nhiếp ảnh, Điện ảnh, Minh họa, Anime, Tương lai, Nội thất, Nhân vật, Văn bản, UI/UX"
87,Truyện tranh / Bảng phân cảnh - Bảng phân cảnh ba bức về cặp đôi điện ảnh siêu chân thực,"Một lời nhắc JSON bị ràng buộc cao được thiết kế để tạo ra một bức tranh bộ ba (ba tấm dọc) về một cặp đôi trên xích đu, yêu cầu khóa nhận dạng nghiêm ngặt cho cả hai đối tượng và khóa bố cục chính xác dựa trên hình ảnh tham chiếu. Lời nhắc chỉ định kết xuất siêu chân thực, ánh sáng điện ảnh (ống kính 28mm, f/2.8) và các ràng buộc chi tiết để đảm bảo hành động (treo ngược, đẩy) và khuôn mặt được bảo toàn hoàn hảo trên cả ba tấm.","{
  ""generation_request"": {
    ""meta_data"": {
      ""tool"": ""NanoBanana Pro"",
      ""task_type"": ""photoreal_cinematic_couple_triptych_storyboard"",
      ""version"": ""v1.1_SWING_SET_TRIPTYCH_PLAYFUL_UPSIDE_DOWN_ULTRA_REAL"",
      ""priority"": ""highest""
    },
    ""references"": {
      ""female_reference_image"": {
        ""slot"": 1,
        ""purpose"": ""FEMALE_IDENTITY_LOCK"",
        ""strict_identity_lock"": true,
        ""face_similarity_priority"": ""MAX"",
        ""no_identity_blending"": true,
        ""preserve_age_gender"": true,
        ""preserve_skin_texture"": true,
        ""preserve_facial_proportions"": true,
        ""no_beautify"": true,
        ""no_makeup_invention"": true
      },
      ""male_reference_image"": {
        ""slot"": 2,
        ""purpose"": ""MALE_IDENTITY_LOCK"",
        ""strict_identity_lock"": true,
        ""face_similarity_priority"": ""MAX"",
        ""no_identity_blending"": true,
        ""preserve_age_gender"": true,
        ""preserve_skin_texture"": true,
        ""preserve_facial_proportions"": true,
        ""no_beautify"": true,
        ""no_makeup_invention"": true
      },
      ""composition_reference_image"": {
        ""source"": ""UPLOAD_REFERENCE_IMAGE (REQUIRED_FOR_LAYOUT_LOCK)"",
        ""purpose"": ""EXACT_TRIPTYCH_LAYOUT_COMPOSITION_ACTION_LOCK"",
        ""strict_lock"": true,
        ""no_layout_drift"": true,
        ""preserve_framing"": true,
        ""preserve_pose_logic"": true,
        ""preserve_panel_spacing"": true
      }
    },
    ""output_settings"": {
      ""aspect_ratio"": ""4:5"",
      ""orientation"": ""portrait"",
      ""resolution"": ""ultra_high_res"",
      ""render_style"": ""true_photoreal_cinematic_lifestyle"",
      ""sharpness"": ""natural_camera_sharpness_not_ai"",
      ""film_grain"": ""subtle_35mm_analog"",
      ""color_grade"": ""natural_warm_film_neutral_skin"",
      ""dynamic_range"": ""natural_not_hdr"",
      ""skin_rendering"": ""real_microtexture_pores_peachfuzz_no_plastic"",
      ""compression_artifacts"": ""none""
    },
    ""hard_constraints"": [
      ""Chỉ có đúng 2 người (một nữ, một nam)."",
      ""Khuôn mặt phải khớp với các ảnh tham chiếu đã tải lên với độ tương đồng tối đa (không lệch nhận dạng)."",
      ""Bố cục triptych: BA bảng ngang xếp chồng theo chiều dọc trong một ảnh 4:5, chính xác như ảnh tham chiếu bố cục."",
      ""Bối cảnh là bộ xích đu sân chơi ngoài trời, các hành động giống như tham chiếu: treo ngược người vui đùa + đẩy + vươn tay về phía máy ảnh."",
      ""Khuôn mặt phải hiển thị rõ ràng và dễ nhận biết trong TẤT CẢ BA bảng (không có tóc che kín mặt, không quá mờ)."",
      ""Giải phẫu học siêu thực; tay/ngón tay chính xác; nếp gấp quần áo và trọng lực thực tế."",
      ""Hình học của bộ xích đu phải chính xác về mặt vật lý (khung kim loại thẳng, mắt xích đúng, không bị biến dạng)."",
      ""Không có chữ, không có logo, không có hình mờ.""
    ],
    ""camera"": {
      ""style"": ""real_cinematic_lifestyle_photo"",
      ""lens"": ""28mm_full_frame"",
      ""distortion"": ""realistic_28mm_mild_edge_distortion_controlled"",
      ""aperture"": ""f/2.8""
    }
  }
}","[""https://cms-assets.youmind.com/media/1768468569920_isda2w_G-pfFU6bQAIiBBT.jpg""]","{""name"":""Özge Döner"",""url"":""https://x.com/astronomerozge1""}",https://x.com/astronomerozge1/status/2011524755480809767,"Chân dung, Nhóm người, Nhiếp ảnh, Điện ảnh, 3D, Nhân vật, Văn bản, Logo, UI/UX"
89,Truyện tranh / Bảng phân cảnh - Người khổng lồ Urban Fantasy Taylor Swift với Giàn giáo,"Một câu lệnh phức tạp, siêu thực để tạo ra một hình ảnh điện ảnh, siêu thực về một Taylor Swift khổng lồ đứng trên đường phố, được bao quanh bởi giàn giáo xây dựng và những công nhân xây dựng tí hon, nhấn mạnh quy mô và tính thẩm mỹ của thể loại giả tưởng đô thị.","""Một người phụ nữ khổng lồ đứng trên đường phố, trông như đang 'trong quá trình xây dựng' với giàn giáo bao quanh cơ thể cô ấy."",
      ""thẩm mỹ"": ""Tổng hợp siêu thực, điện ảnh, kỳ ảo đô thị.""
    },
    ""chi tiết chủ thể"": {
      ""giống người nổi tiếng"": ""{argument name=""tên người nổi tiếng"" default=""Taylor Swift""}."",
      ""đặc điểm"": {
        ""khuôn mặt"": ""Mắt xanh, son môi đỏ đặc trưng, cấu trúc khuôn mặt rõ nét."",
        ""tóc"": ""Màu vàng óng, dài, gợn sóng buông xõa qua vai.""
      },
      ""trang phục"": {
        ""váy"": ""Váy slip đen satin với cổ chữ V sâu và đường xẻ cao ở đùi phải."",
        ""phụ kiện"": ""Cầm một cốc cà phê dùng một lần màu trắng tiêu chuẩn ở tay phải. Mang một túi xách da màu nâu sang trọng ở tay trái."",
        ""giày dép"": ""Chân trần hoặc giày cao gót (bị che khuất bởi mảnh vụn/vết nứt trên đường).""
      }
    },
    ""yếu tố siêu thực"": {
      ""giàn giáo"": ""Cấu trúc giàn giáo kim loại phức tạp được xây dựng xung quanh cánh tay, thân và chân cô ấy, theo đường nét cơ thể."",
      ""tiểu cảnh"": ""Những công nhân xây dựng nhỏ xíu đội mũ bảo hiểm màu vàng và áo phản quang đang leo giàn giáo trên cơ thể cô ấy."",
      ""phá hủy"": ""Mặt đường nhựa dưới chân cô ấy đang nứt và vỡ vụn dưới sức nặng khổng lồ, tạo thành hình miệng hố.""
    },
    ""tư thế chính xác về giải phẫu"": {
      ""tư thế"": ""Đứng thẳng với một chút contrapposto (trọng lượng dồn về một bên hông)."",
      ""hướng"": ""Hướng về phía trước, cao chót vót so với người xem/thành phố."",
      ""cánh tay phải"": ""Gập ở khuỷu tay, giơ lên để giữ cốc cà phê ngang ngực."",
      ""cánh tay trái"": ""Duỗi xuống giữ túi xách."",
      ""ánh mắt"": ""Nhìn thẳng, giao tiếp bằng mắt bình tĩnh với máy ảnh."",
      ""tỷ lệ"": ""Chủ thể dường như cao khoảng 50 tầng, tương đương chiều cao của các tòa nhà chọc trời xung quanh.""
    },
    ""môi trường"": {
      ""vị trí"": ""Đại lộ ở một đô thị lớn (giống Chicago hoặc NYC)."",
      ""yếu tố"": ""Các tòa nhà chọc trời ở hai bên, giao thông đông đúc với những chiếc taxi và xe buýt màu vàng nhỏ xíu ở phía dưới."",
      ""góc nhìn"": ""Góc nhìn từ trên cao so với thành phố, nhưng ngang tầm mắt so với chủ thể.""
    },
    ""giá trị kỹ thuật máy ảnh"": {
      ""ống kính"": ""35mm (Góc rộng để thu trọn quy mô của chủ thể so với đường chân trời)."",
      ""khẩu độ"": ""f/11 (Độ sâu trường ảnh lớn để giữ cho cả chủ thể khổng lồ và nền thành phố tương đối sắc nét)."",
      ""tốc độ màn trập"": ""1/500s."",
      ""iso"": ""ISO 100."",
      ""độ phân giải"": ""8k, kết cấu độ trung thực cao.""
    },
    ""thiết lập ánh sáng"": {
      ""nguồn"": ""Ánh sáng ban ngày tự nhiên."",
      ""chất lượng"": ""Ánh sáng mặt trời dịu, khuếch tán (hơi nhiều mây)."",
      ""hướng"": ""Từ trên cao/Phía trước."",
      ""bóng"": ""Chủ thể đổ một cái bóng khổng lồ, dài xuống các con phố bên dưới.""","[""https://cms-assets.youmind.com/media/1768466924976_rfpiz3_G-jDv1kbQAM7fh2.jpg""]","{""name"":""Iqra Saifi"",""url"":""https://x.com/IqraSaifiii""}",https://x.com/IqraSaifiii/status/2011072648303018074,"Nhiếp ảnh, Điện ảnh, Xe cộ, Thành phố, Văn bản, UI/UX"
95,Tiếp thị sản phẩm - Lời nhắc: Thần tượng chân thực như ảnh trong bộ đồ bơi màu xanh navy,"Một lời nhắc tạo ảnh chân thực chi tiết cho Nano Banana Pro, tập trung vào một nữ thần tượng châu Á tuyệt đẹp trong bộ đồ bơi thi đấu màu xanh navy bó sát với các phụ kiện cụ thể và bối cảnh tối giản. Lời nhắc được cấu trúc theo định dạng JSON, cho phép dễ dàng sửa đổi các yếu tố như logo văn bản trên trang phục.","{
  ""prompt_data"": {
    ""subject"": {
      ""basics"": ""1 cô gái, một mình"",
      ""demographics"": ""Nữ thần tượng châu Á tuổi 20 tuyệt đẹp"",
      ""hair"": ""Tóc đen thẳng rất dài với mái bằng"",
      ""eyes"": ""Đôi mắt xanh nhạt sắc sảo"",
      ""skin"": ""Làn da trắng sứ không tì vết"",
      ""expression"": ""Biểu cảm dễ thương nhưng quyến rũ nhìn vào người xem""
    },
    ""attire"": {
      ""main_outfit"": {
        ""item"": ""Áo bơi thi đấu màu xanh navy bó sát"",
        ""details"": [
          ""Viền trắng tương phản trên dây áo và hai bên"",
          ""Cắt xẻ đùi cao, khoe chân dài"",
          ""Chất liệu vải bóng ướt""
        ],
        ""branding"": ""Logo chữ '{argument name=\""logo text\"" default=\""BeautyVerse\""}' màu trắng in đậm ở vùng ngực""
      },
      ""legwear"": [
        ""Vớ đùi màu đen xuyên thấu"",
        ""Dây nịt tất ren tối màu""
      ]
    },
    ""accessories"": {
      ""style"": ""Phụ kiện vàng sang trọng"",
      ""items"": [
        ""Đồng hồ vàng mỏng"",
        ""Dây chuyền vàng mảnh với mặt dây chuyền đá ruby"",
        ""Bông tai dây vàng dài""
      ]
    },
    ""pose_and_action"": {
      ""posture"": ""Ngồi thoải mái, đầu gối co lên"",
      ""interaction"": ""Tựa vào bức tường bê tông màu xám hiện đại""
    },
    ""environment"": {
      ""setting"": ""Nội thất phòng đơn giản, tối giản màu xám"",
      ""background_elements"": ""Tường bê tông màu xám hiện đại""
    },
    ""style_and_technical"": [
      ""Bóng đổ tinh tế"",
      ""Ánh sáng mềm mại kiểu điện ảnh"",
      ""Khuôn mặt và đôi mắt cực kỳ chi tiết"",
      ""Chất liệu chân thực"",
      ""Siêu thực"",
      ""Lấy nét sắc nét"",
      ""8k"",
      ""3:4""
    ]
  }
}","[""https://cms-assets.youmind.com/media/1768890712914_k5bpoq_G_Eft4VXUAADwdX.jpg""]","{""name"":""BeautyVerse"",""url"":""https://x.com/BeautyVerse_Lab""}",https://x.com/BeautyVerse_Lab/status/2013425391806095403,"Điện ảnh, Tối giản, Sản phẩm, Nội thất, Xe cộ, Thời trang, Văn bản, Logo"
101,Tiếp thị sản phẩm - Gợi ý chụp ảnh chân dung trong nội thất xe hơi sang trọng với đèn flash,"Một lời nhắc JSON để tạo ra một bức chân dung theo phong cách người có ảnh hưởng, siêu thực của một người phụ nữ (Josephine Langford) đang ngồi ở ghế hành khách của một chiếc xe hơi hạng sang (Mercedes-Benz). Nó mô tả chi tiết ngoại hình của đối tượng (tóc vàng bạch kim, váy bodycon màu đen), môi trường cao cấp (ghế da chần kim cương màu trắng), và phong cách kỹ thuật (chụp ảnh flash trực tiếp mềm, độ tương phản cao, độ phân giải 8K), bao gồm danh sách đầy đủ các lời nhắc tiêu cực.","{
  ""prompt_data"": {
    ""subject"": {
      ""appearance"": ""Người phụ nữ trẻ tuyệt đẹp với mái tóc vàng bạch kim dài, thẳng, làn da trắng sứ nhợt nhạt và lớp trang điểm quyến rũ với son môi màu hồng."",
      ""apparel"": ""Váy bodycon mini dài tay màu đen ôm sát với cổ chữ V khoét sâu."",
      ""pose"": ""Ngồi ở ghế hành khách trong ô tô, bắt chéo chân, một tay đặt trên ngực, tay còn lại giơ lên giữ tay nắm trần xe, nhìn thẳng vào máy ảnh với ánh mắt dịu dàng."",
      ""details"": ""Móng tay được chăm sóc kỹ lưỡng với thiết kế đen trắng.""
    },
    ""environment"": {
      ""location"": ""Nội thất của một chiếc xe sang trọng cao cấp ({argument name=\""car brand\"" default=\""Mercedes-Benz\""})."",
      ""elements"": ""Ghế xô bọc da chần bông kim cương màu trắng, bảng điều khiển màu đen, logo vô lăng Mercedes hiển thị ở bên trái, chi tiết nội thất cửa xe.""
    },
    ""technical_specs"": {
      ""style"": ""Chụp ảnh chân thực, phong cách sống của người có ảnh hưởng, thẩm mỹ Instagram."",
      ""lighting"": ""Chụp ảnh flash trực tiếp mềm mại, ánh sáng nội thất rực rỡ, độ tương phản cao."",
      ""quality"": ""Độ phân giải 8k, chi tiết cao, lấy nét sắc nét, kết cấu da chân thực.""
    },
    ""full_prompt_string"": ""Một bức ảnh chân thực theo chiều dọc về một người phụ nữ tóc vàng bạch kim xinh đẹp đang ngồi trong một chiếc Mercedes sang trọng. Cô ấy mặc một chiếc váy mini dài tay màu đen cổ chữ V khoét sâu ôm sát. Cô ấy tạo dáng trên ghế da chần kim cương màu trắng, một tay giơ lên giữ tay nắm. Phong cách chụp ảnh flash, ánh sáng quyến rũ, chi tiết cao, 8k, kết cấu chân thực, thẩm mỹ của người có ảnh hưởng."",
    ""negative_prompt"": ""hoạt hình, tranh vẽ, minh họa, kết xuất 3d, anime, chất lượng thấp, lỗi nén jpeg, mờ, giải phẫu học kém, tay bị biến dạng, thừa ngón tay, thiếu chi, mắt xấu, hình mờ, văn bản, chữ ký, xấu xí, biến dạng.""
  }
}","[""https://cms-assets.youmind.com/media/1768890693168_rqes5o_G_C0ldgWMAAMNXa.jpg""]","{""name"":""Artificial intelligence (Ai),Open Ai"",""url"":""https://x.com/Vishnudxe""}",https://x.com/Vishnudxe/status/2013307593452835105,"Chân dung, Điện ảnh, Minh họa, 3D, Anime, Sản phẩm, Nội thất, Nhân vật, Xe cộ, Văn bản, Logo, UI/UX"
119,Hình ảnh chính thương mại điện tử - Lời nhắc chụp ảnh thực phẩm thương mại siêu thực,"Một lời nhắc chi tiết để tạo ra ảnh chụp thực phẩm thương mại siêu thực, đặc biệt tập trung vào độ phân giải cao, lấy nét sắc nét và ánh sáng studio được kiểm soát để ghi lại hành động đóng băng giữa không trung của các nguyên liệu. Lời nhắc này được cấu trúc bằng JSON để kiểm soát chính xác các cài đặt đầu ra và chi tiết thẩm mỹ.","""resolution"": ""{argument name=""resolution"" default=""8K UHD""}"",

""aspect_ratio"": ""3:4"",

{ ""image_style"": ""{argument name=""image style"" default=""hyper-realistic commercial food photography""}"", ""quality"": ""Chi tiết cực cao, lấy nét sắc nét, độ rõ nét chuẩn studio"", ""lighting"": ""Ánh sáng studio mềm mại nhưng được kiểm soát với các điểm sáng rõ ràng và độ nét tia nước"", ""motion"": ""Hành động đóng băng giữa không trung, các nguyên liệu lơ lửng"",

""global_settings"": {

""background_style"": ""Nền đơn sắc hoặc chuyển màu mượt mà, màu sắc thay đổi theo từng module"", 
""camera"": ""Phong cách chụp ảnh tốc độ cao, độ sâu trường ảnh nông đến trung bình"", ""post_processing"": ""Độ tương phản cân bằng, độ bão hòa tự nhiên, không có ánh sáng nhân tạo"" }}","[""https://cms-assets.youmind.com/media/1768717588616_6tvblq_G-4KPKGWsAEk3FE.jpg"",""https://cms-assets.youmind.com/media/1768717588696_15yk0k_G-4KPJqWoAAzMee.jpg"",""https://cms-assets.youmind.com/media/1768717588636_hmnjxa_G-4KPJhXsAAoIPq.jpg"",""https://cms-assets.youmind.com/media/1768717590696_ewqa6m_G-4KPKCW0AEHtnA.jpg""]","{""name"":""Oogie"",""url"":""https://x.com/oggii_0""}",https://x.com/oggii_0/status/2012557350591434765,"Nhiếp ảnh, Điện ảnh, Sản phẩm, Đồ ăn, Nhân vật"
120,Hình ảnh chính thương mại điện tử - Chụp ảnh thực phẩm thương mại siêu thực,"Một prompt kỹ thuật tập trung vào việc tạo ra những bức ảnh chụp món ăn thương mại siêu thực, đặc biệt là ghi lại cảnh các nguyên liệu đang bay lơ lửng giữa không trung với hiệu ứng máy ảnh tốc độ cao và ánh sáng studio được kiểm soát.","{
'resolution': '8K UHD',
'aspect_ratio': '3:4',
'image_style': 'chụp ảnh thực phẩm thương mại siêu thực',
'global_settings': {
'quality': 'Chi tiết cực cao, lấy nét sắc nét, độ rõ nét chuẩn studio',
'lighting': 'Ánh sáng studio mềm mại nhưng được kiểm soát với các điểm sáng rõ ràng và độ nét của tia nước bắn',
'motion': 'Hành động đóng băng giữa không trung, các nguyên liệu lơ lửng',
'background_style': 'Nền đơn sắc hoặc chuyển màu mượt mà, màu sắc thay đổi tùy theo mô-đun',
'camera': 'Phong cách chụp ảnh tốc độ cao, độ sâu trường ảnh nông đến trung bình',
'post_processing': 'Độ tương phản cân bằng, độ bão hòa tự nhiên, không có ánh sáng nhân tạo'
}}","[""https://cms-assets.youmind.com/media/1768717518115_xlrzuh_G-3tFT8aAAAhglp.jpg"",""https://cms-assets.youmind.com/media/1768717518114_mzz1pn_G-3tFTAbkAEXFia.jpg"",""https://cms-assets.youmind.com/media/1768717518102_8djjav_G-3tFTtakAI0WQ3.jpg"",""https://cms-assets.youmind.com/media/1768717519186_r2eeu3_G-3tFVWasAAjgWp.jpg""]","{""name"":""𝐌"",""url"":""https://x.com/Strength04_X""}",https://x.com/Strength04_X/status/2012525300761133195,"Nhiếp ảnh, Điện ảnh, Đồ ăn, Nhân vật"
124,Tài sản trò chơi - Quy trình làm việc để chuyển đổi phong cách và tạo storyboard,"Đây không phải là một lời nhắc duy nhất mà là mô tả về quy trình làm việc nhiều bước sử dụng Nano Banana Pro để chuyển đổi phong cách và tạo bảng phân cảnh, yêu cầu cả hình ảnh nhân vật và hình ảnh tham chiếu cho phong cách mong muốn (nhân vật 'phồng lên').","hình ảnh thực tế của nhân vật của tôi + hình ảnh tham chiếu của một nhân vật ""phồng lên""","[""https://cms-assets.youmind.com/media/1768890736096_xfe39s_G_C2IC_XgAA2YbQ.jpg"",""https://cms-assets.youmind.com/media/1768890736113_3oxikz_G_C2IDAWsAAyRJ2.jpg"",""https://cms-assets.youmind.com/media/1768890736408_czx7hx_G_C2IDAWUAAhSiy.jpg""]","{""name"":""proper"",""url"":""https://x.com/ProperPrompter""}",https://x.com/ProperPrompter/status/2013309729167089868,"Nhân vật, Trò chơi"