id,title,description,content,sourceMedia,author,sourceLink,keywords
1,Thẻ trích dẫn rộng với ảnh chân dung và tùy chỉnh tiếng Trung/tiếng Anh,"Một lời nhắc để tạo thẻ trích dẫn rộng có chân dung của một người nổi tiếng, với nền màu nâu, văn bản trích dẫn kiểu serif màu vàng nhạt, và bố cục trong đó văn bản chiếm hai phần ba và người đó chiếm một phần ba. Văn bản trích dẫn và tác giả được tham số hóa để tái sử dụng.","Một thẻ trích dẫn rộng có hình một người nổi tiếng, với nền màu nâu và phông chữ serif màu vàng nhạt cho câu trích dẫn: “{argument name=""famous_quote"" default=""Stay Hungry, Stay Foolish""}” và văn bản nhỏ hơn: “—{argument name=""author"" default=""Steve Jobs""}”. Có một dấu ngoặc kép lớn, tinh tế trước văn bản. Chân dung của người đó ở bên trái, văn bản ở bên phải. Văn bản chiếm hai phần ba hình ảnh và chân dung chiếm một phần ba, với hiệu ứng chuyển màu gradient nhẹ trên chân dung.","[""https://cms-assets.youmind.com/media/1763886933714_5zqn1e_G6QBjQHbgAE3Yt_.jpg"",""https://cms-assets.youmind.com/media/1763886938314_wbcfc7_G6QBiiracAInQ8z.jpg"",""https://cms-assets.youmind.com/media/1763886941069_1d9ace_G6QBii_acAIRxKd.jpg"",""https://cms-assets.youmind.com/media/1763886946388_nwahev_G6QBikOaEAAmYkO.jpg""]","{""name"":""Nicolechan"",""url"":""https://x.com/stark_nico99""}",https://x.com/stark_nico99/status/1991718646570426763,"Chân dung, Văn bản"
4,Ưu Đãi Đặc Biệt Ngày Tết Dương Lịch: Câu Đố Bốn Ô Chúc Phúc Năm 2026,"Một lời nhắc đa bảng chi tiết cho Nano Banana Pro, tạo ra một ảnh ghép 2x2 ô vuông trong đó một nhân vật nữ duy nhất, trong bốn bộ trang phục và bối cảnh khác nhau, đang ghép một câu đố có nội dung '2026 New Year's Day Happy' ở giữa. Lời nhắc chỉ định giữ lại các đặc điểm khuôn mặt chính xác, chi tiết trang phục, các yếu tố nền và các thông số chụp ảnh theo phong cách tạp chí thời trang.","[Lưu ý: Giữ nguyên các đặc điểm khuôn mặt chính xác, giữ nguyên cấu trúc khuôn mặt ban đầu, nhân vật trong ảnh phải hoàn toàn nhất quán với hình ảnh tham chiếu đã tải lên] Ảnh studio cao cấp, lưới 2x2. Ô trên cùng bên trái (nền xanh hải quân): Nhân vật mặc váy đồng phục màu xanh hải quân, trang trí cúc vàng, tóc xoăn cổ điển với mũ nồi xanh và khuyên tai ngọc trai. Cô ấy dùng hai tay giữ một mảnh ghép hình lớn (mảnh trên cùng bên trái, có số ""20"" trên đó), di chuyển nó về phía trung tâm khung hình. Đôi mắt cô ấy tập trung vào khu vực ghép hình trung tâm, biểu cảm nghiêm túc, với một nụ cười nhẹ. Nền có các sọc xanh hải quân, một chiếc mỏ neo và dòng chữ ""Set Sail for the New Year"". Ô trên cùng bên phải (nền hồng hoa anh đào): Người phụ nữ tương tự mặc váy ren hồng, vòng cổ ngọc trai, kiểu tóc công chúa với kẹp tóc hoa hồng hồng và khuyên tai pha lê. Cô ấy dùng hai tay giữ mảnh ghép hình trên cùng bên phải (có số ""26"" trên đó), di chuyển nó về phía trung tâm để nối với mảnh trên cùng bên trái. Đôi mắt cô ấy nhìn vào đường nối của mảnh ghép, biểu cảm tập trung và mong đợi, cơ thể hơi nghiêng về phía trước. Nền có hoa anh đào hồng, dòng chữ ""Beautiful Encounter"", bướm và cánh hoa. Ô dưới cùng bên trái (nền xanh bạc hà): Người phụ nữ tương tự mặc váy cotton và linen màu xanh bạc hà, theo phong cách nghệ thuật, với mái tóc dài tự nhiên, băng đô xanh và khuyên tai gỗ. Cô ấy dùng hai tay giữ mảnh ghép hình dưới cùng bên trái (có dòng chữ ""New Year's Day"" trên đó), di chuyển nó lên trên để nối với mảnh trên cùng bên trái. Đôi mắt cô ấy nhìn vào mảnh ghép, biểu cảm nghiêm túc, và miệng hơi mím lại. Nền có cây xanh, dòng chữ ""Hope Grows"", chồi non và lá. Ô dưới cùng bên phải (nền vàng chanh): Người phụ nữ tương tự mặc váy vàng với họa tiết hoa hướng dương, tóc tết hai bím với nơ vàng. Cô ấy đẩy mảnh ghép hình cuối cùng ở dưới cùng bên phải (có dòng chữ ""Happy"" trên đó) để hoàn thành bức ghép. Bốn mảnh ghép hoàn hảo tạo thành hình ảnh hoàn chỉnh ""2026 New Year's Day Happy"" ở trung tâm khung hình. Cô ấy ngẩng đầu ra sau, nhìn vào bức ghép đã hoàn thành, khuôn mặt rạng rỡ với nụ cười thành công, vui vẻ. Trung tâm khung hình bùng nổ ánh sáng vàng và pháo hoa. Nền có mặt trời vàng, dòng chữ ""Complete Success"", các biểu tượng mặt cười và hoa hướng dương. Các mảnh ghép hội tụ từ bốn góc vào trung tâm để tạo thành một bức tranh hoàn chỉnh. Trang điểm rõ nét, ánh sáng vòng sáng, ống kính 85mm, khẩu độ f/1.8, bố cục bốn ô với tương tác ghép hình, phong cách tạp chí thời trang.","[""https://cms-assets.youmind.com/media/1767455034932_ivuvu0_G9V-MszakAEAIBw.jpg""]","{""name"":""松果先森"",""url"":""https://x.com/songguoxiansen""}",https://x.com/songguoxiansen/status/2005822648027091031,"Nhiếp ảnh, Cổ điển, Nhân vật, Thời trang, Văn bản, UI/UX"
6,Tóm tắt tin tức AI theo phong cách bảng đen,"Một lời nhắc tiếng Nhật để biến nội dung tin tức AI thành sơ đồ bảng đen vẽ tay, theo phong cách giáo viên với các giải thích.","Sử dụng nội dung sau đây, tóm tắt tin tức theo phong cách bảng đen, chữ viết tay, và chia nhỏ bằng các sơ đồ và cách diễn đạt dễ hiểu như thể một giáo viên đã viết.
—-
Kết quả tìm kiếm từ Grok","[""https://cms-assets.youmind.com/media/1763885620059_vzaj75_G6WfVvIbAAEgvYg.jpg"",""https://cms-assets.youmind.com/media/1763885622901_pk1vka_G6P2CkracAINIfP.jpg""]","{""name"":""ひでもん | AI開発@ニュース発信"",""url"":""https://x.com/okknews""}",https://x.com/okknews/status/1992173611520868372,"Minh họa, Văn bản"
7,Sơ đồ 'Đầm lầy' Phát triển AI Agent,"Một lời nhắc dựa trên JSON chi tiết dành cho Nano Banana Pro để tạo ra sơ đồ 'Swamp' (một định dạng meme phổ biến trên internet) minh họa tính chất tuần hoàn của việc bị mắc kẹt trong quá trình phát triển AI Agent. Lời nhắc xác định cấu trúc, phong cách (đơn giản, minh họa dễ thương), bố cục (đường dẫn giới thiệu thẳng dẫn vào một vòng lặp theo chiều kim đồng hồ) và các nút cụ thể với nhân vật, hình ảnh và thuật ngữ đối thoại/suy nghĩ của sơ đồ.","diagram:
  title: ""{argument name=""diagram title"" default=""Vòng Lặp Đầm Lầy Phát Triển AI Agent Sinh Thành""}""
  style:
    character: ""simple_editorial_cute""
    tone: ""light_like_original""
    line: ""soft_round""
    shading: ""flat_minimal""
    palette: ""muted_editorial""
    background: ""light_beige_or_white""

  rule:
    first_character_only: ""Chỉ người đầu tiên là khác""
    others_same_character: ""Tất cả những người khác đều là một""
    anxiety_requires_tech_terms: true
    dialogue_tone: ""Giữ nguyên cách diễn đạt ngắn gọn, nhẹ nhàng của sơ đồ gốc""

layout:
  intro_track: ""Phần trên là một đường thẳng (từ trái sang phải), sau đó rẽ xuống để nối vào vòng lặp""
  loop_track: ""Sắp xếp thành một vòng lặp (hình tròn), với các mũi tên cong theo chiều kim đồng hồ dọc theo chu vi""

nodes:
  # ===== Upper Section: Straight Introduction =====
  - id: A
    zone: ""intro""
    position: ""upper_left""
    actor: ""Người khác (Kỹ sư cấp cao)""
    visual: ""Chỉ vào máy tính xách tay""
    item: ""Màn hình Demo AI Agent""
    says: ""Nó sẽ làm bạn hạnh phúc.""
    arrow_to: { id: B, shape: ""straight"", direction: ""right"" }

  - id: B
    zone: ""intro""
    position: ""upper_center""
    actor: ""Nhân vật chính (Cùng một người)""
    visual: ""Vẫy tay nhẹ""
    says: ""Ngay cả một agent đơn giản...""
    arrow_to: { id: C, shape: ""straight"", direction: ""right"" }

  - id: C
    zone: ""intro""
    position: ""upper_right""
    actor: ""Nhân vật chính (Cùng một người)""
    visual: ""Thực thi mã mẫu""
    item: ""Mẫu LangChain / CrewAI""
    arrow_to: { id: D, shape: ""straight"", direction: ""down"" }

  # ===== D: Awakening Point =====
  - id: D
    zone: ""connector""
    position: ""right_outer_before_loop""
    actor: ""Nhân vật chính (Cùng một người)""
    visual:
      face: ""Mắt mở to (dễ thương)""
      effect: ""Vệt sáng nhỏ của sự cảm hứng""
      posture: ""Nghiêng người về phía trước""
    state: ""Thức tỉnh""
    says: ""Agent, cái này thật điên rồ...""
    micro_text: ""(Thức tỉnh ở đây)""
    arrow_to:
      id: E
      shape: ""gentle_curve""
      direction: ""down_into_ring""

  # ===== Loop Start (Must rotate from here) =====
  - id: E
    zone: ""loop""
    position: ""loop_right_upper""
    actor: ""Nhân vật chính (Cùng một người)""
    visual: ""Ôm đầu (dễ thương)""
    state: ""Bắt đầu lo lắng/khó chịu""
    says: ""Khó chịu""
    thought_terms:
      - ""Thiết kế Prompt""
      - ""Lựa chọn công cụ""
      - ""Thiết kế bộ nhớ""
    thought_text: ""Nó không hoạt động như mong đợi...""
    arrow_to: { id: F, shape: ""curved_along_ring"", direction: ""clockwise"" }

  - id: F
    zone: ""loop""
    position: ""loop_right_lower""
    actor: ""Nhân vật chính (Cùng một người)""
    visual: ""Bị bao quanh bởi mã và nhật ký""
    state: ""Sự khó chịu lắng xuống""
    says: ""Trong trạng thái khó chịu""
    callout: ""Vòng lặp! Chạy loạn! Ảo giác!""
    thought_terms:
      - ""RAG""
      - ""Gọi hàm""
      - ""Sử dụng công cụ""
    arrow_to: { id: G, shape: ""curved_along_ring"", direction: ""clockwise"" }

  - id: G
    zone: ""loop""
    position: ""loop_bottom""
    actor: ""Nhân vật chính (Cùng một người)""
    visual: ""Bị bao phủ bởi ghi chú và sơ đồ""
    says: ""Cơ thể dần dần phát triển khả năng chịu đựng, và việc sử dụng tăng lên.""
    items:
      - ""Sơ đồ kiến trúc Agent""
      - ""Ghi nhớ phân công vai trò""
      - ""Luồng chuyển đổi trạng thái""
    arrow_to: { id: H, shape: ""curved_along_ring"", direction: ""clockwise"" }

  - id: H
    zone: ""loop""
    position: ""loop_left_lower""
    actor: ""Nhân vật chính (Cùng một người)""
    visual: ""Hoạt động tốt, nắm tay nhỏ""
    state: ""Thỏa mãn tạm thời""
    says: ""Mong muốn tạm thời được thỏa mãn""
    arrow_to: { id: I, shape: ""curved_along_ring"", direction: ""clockwise"" }

  - id: I
    zone: ""loop""
    position: ""loop_left_upper""
    actor: ""Nhân vật chính (Cùng một người)""
    visual: ""Suy nghĩ lại""
    state: ""Ám ảnh/Chiếm hữu suy nghĩ""
    says: ""Suy nghĩ về agent""","[""https://cms-assets.youmind.com/media/1766667407596_i77nzi_G8ybmHWagAUO-CF.jpg""]","{""name"":""Studio Veco|日本一ダサい画像を生成する人"",""url"":""https://x.com/studio_veco""}",https://x.com/studio_veco/status/2003147059298443496,"Chân dung, Minh họa, Tối giản, Nội thất, Nhân vật, Văn bản, UI/UX, Meme"
9,Cảnh căn phòng otaku chụp ảnh selfie qua gương chi tiết,"Một prompt Nano Banana rất chi tiết mô tả ảnh selfie trước gương của một cô gái trong góc máy tính otaku tông màu xanh lam, với đầy đủ thông số kỹ thuật về nhân vật, môi trường, ánh sáng, máy ảnh và các prompt phủ định.","### Bối cảnh
Ảnh selfie qua gương trong góc máy tính phong cách otaku, tông màu xanh.

### Chủ thể
* Biểu cảm giới tính: nữ
* Tuổi: khoảng 25
* Dân tộc: Đông Á
* Dáng người: mảnh mai, eo thon; tỷ lệ cơ thể tự nhiên
* Tông da: tông trung tính sáng
* Kiểu tóc:
    * Độ dài: tóc dài ngang eo
    * Kiểu: thẳng với phần đuôi hơi xoăn nhẹ
    * Màu: nâu trung bình
* Tư thế:
    * Dáng đứng: đứng hơi contrapposto
    * Tay phải: cầm điện thoại thông minh trước mặt (giấu danh tính)
    * Tay trái: buông tự nhiên dọc thân
    * Thân trên: thân hơi ngả về sau; eo và bụng lộ ra
* Trang phục:
    * Áo trên: áo khoác len dệt kim dáng lửng màu xanh nhạt, cài hai cúc trên cùng; áo ngực kiểu Pháp màu xanh mờ ảo
    * Quần dưới: quần short denim siêu ngắn, với một chiếc nơ ruy băng satin màu xanh ở mỗi bên hông
    * Vớ: vớ cao quá gối sọc ngang xanh trắng
    * Phụ kiện: ốp điện thoại hình linh vật dễ thương màu xanh

### Môi trường
* Mô tả: góc máy tính trong phòng ngủ nhìn qua gương treo tường
* Đồ đạc:
    * Bàn làm việc màu trắng
    * Một màn hình hiển thị hình nền màu xanh dịu (không có chữ có thể đọc được)
    * Bàn phím cơ với keycap màu trắng trên tấm lót bàn màu xanh
    * Chuột trên tấm lót chuột nhỏ màu xanh
    * Thùng máy tính ở bên phải với đèn case màu xanh
    * Ba mô hình anime trên hoặc gần thùng máy tính
    * Một tấm áp phích hình chùa trên tường
    * Đèn bàn hình mèo có điểm nhấn màu xanh
    * Một ly nước thủy tinh trong suốt
    * Một cây xanh lá cao bên cửa sổ (ở phía bên trái khung hình)
* Thay thế màu sắc: thay thế tất cả các yếu tố ban đầu màu hồng (quần áo và đồ trang trí phòng) bằng tông màu xanh (từ xanh da trời nhạt đến xanh da trời/xanh dừa cạn).

### Ánh sáng
* Nguồn sáng: ánh sáng ban ngày từ cửa sổ lớn bên trái máy ảnh, xuyên qua rèm mỏng
* Chất lượng ánh sáng: ánh sáng mềm, khuếch tán
* Cân bằng trắng (K): 5200

### Máy ảnh
* Chế độ: camera sau của điện thoại thông minh chụp qua gương (không có chế độ chân dung/bokeh)
* Tiêu cự tương đương (mm): 26
* Khoảng cách (m):
    * Chủ thể đến gương: 0.6
    * Máy ảnh đến gương: 0.5
* Phơi sáng:
    * Khẩu độ (f): 1.8
    * ISO: 100
    * Tốc độ màn trập (s): 0.01
    * Bù trừ phơi sáng (EV): -0.3
* Lấy nét: lấy nét vào phần thân trên và quần short trong ảnh phản chiếu qua gương
* Độ sâu trường ảnh: độ sâu trường ảnh sâu tự nhiên của điện thoại thông minh; hậu cảnh hiển thị rõ ràng không bị làm mờ nhân tạo
* Bố cục:
    * Tỷ lệ khung hình: 1:1
    * Cắt: từ đỉnh đầu đến giữa đùi; bao gồm bàn làm việc, màn hình, thùng máy tính và cây xanh trong khung hình
    * Góc: góc hơi cao từ góc nhìn của gương
    * Ghi chú bố cục: giữ chủ thể ở giữa; để tránh biến dạng cạnh góc rộng, hãy để cô ấy đứng xa hơn một chút và cắt thành hình vuông sau.

### Lời nhắc tiêu cực
* Bất kỳ sự xuất hiện nào của màu hồng/đỏ tươi ở bất cứ đâu
* Bộ lọc làm đẹp/da quá mịn; vẻ ngoài da không có lỗ chân lông
* Giải phẫu phóng đại hoặc biến dạng
* NSFW, vải xuyên thấu, sự cố trang phục
* Logo, tên thương hiệu hoặc văn bản giao diện người dùng có thể đọc được
* Hiệu ứng làm mờ chế độ chân dung giả, cảm giác CGI/minh họa","[""https://cms-assets.youmind.com/media/1763889946850_689z0h_G23i3sJW0AASGUw.jpg""]","{""name"":""宝玉"",""url"":""https://x.com/dotey""}",https://x.com/dotey/status/1976485558319722711,"Chân dung, Nhiếp ảnh, Minh họa, 3D, Anime, Nhân vật, Văn bản, Logo, Poster, UI/UX"
10,Tái hiện một cảnh hiện đại theo phong cách tranh Ukiyo-e thời Edo,"Một lời nhắc hình ảnh có cấu trúc cao để mô tả một cảnh hiện đại được tái hiện dưới dạng bản in khắc gỗ Ukiyo-e thời Edo của Nhật Bản, với hướng dẫn chi tiết về công nghệ lỗi thời, bố cục, họa tiết và màu sắc.","Một bản in khắc gỗ Ukiyo-e thời Edo của Nhật Bản. Cảm giác tổng thể là sự hợp tác siêu thực giữa các bậc thầy như Hokusai và Hiroshige, tái hiện công nghệ hiện đại qua lăng kính cổ xưa.

**Bối cảnh:** {argument name=""modern scene"" default=""một ngã tư Shibuya đông đúc""}

**Logic chuyển đổi thời Edo:**
Các nhân vật mặc kimono thời Edo nhưng thực hiện các hành động hiện đại. Tất cả công nghệ được biến đổi thành các vật tương đương siêu thực thời Edo:
* Điện thoại thông minh là những cuộn giấy minh họa phát sáng được đọc một cách chăm chú.
* Ga tàu điện ngầm và tàu hỏa là những cỗ xe rết gỗ khổng lồ, có khớp nối, di chuyển qua đám đông.
* Các tòa nhà chọc trời được tái hiện thành những ngôi chùa gỗ cao chót vót, vươn tới những đám mây ấn tượng.
* Robot và mecha xuất hiện dưới dạng những người đá khắc gỗ khổng lồ, bọc thép.

Bố cục sử dụng phối cảnh phẳng với các đường nét mực khắc thủ công lớn, đậm. Nền có các họa tiết sóng Ukiyo-e được cách điệu mạnh mẽ và những đám mây xoáy ấn tượng, với núi Phú Sĩ ở xa hiện rõ trên đường chân trời.

Hình ảnh phải trông giống như một bản in vật lý, không phải một bức tranh kỹ thuật số.
* Kết cấu: kết cấu vân gỗ rõ nét và sợi giấy thô xuyên suốt tác phẩm.
* Lỗi in ấn: hiện rõ sự lem màu. Mô phỏng các bản in thủ công với sự lệch màu nhẹ để tăng tính chân thực.
* Bảng màu: giới hạn nghiêm ngặt trong các sắc tố khoáng truyền thống, với việc sử dụng chủ đạo màu xanh Phổ, đỏ son và vàng đất xám.
* Ánh sáng: ánh sáng dịu, phẳng, không bóng đổ và không có gradient kỹ thuật số.

Tỷ lệ khung hình là 3:4 cho poster dọc. Bao gồm chữ thư pháp Nhật Bản dọc mô tả cảnh và một con dấu đỏ truyền thống của nghệ sĩ ở một góc.","[""https://cms-assets.youmind.com/media/1764915832381_renotr_G7FuPlzbYAAsuo2.jpg""]","{""name"":""VoxcatAI"",""url"":""https://x.com/VoxcatAI""}",https://x.com/VoxcatAI/status/1995497350543110411,"Minh họa, Ukiyo-e, Nhân vật, Xe cộ, Văn bản, Poster"
13,Hồ sơ / Ảnh đại diện - Chân Dung Biên Tập Chụp Ảnh Tự Sướng Ban Đêm Với Đèn Flash,"Một JSON prompt rất cụ thể để tạo ảnh chân dung selfie cận cảnh siêu chân thực được chụp vào ban đêm bằng đèn flash trực tiếp từ điện thoại, đạt được vẻ ngoài tự nhiên nhưng mang tính biên tập. Nó yêu cầu khóa nhận dạng khuôn mặt nghiêm ngặt, mô tả chi tiết ngoại hình của chủ thể (tóc đen nhánh, chuỗi ngọc trai trên đầu), và chỉ định ánh sáng cùng phông nền (phòng chờ thiếu sáng, hiệu ứng bokeh nổi bật).","{
  ""generation_request"": {
    ""meta_data"": {
      ""tool"": ""NanoBanana Pro"",
      ""task_type"": ""photoreal_selfie_flash_nightlife_editorial"",
      ""version"": ""v1.0_PEARL_HEADCHAIN_SELFIE_FLASH_NO_AI_LOOK_NO_TEXT"",
      ""priority"": ""highest""
    },

    ""references"": {
      ""reference_image_1"": {
        ""source"": ""UPLOAD_REFERENCE_IMAGE (OPTIONAL)"",
        ""purpose"": ""FACE_IDENTITY_AND_GLAM_STYLE_LOCK"",
        ""strict_lock"": true,
        ""face_similarity_priority"": ""MAX"",
        ""no_identity_blending"": true,
        ""no_beautify"": true,
        ""no_age_shift"": true,
        ""preserve_skin_texture"": true,
        ""preserve_facial_proportions"": true,
        ""preserve_expression"": true
      }
    },

    ""output_settings"": {
      ""aspect_ratio"": ""4:5"",
      ""orientation"": ""portrait"",
      ""resolution_target"": ""ultra_high_res"",
      ""render_style"": ""flash_candid_editorial"",
      ""sharpness"": ""flash_crisp_face_soft_background"",
      ""film_grain"": ""subtle_35mm"",
      ""color_grade"": ""warm_night_flash_neutral_skin"",
      ""dynamic_range"": ""natural_not_hdr"",
      ""skin_rendering"": ""real_texture_editorial_finish""
    },

    ""creative_prompt"": {
      ""scene_summary"": ""Chân dung selfie cận cảnh siêu chân thực vào ban đêm với đèn flash điện thoại trực tiếp. Một phụ nữ trẻ quyến rũ với mái tóc đen nhánh dài thẳng nhìn vào máy ảnh với vẻ tự tin, hơi bĩu môi. Cô ấy đeo một chuỗi ngọc trai và pha lê phức tạp (kiểu lưới) phủ lên đường chân tóc với những giọt nhỏ lủng lẳng, cùng với đôi bông tai ngọc trai dài. Trang phục là một chiếc váy yếm lụa óng ánh màu ngà thanh lịch với độ che phủ vừa phải và các nếp vải chân thực. Tổng thể toát lên vẻ sang trọng của cuộc sống về đêm, tự nhiên nhưng mang tính biên tập, với kết cấu da sạch và cấu trúc khuôn mặt hoàn hảo."",

      ""environment"": {
        ""location"": ""phòng chờ trong nhà/ngoài trời mờ ảo / lối vào biệt thự vào ban đêm"",
        ""background"": ""xà gỗ tối màu, ánh sáng thực tế dịu nhẹ xung quanh, độ sâu trường ảnh nông, hiệu ứng bokeh nổi bật"",
        ""lighting"": ""đèn flash điện thoại trực tiếp là nguồn sáng chính, ánh sáng lấp đầy xung quanh tối thiểu, điểm nhấn phản chiếu chân thực trên ngọc trai""
      },

      ""subject"": {
        ""appearance"": {
          ""hair"": ""tóc đen dài thẳng, bóng mượt nhưng tự nhiên, sợi tóc rõ ràng, không bị bóng nhờn"",
          ""makeup"": ""trang điểm nhẹ nhàng quyến rũ, kẻ mắt sắc nét, lông mày rõ ràng, má hồng nhẹ, môi nude bóng, lỗ chân lông chân thực"",
          ""skin"": ""kết cấu da thật, không làm mịn, không có lớp hoàn thiện bằng nhựa""
        },
        ""accessories"": {
          ""headpiece"": ""chuỗi ngọc trai và pha lê dạng lưới, hoa văn lưới đối xứng trên đỉnh đầu, những giọt ngọc trai nhỏ lủng lẳng ở trán và hai bên, lấp lánh chân thực"",
          ""earrings"": ""bông tai ngọc trai dài, thanh lịch, phản chiếu chân thực""
        },
        ""wardrobe"": {
          ""dress"": ""váy yếm lụa óng ánh màu ngà, đường viền cổ thanh lịch, độ che phủ vừa phải, rủ tự nhiên và lấp lánh nhẹ""
        },
        ""pose"": ""góc chụp selfie, cánh tay duỗi về phía máy ảnh, vai thư giãn""
      }
    }
  }
}","[""https://cms-assets.youmind.com/media/1768890662377_5diu24_G_DbnLqWoAAEqSM.jpg""]","{""name"":""Özge Döner"",""url"":""https://x.com/astronomerozge1""}",https://x.com/astronomerozge1/status/2013350554542498168,"Chân dung, Nhiếp ảnh, Điện ảnh, 3D, Nhân vật, Văn bản, Logo, UI/UX"
15,Hồ sơ / Ảnh đại diện - Lời nhắc chụp ảnh tự sướng trong gương phòng gym siêu thực (Mô phỏng iPhone 17 Pro),"Một prompt mang tính kỹ thuật cao dành cho Gemini Nano Banana Pro được thiết kế để mô phỏng một bức ảnh selfie trong gương phòng gym thô, có độ tương phản cao, được chụp bằng ống kính iPhone 17 Pro góc siêu rộng. Nó yêu cầu độ chân thực sinh học cực cao, lấy nét sắc nét trên mọi mặt phẳng (không có hiệu ứng bokeh), làm thon gọn cơ thể một cách mạnh mẽ và chi tiết kết cấu chân thực trên quần áo và da, hướng tới một vẻ đẹp tự nhiên, không chỉnh sửa như khi đăng lên mạng xã hội.","(Tỷ lệ khung hình điện thoại thông minh 9:16 dọc). Một bức ảnh [Chụp gương nội thất phòng gym] thô, độ tương phản cao được chụp bằng iPhone 17 Pro sử dụng ống kính góc siêu rộng 0.5x. KHÔNG CÓ BOKEH NHÂN TẠO. Mọi mặt phẳng tiêu cự đều SẮC NÉT và rõ ràng, từ làn da của chủ thể đến thiết bị tập gym ở xa.
Chủ thể & Nhận dạng:
• Nhận dạng: Giữ nguyên cấu trúc khuôn mặt hình trái tim chính xác và các đặc điểm độc đáo của người phụ nữ trong Hình ảnh 1 (Selfie).
• Độ trung thực sinh học: Kết xuất vật lý sinh học ""TrueLens"" độ trung thực cao: các lỗ chân lông siêu nhỏ có thể nhìn thấy, làn da ẩm mượt tự nhiên ""satin-finish"" vào ban đêm, và lông tơ mịn bắt sáng từ đèn trên cao CHỈ dọc theo đường quai hàm.
• Hiệu chỉnh hình dáng (TỐI ĐA YẾU TỐ UFF): Ưu tiên thể tích phần thân trên có cấu trúc nổi bật và độ sâu giải phẫu đáng kể, săn chắc ở các chi dưới. Tập trung vào việc thuôn nhọn mạnh mẽ ở phần giữa cơ thể để tối đa hóa hình học đường cong chữ S.
Trang phục & Tương tác kết cấu:
• Trang phục: Một chiếc áo phông dệt kim kỹ thuật màu đen mờ, mật độ cao và quần đùi thể thao tối giản có độ căng cao phù hợp.
• Độ căng: Vải kỹ thuật thể hiện độ căng cơ học cực cao và vừa vặn như chân không, tạo ra sự giãn nở kết cấu chân thực và ""đường căng"" nơi vật liệu ôm sát hình dáng cơ thể cô ấy.
• Vật lý vật chất: Vớ cổ thuyền bằng cotton mật độ cao màu trắng thể hiện sự tiếp xúc kết cấu chân thực và phân bổ trọng lượng trên sàn gạch.
Tư thế & Bố cục:
• Tư thế: Một bức ảnh selfie trong gương góc 3/4. Cô ấy đang đứng với phần thân xoay trục về phía gương, ưỡn lưng và hất hông để làm nổi bật thể tích 3D đối xứng của vóc dáng.
• Hành động: TAY PHẢI cô ấy cầm một chiếc điện thoại thông minh có vỏ trang trí, chụp lại hình ảnh phản chiếu ""kiểm tra trang phục"" toàn thân.
• Lớp phủ UI: Một dấu thời gian đồng hồ kỹ thuật số màu trắng ở góc trên bên trái hiển thị ""8:33 PM"" bằng phông chữ sans-serif đơn giản.
Môi trường & Hiện thực xã hội:
• Ánh sáng: Ánh sáng công nghiệp trực tiếp, gay gắt từ trên cao tạo ra các điểm sáng phản chiếu độ tương phản cao và bóng sâu, rõ nét làm nổi bật hình dạng 3D của cô ấy.
• Nền (SẮC NÉT): Nội thất phòng gym thương mại chi tiết. Một cột cấu trúc màu xanh neon rực rỡ, sàn gạch trắng với các đường ron có thể nhìn thấy, và ghế tập thể dục màu tối đều được LẤY NÉT hoàn hảo. Không có làm mờ nhân tạo.
Chất lượng: Thẩm mỹ ảnh đăng mạng xã hội thô, chưa chỉnh sửa, dải động cao, nhiễu kỹ thuật số có thể nhìn thấy trong các vùng bóng tối sâu (kiểu ISO 1600), độ phân giải 8k. Mọi thứ đều sắc nét, chi tiết và chân thực về mặt vật lý.","[""https://cms-assets.youmind.com/media/1768890706556_m6fybh_G_CcP-yXYAEMd4u.jpg""]","{""name"":""Dan Reed"",""url"":""https://x.com/daaaaanc""}",https://x.com/daaaaanc/status/2013280839228866742,"Chân dung, Nhiếp ảnh, 3D, Tối giản, Tương lai, Nội thất, Văn bản, UI/UX"
17,Hồ sơ / Ảnh đại diện - Gợi ý chụp ảnh selfie bãi biển tự nhiên bằng iPhone 15 Pro,"Một JSON prompt cực kỳ chi tiết, có cấu trúc cho Nano Banana Pro, mô phỏng một bức ảnh selfie tự nhiên, chụp từ góc cao bằng iPhone 15 Pro trên một bãi biển đầy nắng. Prompt này chỉ định các chi tiết chủ thể siêu thực (đặc điểm búp bê sứ, trang phục cụ thể và biểu cảm) cùng các ràng buộc kỹ thuật, bao gồm ánh sáng, môi trường và danh sách negative prompt.","{
    ""format"": {
      ""type"": ""biên tập"",
      ""intent"": ""thẳng thắn/tự chụp/ngẫu nhiên"",
      ""aspect_ratio"": ""9:16"",
      ""resolution"": ""4K""
    },
    ""camera_system"": {
      ""body"": ""iPhone 15 Pro"",
      ""lens"": ""Camera Chính"",
      ""focal_length"": ""24mm"",
      ""associative_traits"": ""nhiếp ảnh điện toán, độ sâu trường ảnh sâu, hiển thị kỹ thuật số sắc nét, phơi sáng tự động""
    },
    ""subject"": {
      ""identity"": ""cô gái trẻ với những đặc điểm búp bê sứ đặc trưng"",
      ""physical_details"": ""làn da trắng ngần không tì vết, đôi mắt xanh băng giá to tròn với hàng mi rõ nét, mũi nhỏ thanh tú, miệng chúm chím tự nhiên, tóc vàng bạch kim tết hai bím chặt, móng tay sơn màu xanh dương rực rỡ"",
      ""clothing"": ""áo ôm sát màu xanh nhạt với đường xẻ cổ chữ V rất sâu và rộng để lộ rõ vòng một"",
      ""action"": ""góc nhìn selfie từ trên cao, một tay che mắt chống lại ánh sáng chói ven biển, nhìn lên camera"",
      ""expression"": ""trung tính, mắt mở to, vô cảm, ánh nhìn trống rỗng như búp bê""
    },
    ""lighting"": {
      ""source"": ""ánh sáng ban ngày tự nhiên chói chang ven biển + phản xạ từ cát"",
      ""direction"": ""chiếu từ trên cao và lấp đầy đa hướng"",
      ""quality"": ""mềm mại, khuếch tán nhưng rất sáng"",
      ""color_temp"": ""ánh sáng ban ngày trung tính (5500K)"",
      ""fill"": ""lấp đầy tối đa từ phản xạ cát trắng sáng"",
      ""distribution"": ""chiếu sáng đều, ít bóng, làm nổi bật kết cấu da"",
      ""intent"": ""ngày biển sáng""
    },
    ""environment"": {
      ""setting"": ""bãi biển đầy cát vào ban ngày"",
      ""hero_materials"": [
        {
          ""material"": ""cát"",
          ""micro_detail"": ""hạt trắng mịn, phản chiếu cao""
        },
        {
          ""material"": ""vải"",
          ""micro_detail"": ""đồ bơi màu xanh nhạt/hỗn hợp cotton co giãn""
        },
        {
          ""material"": ""da"",
          ""micro_detail"": ""mịn màng, không lỗ chân lông, kết cấu sứ, hơi ẩm ướt do nóng""
        }
      ],
      ""objects"": ""đường chân trời đại dương mờ ảo ở phía xa, bãi cát rộng lớn"",
      ""state"": ""sáng sủa, nắng, ven biển""
    },
    ""technical_finish"": {
      ""film_stock"": ""Nguồn Kỹ thuật số"",
      ""exposure"": ""phơi sáng rực rỡ (high key)"",
      ""grain"": ""không/nhiễu kỹ thuật số"",
      ""tone_curve"": ""đường cong tông màu trung tính tuyến tính"",
      ""color_science"": ""bảng màu pastel (xanh nhạt, cát trắng, da nhợt nhạt), màu sắc ánh sáng ban ngày tự nhiên""
    },
    ""constraints"": {
      ""avoid"": [
        ""tuyết"",
        ""quần áo mùa đông"",
        ""móng tay đỏ"",
        ""áo đen"",
        ""cổ áo kín đáo"",
        ""bóng tối đậm""
      ],
      ""must_include"": [
        ""móng tay xanh"",
        ""áo xanh nhạt"",
        ""khe ngực sâu"",
        ""phông nền bãi biển"",
        ""đặc điểm búp bê sứ""
      ]
    }
  }","[""https://cms-assets.youmind.com/media/1768890705798_znhp8b_G_BJSVuWEAAzAMR.jpg""]","{""name"":""Emily"",""url"":""https://x.com/IamEmily2050""}",https://x.com/IamEmily2050/status/2013189624848633963,"Chân dung, Nhiếp ảnh, Điện ảnh, Nhân vật, Thời trang, Văn bản, Logo"
18,Hồ sơ / Ảnh đại diện - Chuyển đổi ảnh selfie thành ảnh đại diện LinkedIn chuyên nghiệp,"Một lời nhắc hướng dẫn AI chuyển đổi ảnh selfie đã tải lên thành ảnh chân dung LinkedIn chuyên nghiệp. Nó chỉ định một phông nền văn phòng mờ nhẹ với cửa sổ lớn, phong cách sạch sẽ và chân thực, chỉnh sửa tinh tế và ánh sáng ban ngày dịu nhẹ, đồng thời giữ nguyên các đặc điểm khuôn mặt và kiểu tóc từ ảnh gốc.","Biến ảnh selfie này thành ảnh chân dung LinkedIn chuyên nghiệp của một người đàn ông. Nền: văn phòng mờ nhẹ với cửa sổ lớn. Phong cách: gọn gàng, chân thực, chỉnh sửa tinh tế, không dùng bộ lọc nặng. Ánh sáng: ánh sáng ban ngày dịu nhẹ từ phía trước. Ràng buộc: giữ nguyên các đặc điểm khuôn mặt và kiểu tóc, không có chữ.","[""https://cms-assets.youmind.com/media/1768890667139_mn1d69_G_BHdvxW4AA41Hs.jpg""]","{""name"":""Snow"",""url"":""https://x.com/iamrealsnow""}",https://x.com/iamrealsnow/status/2013187622299156726,"Chân dung, Văn bản"
19,Hồ sơ / Ảnh đại diện - Chân dung mùa đông trên núi cao từ ảnh sang ảnh,"Một lời nhắc có cấu trúc dành cho Gemini Nano Banana Pro sử dụng mô hình Stable Diffusion XL để tạo ảnh từ ảnh. Nó yêu cầu một hình ảnh tham chiếu được tải lên để giữ nguyên danh tính của đối tượng và tạo ra một bức chân dung mùa đông siêu thực ngoài trời trên ban công núi cao, với mô tả cụ thể là tóc tết hai bên màu vàng bạch kim, biểu cảm vui tươi và ánh sáng ban ngày mùa đông tự nhiên sắc nét.","{
  ""type"": ""image_to_image"",
  ""model"": ""stable-diffusion-xl"",
  ""prompt"": ""Sử dụng hình ảnh đã tải lên làm tài liệu tham khảo chính và giữ nguyên người, cấu trúc khuôn mặt, tông màu da và danh tính. Tạo một bức chân dung mùa đông ngoài trời siêu thực trên ban công gỗ ở vùng núi An-pơ phủ tuyết. Người đó hơi nghiêng về phía máy ảnh với biểu cảm chu môi hôn tinh nghịch. Tóc vàng bạch kim được tạo kiểu thành hai bím tóc dài. Mặc áo dài tay màu đen ôm sát và quần đen. Kính râm hình chữ nhật màu đen sành điệu. Kết cấu da trắng tự nhiên với lỗ chân lông và điểm nhấn chân thực. Bối cảnh bao gồm núi phủ tuyết, cây thông, cabin gỗ và bầu trời mùa đông trong xanh. Tuyết mới phủ trên lan can ban công. Một tách cà phê trắng đặt hờ hững trên lan can gỗ. Ánh sáng ban ngày mùa đông tự nhiên rực rỡ, ánh nắng trong trẻo, bóng đổ chân thực. Chụp bằng ống kính góc rộng, nhiếp ảnh phong cách du lịch, thẩm mỹ Instagram, siêu chi tiết, siêu thực, ảnh chuyên nghiệp."",
  ""negative_prompt"": ""mờ, chất lượng thấp, khuôn mặt méo mó, sai danh tính, thừa ngón tay, thừa chi, giải phẫu học kém, hoạt hình, anime, CGI, da nhựa, tuyết phơi sáng quá mức, hình mờ, logo, chữ"",
  ""settings"": {
    ""denoise_strength"": 0.5,
    ""cfg_scale"": 7,
    ""steps"": 30,
    ""sampler"": ""DPM++ 2M Karras"",
    ""aspect_ratio"": ""3:4"",
    ""seed"": -1
  }
}","[""https://cms-assets.youmind.com/media/1768890710684_0yaxud_G_BCVx7XQAASbey.jpg"",""https://cms-assets.youmind.com/media/1768890710797_p1utsa_G_BCVwqWkAMyFyL.jpg""]","{""name"":""Sudee🥀"",""url"":""https://x.com/NameIsSudee""}",https://x.com/NameIsSudee/status/2013182092331589997,"Chân dung, Nhiếp ảnh, 3D, Anime, Văn bản, Logo, UI/UX"
20,Hồ sơ / Ảnh đại diện - E-Girl Chụp Ảnh Tự Sướng Trong Ánh Sáng Hoàng Hôn,"Một JSON prompt chi tiết cho Gemini Nano Banana Pro, tập trung vào việc tạo ra một bức ảnh selfie chân thực như ảnh chụp của một người phụ nữ theo phong cách 'e-girl' hoặc 'soft grunge'. Nó chỉ định tóc vàng bạch kim, áo corset satin trắng in hình hoạt hình, và bối cảnh là hành lang trong nhà ngập tràn ánh nắng vàng ấm áp của giờ vàng.","{
  ""prompt_description"": {
    ""subject"": {
      ""type"": ""phụ nữ"",
      ""hair"": ""tóc dài, thẳng, màu vàng bạch kim"",
      ""features"": ""tông da sáng, trang điểm nhẹ nhàng, ngón tay đặt trên môi"",
      ""tattoos"": ""hình xăm chữ nhỏ trên ngực, hình xăm 'XXX' trên cổ tay""
    },
    ""outfit"": {
      ""top"": ""áo corset satin trắng có họa tiết hoạt hình/anime màu hồng (kiểu {argument name=\""cartoon character\"" default=\""My Melody\""}), viền ren, dây buộc nơ phía trước"",
      ""bottom"": ""chân váy mini xếp ly màu đen, gấu váy cắt thô"",
      ""accessories"": ""vớ đùi cao màu đen có ren phía trên, quần tất lưới"",
      ""phone_case"": ""ốp điện thoại minh họa phong cách anime đen trắng đồ họa""
    },
    ""pose"": {
      ""type"": ""selfie gương"",
      ""stance"": ""đứng, một bên hông hếch lên"",
      ""hand_position"": ""cầm điện thoại bằng tay phải, tay trái chạm môi""
    },
    ""environment"": {
      ""location"": ""hành lang hoặc phòng ngủ trong nhà"",
      ""background"": ""tường trắng, sàn gạch xám, áp phích đóng khung trên tường"",
      ""lighting"": ""ánh sáng mặt trời hoàng hôn vàng ấm, bóng đổ mềm mại"",
      ""decor"": ""tối giản, cây cảnh trong chậu ở hậu cảnh""
    },
    ""style"": {
      ""aesthetic"": ""e-girl, soft grunge, coquette, hợp thời trang"",
      ""camera_angle"": ""ngang tầm mắt, phản chiếu"",
      ""quality"": ""độ nét cao, chân thực như ảnh, màu sắc sống động""
    }
  }
}","[""https://cms-assets.youmind.com/media/1768890708248_z2jdm2_G-_zv_DXYAAIGDC.jpg""]","{""name"":""Mira"",""url"":""https://x.com/xmiiru_""}",https://x.com/xmiiru_/status/2013095567547666866,"Chân dung, Nhiếp ảnh, Điện ảnh, Minh họa, Anime, Tối giản, Nhân vật, Xe cộ, Thời trang, Văn bản, Poster"
22,Hồ sơ / Ảnh đại diện - E-Girl Tự Chụp Ảnh Trong Ánh Sáng Hoàng Hôn (Bản Sao),"Một JSON prompt chi tiết cho Gemini Nano Banana Pro, tập trung vào việc tạo ra một bức ảnh selfie chân thực như ảnh chụp của một người phụ nữ theo phong cách 'e-girl' hoặc 'soft grunge'. Nó chỉ định tóc vàng bạch kim, áo corset bằng sa tanh trắng có in hình hoạt hình và bối cảnh là hành lang trong nhà ngập tràn ánh nắng vàng ấm áp của giờ vàng. (Bản sao của 2013095567547666866)","{
  ""prompt_description"": {
    ""subject"": {
      ""type"": ""phụ nữ"",
      ""hair"": ""tóc dài, thẳng, vàng bạch kim"",
      ""features"": ""da sáng, trang điểm nhẹ nhàng, ngón tay đặt trên môi"",
      ""tattoos"": ""hình xăm chữ nhỏ trên ngực, hình xăm 'XXX' trên cổ tay""
    },
    ""outfit"": {
      ""top"": ""áo corset satin trắng in hình hoạt hình/anime màu hồng (kiểu {argument name=\""cartoon character\"" default=\""My Melody\""}), viền ren, dây buộc nơ phía trước"",
      ""bottom"": ""chân váy mini xếp ly màu đen, gấu váy cắt thô"",
      ""accessories"": ""vớ đùi cao màu đen có ren, quần tất lưới"",
      ""phone_case"": ""ốp điện thoại minh họa phong cách anime đen trắng đồ họa""
    },
    ""pose"": {
      ""type"": ""tự chụp ảnh qua gương"",
      ""stance"": ""đứng, một bên hông hếch lên"",
      ""hand_position"": ""cầm điện thoại bằng tay phải, tay trái chạm môi""
    },
    ""environment"": {
      ""location"": ""hành lang hoặc phòng ngủ trong nhà"",
      ""background"": ""tường trắng, sàn gạch xám, áp phích đóng khung trên tường"",
      ""lighting"": ""ánh sáng mặt trời hoàng hôn vàng ấm, bóng đổ mềm mại"",
      ""decor"": ""tối giản, cây cảnh trong chậu ở hậu cảnh""
    },
    ""style"": {
      ""aesthetic"": ""e-girl, soft grunge, coquette, hợp thời trang"",
      ""camera_angle"": ""ngang tầm mắt, phản chiếu"",
      ""quality"": ""độ nét cao, chân thực như ảnh, màu sắc sống động""
    }
  }
}","[""https://cms-assets.youmind.com/media/1768890709718_8jx82s_G-_pBv0W0AAv4gM.jpg""]","{""name"":""Sudee🥀"",""url"":""https://x.com/NameIsSudee""}",https://x.com/NameIsSudee/status/2013083792937009531,"Chân dung, Nhiếp ảnh, Điện ảnh, Minh họa, Anime, Tối giản, Nhân vật, Xe cộ, Thời trang, Văn bản, Poster"
25,Hồ sơ / Ảnh đại diện - Ảnh phong cách sống của người có ảnh hưởng cao cấp với chủ đề Cheetos,"Một JSON prompt toàn diện cho Nano Banana Pro để tạo ra một hình ảnh phong cách sống siêu chân thực, cao cấp về một người mẫu nữ có đường cong tạo dáng tinh nghịch trên bàn bếp với các phụ kiện chủ đề Cheetos, nhấn mạnh độ sắc nét và ánh sáng tự nhiên ban ngày.","{
  ""meta"": {
    ""aspect_ratio"": ""9:16"",
    ""quality"": ""ultra_photorealistic"",
    ""resolution"": ""8k"",
    ""camera"": ""Sony A7R IV"",
    ""lens"": ""50mm f/1.4 GM"",
    ""style"": ""chụp ảnh phong cách sống của người có ảnh hưởng cao cấp, lấy nét sắc nét, ánh sáng tự nhiên ban ngày, tính thẩm mỹ của tệp thô""
  },

  ""scene"": {
    ""location"": ""nhà bếp ở nhà ngoại ô"",
    ""environment"": [
      ""mặt bàn đá granite với các đốm màu be và nâu"",
      ""tủ gỗ tối màu ở phía sau"",
      ""khu vực ăn uống mờ ảo với ghế tối màu"",
      ""cửa sổ lớn có rèm cho ánh sáng tự nhiên chiếu vào"",
      ""cây xanh nhìn thấy qua cửa sổ mờ""
    ],
    ""time"": ""giữa trưa"",
    ""atmosphere"": ""vui tươi, tinh nghịch, sống động, quyến rũ giản dị""
  },

  ""lighting"": {
    ""type"": ""ánh sáng tự nhiên và ánh sáng trong nhà hỗn hợp"",
    ""key_light"": ""ánh sáng ban ngày khuếch tán mềm mại từ cửa sổ (phía sau bên phải)"",
    ""fill_light"": ""ánh sáng xung quanh phòng phản chiếu từ các bức tường sáng"",
    ""effect"": ""bóng mềm trên da, điểm sáng rực rỡ trên tóc, độ giảm tự nhiên ở hậu cảnh"",
    ""reflections"": ""phản chiếu bóng loáng trên các túi Cheetos""
  },

  ""camera_perspective"": {
    ""pov"": ""ngang tầm mắt so với chủ thể trên quầy"",
    ""framing"": ""cảnh trung bình, từ đầu gối đến đầu"",
    ""focus"": ""độ sâu trường ảnh nông (phông nền bokeh), lấy nét sắc nét vào mắt và mặt""
  },

  ""subject"": {
    ""gender"": ""nữ"",
    ""age"": ""đầu tuổi 20"",
    ""ethnicity"": ""Caucasian"",
    ""body"": {
      ""type"": ""thể hình cân đối, có đường cong"",
      ""skin"": ""da trắng, kết cấu da chân thực với lỗ chân lông có thể nhìn thấy và màu hồng tự nhiên, không chỉnh sửa bằng airbrush"",
      ""waist"": ""thon gọn"",
      ""glutes"": ""nổi bật và có đường cong (được nhấn mạnh bởi tư thế)"",
      ""legs"": ""săn chắc""
    },

    ""hair"": {
      ""color"": ""đỏ đồng rực rỡ"",
      ""length"": ""dài, đến giữa lưng"",
      ""style"": ""thẳng với kiểu tóc đuôi ngựa buộc nửa đầu cao, những sợi tóc lỏng lẻo ôm lấy khuôn mặt"",
      ""texture"": ""mượt mà nhưng chân thực, bắt sáng""
    },

    ""face"": {
      ""expression"": ""nụ cười quyến rũ, ánh mắt tự tin nhìn lại qua vai"",
      ""eyes"": ""xanh dương sáng sắc sảo"",
      ""makeup"": ""trang điểm lộng lẫy, nền lì, mascara đậm, kẻ mắt cánh, môi hồng nhạt"",
      ""details"": ""đường quai hàm sắc nét, khuyên tai vòng bạc có thể nhìn thấy""
    },

    ""pose"": {
      ""position"": ""quỳ trên đảo bếp/quầy"",
      ""orientation"": ""nhìn nghiêng/cạnh, xoay thân về phía máy ảnh"",
      ""back"": ""cong mạnh (tư thế ưỡn cột sống)"",
      ""hands"": ""đặt trên đùi/quầy để hỗ trợ"",
      ""head"": ""hơi quay sang trái để đối mặt trực tiếp với ống kính""
    },

    ""outfit"": {
      ""bikini"": {
        ""color"": ""{argument name=\""bikini color\"" default=\""bright yellow\""} với viền cam"",
        ""style"": ""áo tam giác và quần lọt khe"",
        ""fabric"": ""chất liệu đồ bơi lì, dây áo hơi căng"",
        ""details"": ""dây buộc ở cổ và hông""
      },
      ""accessories"": {
        ""socks"": ""tất mắt cá chân với họa tiết ngọn lửa kiểu Cheetos (vàng/đỏ/cam)"",
        ""jewelry"": ""khuyên tai vòng bạc lớn mỏng, del""
      }
    }
  }
}","[""https://cms-assets.youmind.com/media/1768804267806_x3g5yk_G-82wiRWIAArc6r.jpg""]","{""name"":""Bananai"",""url"":""https://x.com/aibananai""}",https://x.com/aibananai/status/2012887772235743238,"Chân dung, Nhiếp ảnh, Điện ảnh, Nhân vật, Xe cộ, Thời trang, Thành phố, Văn bản, UI/UX"
26,Hồ sơ / Ảnh đại diện - Gen Z Influencer Chụp Ảnh Tự Sướng Trong Hành Lang Màu Pastel,"Một lời nhắc tạo ảnh cực kỳ chi tiết, chân thực như ảnh chụp cho một bức ảnh selfie trước gương với phong cách của một influencer Gen Z. Nó mô tả ngoại hình của chủ thể (tóc búi không gian màu vàng bạch kim, trang điểm cụ thể), trang phục (váy ống xếp ly màu xanh pastel, giày cao gót màu cam), tư thế (quỳ gối, kéo tóc) và một môi trường hành lang trong nhà màu pastel chi tiết, bao gồm cả chi tiết điện thoại cụ thể.","{
  ""meta_data"": {
    ""prompt_version"": ""2.0"",
    ""use_case"": ""Tạo ảnh siêu thực"",
    ""main_subject_count"": 1
  },
  ""subject_layer"": {
    ""anatomy"": {
      ""demographics"": {
        ""gender"": ""Nữ"",
        ""age_group"": ""Người trẻ tuổi"",
        ""ethnicity"": ""Da trắng"",
        ""skin_tone"": ""Sáng với tông đào ấm"",
        ""build"": ""Cân đối, nhỏ nhắn""
      },
      ""face_detail"": {
        ""eyes"": {
          ""color"": ""Xanh dương"",
          ""makeup"": ""Kẻ mắt mèo đen sắc sảo, lông mi rõ nét""
        },
        ""nose"": ""Nhỏ, hình cúc áo"",
        ""mouth"": {
          ""shape"": ""Mở hình chữ 'O' (chu môi/ngạc nhiên)"",
          ""teeth_visibility"": ""Thấy răng trên"",
          ""tongue_visibility"": ""Hơi thấy lưỡi phía sau răng"",
          ""lip_color"": ""Hồng nhạt, tự nhiên""
        },
        ""complexion_accents"": ""Má hồng đậm màu hồng cánh sen trên má và sống mũi (kiểu da rám nắng)""
      },
      ""hair"": {
        ""color"": ""Tóc vàng bạch kim"",
        ""style_core"": ""Hai búi tóc không gọn gàng trên đỉnh đầu"",
        ""framing"": ""Những sợi tóc dài buông lơi ôm lấy khuôn mặt"",
        ""interaction"": ""Chủ thể đang kéo một sợi tóc dài sang một bên bằng tay trái""
      }
    },
    ""attire_layer"": {
      ""garment_main"": {
        ""item"": ""Đầm ống"",
        ""length"": ""Ngắn"",
        ""fit"": ""Ôm sát/Bodycon"",
        ""color"": ""{argument name=\""dress color\"" default=\""Xanh lá chanh pastel\""}"",
        ""texture"": ""Vải nhún, các nếp gấp ngang tự nhiên""
      },
      ""accessories"": {
        ""neck"": ""Vòng cổ choker hạt màu xanh ngọc/xanh mòng két to bản""
      },
      ""footwear"": {
        ""type"": ""Giày cao gót mũi nhọn"",
        ""visibility"": ""Một chiếc giày có thể nhìn thấy trên bàn chân nhấc lên"",
        ""color_way"": ""Cam""
      }
    },
    ""pose_dynamics"": {
      ""posture"": ""Quỳ trên sàn, đầu gối dang rộng, hơi ưỡn lưng dưới"",
      ""orientation"": ""Hướng mặt về phía gương"",
      ""limb_placement"": {
        ""right_arm"": ""Giơ lên cầm điện thoại gần mặt"",
        ""left_arm"": ""Duỗi sang bên giữ sợi tóc"",
        ""legs"": ""Quỳ gối, một bàn chân hơi nhấc lên phía sau""
      }
    }
  },
  ""environment_layer"": {
    ""setting_type"": ""Hành lang/sảnh trong nhà"",
    ""spatial_layout"": {
      ""floor"": ""Thảm trải sàn màu vàng nhạt sang trọng"",
      ""walls"": ""Sơn màu hồng nhạt, ván chân tường màu trắng"",
      ""background_left"": ""Cửa gỗ màu đỏ với tay nắm bạc, công tắc đèn màu trắng"",
      ""background_right"": ""Cầu thang với lan can màu hồng và bậc thang trải thảm màu tím""
    }
  },
  ""composition_and_tech"": {
    ""framing"": {
      ""type"": ""Ảnh tự chụp qua gương"",
      ""angle"": ""Ngang tầm mắt"",
      ""prop_device"": ""Điện thoại thông minh iPhone màu trắng ngà, ốp lưng óng ánh/cầu vồng, camera sau có thể nhìn thấy""
    },
    ""lighting"": {
      ""source"": ""Ánh sáng tự nhiên trong nhà khuếch tán"",
      ""direction"": ""Trước/Phải"",
      ""shadows"": ""Bóng mềm, tự nhiên trên tường phía sau""
    },
    ""aesthetic_style"": {
      ""visual_core"": ""Chủ nghĩa siêu thực"",
      ""vibe"": ""Gen Z Infl""
    }
  }
}","[""https://cms-assets.youmind.com/media/1768804290245_yyhrbj_G-8HddUX0AAJbA4.jpg"",""https://cms-assets.youmind.com/media/1768804290325_vsx8to_G-8w2MhWsAANB8i.jpg"",""https://cms-assets.youmind.com/media/1768804290419_4oztcw_G-8w2OvWIAAvfYU.jpg"",""https://cms-assets.youmind.com/media/1768804291792_2opmkn_G-8HddUWsAA21S7.jpg""]","{""name"":""KeorUnreal"",""url"":""https://x.com/KeorUnreal""}",https://x.com/KeorUnreal/status/2012881277297311760,"Chân dung, Nhóm người, Nhiếp ảnh, Điện ảnh, Thành phố, Văn bản, UI/UX"
27,Hồ sơ / Ảnh đại diện - Ảnh Chụp Selfie Phản Chiếu Chân Thực Với Tóc Búi Không Gian Và Váy Hồng (Bản Sao),"Một JSON prompt chi tiết cho Nano Banana Pro để tạo ra một bức ảnh selfie phản chiếu chân thực của một phụ nữ trẻ đang quỳ trên sàn trải thảm, mặc một chiếc váy ống màu hồng pastel và đi giày thể thao cổ cao, nhấn mạnh các biểu cảm khuôn mặt cụ thể, kiểu tóc (tóc búi hai bên), và bố cục môi trường chi tiết.","{
  ""meta_data"": {
    ""prompt_version"": ""2.0"",
    ""use_case"": ""Photorealistic Image Generation"",
    ""main_subject_count"": 1
  },
  ""subject_layer"": {
    ""anatomy"": {
      ""demographics"": {
        ""gender"": ""Nữ"",
        ""age_group"": ""Người trẻ tuổi"",
        ""ethnicity"": ""Da trắng"",
        ""skin_tone"": ""Sáng với tông đào ấm"",
        ""build"": ""Mảnh mai, nhỏ nhắn""
      },
      ""face_detail"": {
        ""eyes"": {
          ""color"": ""Xanh dương/Xám"",
          ""makeup"": ""Kẻ mắt mèo sắc nét màu đen, lông mi rõ ràng""
        },
        ""nose"": ""Nhỏ, hình cúc áo"",
        ""mouth"": {
          ""shape"": ""Mở hình chữ 'O' (chu môi/ngạc nhiên)"",
          ""teeth_visibility"": ""Thấy răng hàm trên"",
          ""tongue_visibility"": ""Hơi thấy lưỡi phía sau răng"",
          ""lip_color"": ""Hồng nhạt, tự nhiên""
        },
        ""complexion_accents"": ""Má hồng đậm màu hồng phấn trên má và sống mũi (kiểu da rám nắng)""
      },
      ""hair"": {
        ""color"": ""Vàng sẫm đến nâu nhạt"",
        ""style_core"": ""Hai búi tóc cao lộn xộn"",
        ""framing"": ""Những sợi tóc dài lỏng lẻo ôm lấy khuôn mặt"",
        ""interaction"": ""Chủ thể đang dùng tay trái kéo một sợi tóc dài sang một bên""
      }
    },
    ""attire_layer"": {
      ""garment_main"": {
        ""item"": ""Váy ống"",
        ""length"": ""Ngắn"",
        ""fit"": ""Ôm sát/Bodycon"",
        ""color"": ""{argument name=\""dress color\"" default=\""Hồng pastel\""}"",
        ""texture"": ""Vải nhún, các nếp gấp ngang tự nhiên""
      },
      ""accessories"": {
        ""neck"": ""Vòng cổ choker hạt màu xanh ngọc/xanh mòng két to bản""
      },
      ""footwear"": {
        ""type"": ""Giày thể thao cổ cao"",
        ""visibility"": ""Một chiếc giày có thể nhìn thấy trên bàn chân nhấc lên"",
        ""color_way"": ""Đế trắng với các mảng màu xanh navy và xám""
      }
    },
    ""pose_dynamics"": {
      ""posture"": ""Quỳ trên sàn, hai đầu gối dang rộng, hơi ưỡn lưng dưới"",
      ""orientation"": ""Hướng mặt về phía gương"",
      ""limb_placement"": {
        ""right_arm"": ""Giơ lên cầm điện thoại gần mặt"",
        ""left_arm"": ""Duỗi sang một bên giữ sợi tóc"",
        ""legs"": ""Quỳ, một bàn chân hơi nhấc lên phía sau""
      }
    }
  },
  ""environment_layer"": {
    ""setting_type"": ""Hành lang/ chiếu nghỉ trong nhà"",
    ""spatial_layout"": {
      ""floor"": ""Thảm lông màu xám nhạt trải kín sàn"",
      ""walls"": ""Sơn màu xanh lam-xám nhạt, chân tường màu trắng"",
      ""background_left"": ""Cửa gỗ màu trắng với tay nắm bạc, công tắc đèn màu trắng"",
      ""background_right"": ""Cầu thang với lan can trắng và bậc thang trải thảm xám""
    }
  },
  ""composition_and_tech"": {
    ""framing"": {
      ""type"": ""Chụp ảnh tự sướng qua gương"",
      ""angle"": ""Ngang tầm mắt"",
      ""prop_device"": ""Điện thoại thông minh màu trắng, ốp lưng màu ngọc trai/cầu vồng, có thể nhìn thấy camera sau""
    },
    ""lighting"": {
      ""source"": ""Ánh sáng tự nhiên trong nhà khuếch tán"",
      ""direction"": ""Phía trước/Bên phải"",
      ""shadows"": ""Bóng mềm mại, tự nhiên trên bức tường phía sau""
    },
    ""aesthetic_style"": {
      ""visual_core"": ""Chủ nghĩa hiện thực ảnh"",
      ""vibe"": """"
    }
  }
}","[""https://cms-assets.youmind.com/media/1768804287979_vtssaf_G-8kul8XQAEeLFK.jpg""]","{""name"":""Emer"",""url"":""https://x.com/emer_web3""}",https://x.com/emer_web3/status/2012867953574936773,"Chân dung, Nhóm người, Nhiếp ảnh, Điện ảnh, Thành phố, Văn bản, UI/UX"
28,Hồ sơ / Ảnh đại diện - Ảnh selfie chân thực như ảnh chụp gương với tóc búi hai bên và váy hồng,"Một JSON prompt chi tiết cho Nano Banana Pro để tạo ra một bức ảnh selfie chân thực như ảnh chụp của một phụ nữ trẻ đang quỳ trên sàn trải thảm, mặc một chiếc váy ống màu hồng pastel và đi giày thể thao cổ cao, nhấn mạnh các biểu cảm khuôn mặt cụ thể, kiểu tóc (tóc búi hai bên), và bố cục môi trường chi tiết.","{
  ""meta_data"": {
    ""prompt_version"": ""2.0"",
    ""use_case"": ""Photorealistic Image Generation"",
    ""main_subject_count"": 1
  },
  ""subject_layer"": {
    ""anatomy"": {
      ""demographics"": {
        ""gender"": ""Nữ"",
        ""age_group"": ""Người trẻ tuổi"",
        ""ethnicity"": ""Da trắng"",
        ""skin_tone"": ""Sáng với tông đào ấm"",
        ""build"": ""Mảnh mai, nhỏ nhắn""
      },
      ""face_detail"": {
        ""eyes"": {
          ""color"": ""Xanh dương/Xám"",
          ""makeup"": ""Kẻ mắt mèo đen sắc sảo, lông mi rõ nét""
        },
        ""nose"": ""Nhỏ, hình cúc áo"",
        ""mouth"": {
          ""shape"": ""Mở hình chữ 'O' (chu môi/ngạc nhiên)"",
          ""teeth_visibility"": ""Thấy răng hàm trên"",
          ""tongue_visibility"": ""Hơi thấy lưỡi phía sau răng"",
          ""lip_color"": ""Hồng nhạt, tự nhiên""
        },
        ""complexion_accents"": ""Má hồng đậm màu hồng phấn trên má và sống mũi (kiểu da rám nắng)""
      },
      ""hair"": {
        ""color"": ""Vàng sẫm đến nâu nhạt"",
        ""style_core"": ""Hai búi tóc cao lộn xộn"",
        ""framing"": ""Những lọn tóc dài buông lơi ôm lấy khuôn mặt"",
        ""interaction"": ""Chủ thể đang dùng tay trái kéo một lọn tóc dài sang một bên""
      }
    },
    ""attire_layer"": {
      ""garment_main"": {
        ""item"": ""Váy ống"",
        ""length"": ""Ngắn"",
        ""fit"": ""Ôm sát/Bodycon"",
        ""color"": ""{argument name=\""dress color\"" default=\""Hồng pastel\""}"",
        ""texture"": ""Vải nhún, có các nếp gấp ngang tự nhiên""
      },
      ""accessories"": {
        ""neck"": ""Vòng cổ choker hạt màu xanh ngọc/xanh mòng két to bản""
      },
      ""footwear"": {
        ""type"": ""Giày thể thao cổ cao"",
        ""visibility"": ""Một chiếc giày có thể nhìn thấy trên bàn chân nhấc lên"",
        ""color_way"": ""Đế trắng với các mảng màu xanh navy và xám""
      }
    },
    ""pose_dynamics"": {
      ""posture"": ""Quỳ trên sàn, đầu gối dang rộng, hơi ưỡn lưng dưới"",
      ""orientation"": ""Hướng mặt về phía gương"",
      ""limb_placement"": {
        ""right_arm"": ""Giơ lên cầm điện thoại gần mặt"",
        ""left_arm"": ""Duỗi sang bên giữ lọn tóc"",
        ""legs"": ""Quỳ, một bàn chân hơi nhấc lên phía sau""
      }
    }
  },
  ""environment_layer"": {
    ""setting_type"": ""Hành lang/ chiếu nghỉ trong nhà"",
    ""spatial_layout"": {
      ""floor"": ""Thảm lông màu xám nhạt trải kín sàn"",
      ""walls"": ""Sơn màu xanh xám nhạt, chân tường màu trắng"",
      ""background_left"": ""Cửa gỗ màu trắng có ô kính với tay nắm bạc, công tắc đèn màu trắng"",
      ""background_right"": ""Cầu thang với lan can màu trắng và bậc thang trải thảm xám""
    }
  },
  ""composition_and_tech"": {
    ""framing"": {
      ""type"": ""Chụp ảnh tự sướng qua gương"",
      ""angle"": ""Ngang tầm mắt"",
      ""prop_device"": ""Điện thoại thông minh màu trắng, ốp lưng màu ngọc trai/cầu vồng, có thể nhìn thấy camera sau""
    },
    ""lighting"": {
      ""source"": ""Ánh sáng tự nhiên trong nhà khuếch tán"",
      ""direction"": ""Phía trước/Bên phải"",
      ""shadows"": ""Bóng đổ mềm mại, tự nhiên trên bức tường phía sau""
    },
    ""aesthetic_style"": {
      ""visual_core"": ""Chủ nghĩa hiện thực ảnh"",
      ""vibe"": """"
    }
  }
}","[""https://cms-assets.youmind.com/media/1768804277697_9ns3jh_G-8HddUX0AAJbA4.jpg"",""https://cms-assets.youmind.com/media/1768804278178_tuzoub_G-8HddUWsAA21S7.jpg""]","{""name"":""Melisa♡"",""url"":""https://x.com/xmliisu""}",https://x.com/xmliisu/status/2012835782151594157,"Chân dung, Nhóm người, Nhiếp ảnh, Điện ảnh, Thành phố, Văn bản, UI/UX"
33,Bài đăng trên mạng xã hội - Lời nhắc hiện thực siêu chân thực về người có ảnh hưởng đen tối,"Một lời nhắc (prompt) định dạng JSON cực kỳ chi tiết để tạo ra hình ảnh siêu chân thực của một phụ nữ đang chụp ảnh selfie trước gương trong phòng thay đồ của một căn penthouse sang trọng, nhấn mạnh phong cách hiện thực của những người có ảnh hưởng (influencer) với tông màu tối, ánh sáng yếu và kết cấu da tự nhiên.","{
  ""meta"": {
    ""aspect_ratio"": ""9:16"",
    ""quality"": ""ultra_photorealistic"",
    ""resolution"": ""8k"",
    ""camera"": ""iPhone 15 Pro"",
    ""lens"": ""26mm"",
    ""style"": ""dark influencer realism, low light iphone look, natural skin texture, subtle grain, imperfect handheld framing""
  },

  ""scene"": {
    ""location"": ""phòng thay đồ sang trọng trong căn penthouse"",
    ""environment"": [
      ""tấm gương lớn từ sàn đến trần"",
      ""cửa tủ quần áo màu đen bóng"",
      ""ghế nhung màu be ấm áp"",
      ""khay trang sức mở với các món đồ nằm rải rác"",
      ""đường chân trời thành phố mờ ảo nhìn qua cửa kính""
    ],
    ""time"": ""sau nửa đêm"",
    ""atmosphere"": ""riêng tư, đắt tiền, hơi nóng sau bữa tiệc, thân mật một cách nguy hiểm""
  },

  ""lighting"": {
    ""type"": ""ánh sáng xung quanh thấp + điểm nhấn ấm áp"",
    ""sources"": [
      ""đèn mờ ấm áp phía sau chủ thể"",
      ""dải đèn LED nhỏ bên trong các kệ tủ quần áo"",
      ""ánh sáng mờ ảo từ thành phố qua cửa sổ""
    ],
    ""direction"": ""ánh sáng viền phía sau + bên hông tạo hình hông, eo và ngực"",
    ""effect"": ""bóng sâu, điểm sáng ấm áp trên các đường cong, bóng tối điện ảnh, nhiễu hạt nhẹ kiểu iPhone""
  },

  ""subject"": {
    ""gender"": ""{argument name=\""gender\"" default=\""female\""}"",
    ""age_vibe"": ""người trẻ tuổi"",
    ""ethnicity"": ""người Đông Âu tóc vàng"",

    ""body"": {
      ""type"": ""dáng đồng hồ cát mảnh mai"",
      ""chest"": ""rất đầy đặn và nổi bật"",
      ""waist"": ""nhỏ nhắn"",
      ""hips"": ""tròn và cong"",
      ""legs"": ""dài, mịn màng, thanh lịch""
    },

    ""skin"": {
      ""tone"": ""sứ với ánh sáng ấm áp mờ ảo"",
      ""texture"": ""lỗ chân lông thật, bóng tự nhiên, không chỉnh sửa bằng airbrush""
    },

    ""hair"": {
      ""color"": ""tóc vàng bạch kim"",
      ""style"": ""tóc gợn sóng dài buông xõa"",
      ""details"": ""những lọn tóc bóng mượt bắt ánh đèn ấm áp""
    },

    ""face"": {
      ""structure"": ""rất xinh đẹp, như búp bê"",
      ""expression"": ""tự tin lạnh lùng, điềm tĩnh"",
      ""eyes"": ""mắt xanh nhạt, khép hờ"",
      ""mouth"": ""môi đầy đặn hơi hé mở"",
      ""makeup"": ""trang điểm nhẹ nhàng quyến rũ, lông mi dày, tạo khối tinh tế, môi bóng""
    }
  },

  ""pose"": {
    ""overall"": ""chụp ảnh tự sướng qua gương, đứng góc 3/4, lưng cong sâu"",

    ""lower_body"": {
      ""legs"": ""một chân thẳng, chân kia hơi cong nhẹ"",
      ""stance"": ""ổn định và có chủ ý""
    },

    ""hips"": {
      ""position"": ""đẩy ra sau và hơi nghiêng"",
      ""effect"": ""hông chiếm ưu thế khung hình với bóng đổ""
    },

    ""torso"": {
      ""arch"": ""lưng dưới cong sâu"",
      ""chest"": ""hướng về phía trước một cách tự nhiên"",
      ""posture"": ""sự thống trị thầm lặng, sự tự tin được thương mại hóa""
    },

    ""arms"": {
      ""one_arm"": ""một tay nhẹ nhàng chạm mép gương"",
      ""other_arm"": ""tay kia cầm điện thoại thấp gần hông""
    },

    ""head"": {
      ""tilt"": ""hơi nghiêng"",
      ""gaze"": ""nhìn vào màn hình điện thoại qua gương, không bận tâm""
    }
  },

  ""outfit"": {
    ""clothing"": {
      ""top"": {
        ""type"": ""áo crop top co giãn siêu mỏng màu đen"",
        ""fit"": ""ôm sát, không áo ngực, hơi trong suốt dưới ánh sáng ấm áp"",
        ""details"": ""độ căng của vải và đường nét tinh tế có thể nhìn thấy, tinh tế nhưng rõ ràng""
      },
      ""bott"": """"
    }
  }
}","[""https://cms-assets.youmind.com/media/1768890742772_2kidkw_G-fbe_DWIAEJy3e.jpg""]","{""name"":""babydoll"",""url"":""https://x.com/bananababydoll""}",https://x.com/bananababydoll/status/2013488410506179036,"Chân dung, Nhiếp ảnh, Điện ảnh, Nhân vật, Thời trang, Thành phố, Văn bản"
35,Bài đăng trên mạng xã hội - Lời nhắc tạo ảnh chân dung phong cách Glamour sòng bạc cổ điển,"Một Nano Banana prompt chi tiết để tạo ra một bức chân dung cổ điển và thanh lịch của một chủ thể đang ngồi trên ghế đẩu cao tại sàn sòng bạc. Nó chỉ định trang phục của chủ thể (váy slip dress mini màu đen với dây đeo đính đá, sandal đế xuồng chunky), môi trường (thảm họa tiết Psychedelic, ghế bar bọc đệm màu đỏ, bảng hiệu máy đánh bạc), và cài đặt máy ảnh kỹ thuật (đèn flash trực tiếp trên máy ảnh, góc cực thấp, mô phỏng máy ảnh kỹ thuật số compact những năm 2000) để đạt được một vẻ đẹp Las Vegas cổ điển, độ tương phản cao.","{
  ""image_generation_request"": {
    ""meta_settings"": {
      ""aspect_ratio"": ""9:16"",
      ""model_version"": ""v6.0"",
      ""stylize_value"": 250,
      ""quality"": ""High""
    },
    ""subject_definition"": {
      ""identity_source"": {
        ""method"": ""Image Reference"",
        ""instruction"": ""Giữ nguyên các đặc điểm khuôn mặt và tóc từ hình ảnh tham chiếu đã tải lên một cách nghiêm ngặt.""
      },
      ""body_language"": {
        ""pose"": ""Ngồi trên ghế đẩu cao, thân người nghiêng 30 độ sang trái, chân bắt chéo thanh lịch ở đầu gối để kéo dài dáng người."",
        ""hands"": ""Đặt hờ hững trên đùi trên, các ngón tay thư giãn, khoe nhẫn."",
        ""gaze"": ""Nhìn hơi xuống ống kính máy ảnh hoặc trực tiếp vào đèn flash.""
      }
    },
    ""fashion_and_styling"": {
      ""garment_main"": {
        ""item"": ""Đầm slip mini màu đen"",
        ""fabric"": ""Satin hoặc hỗn hợp lụa bóng cao"",
        ""fit"": ""Ôm sát, dáng bodycon vừa vặn"",
        ""details"": [
          ""Dây áo spaghetti làm từ đá lấp lánh"",
          ""Cổ khoét sâu"",
          ""Vạt váy mini để lộ chân""
        ]
      },
      ""footwear"": {
        ""item"": ""Sandal đế xuồng"",
        ""style"": ""Gót khối chunky, lấy cảm hứng từ thập niên 1990/Y2K"",
        ""material"": ""Da bóng hoặc satin đen"",
        ""details"": ""Quai mắt cá chân khóa bạc, hở mũi""
      }
    },
    ""jewelry"": {
      ""ears"": ""Khuyên tai vòng bạc sterling cỡ lớn"",
      ""hands"": ""Nhiều nhẫn bạc xếp chồng tinh xảo""
    },
    ""environmental_context"": {
      ""location"": ""Sàn Casino Cổ điển"",
      ""flooring"": {
        ""type"": ""Thảm hoa văn"",
        ""texture"": ""Nylon đã sờn"",
        ""design"": ""Các xoáy nước ảo giác màu xanh mòng két, cam cháy và xanh hoàng gia"",
        ""vibe"": ""Thẩm mỹ Las Vegas cổ điển""
      },
      ""furniture"": {
        ""item"": ""Ghế bar casino"",
        ""material"": ""Ghế bọc da giả màu đỏ có nút"",
        ""base"": ""Đế kim loại bằng đồng hoặc vàng bị xỉn màu với chỗ để chân""
      },
      ""props_and_background"": {
        ""primary_prop"": ""Máy đánh bạc"",
        ""prop_details"": ""Bảng hiệu được chiếu sáng với dòng chữ '{argument name=\""Slot Machine Marquee\"" default=\""TRIPLE JACKPOT GEMS\""}', các nút phát sáng, phản chiếu màn hình kính"",
        ""atmosphere"": ""Bối cảnh mờ ảo, đông đúc, khói thuốc với ánh sáng bokeh từ các máy khác""
      }
    },
    ""photography_technical"": {
      ""camera_simulation"": ""Máy ảnh kỹ thuật số compact đầu những năm 2000 (ví dụ: Sony Cybershot hoặc Canon PowerShot)"",
      ""lighting_style"": {
        ""type"": ""Đèn flash trực tiếp trên máy ảnh"",
        ""characteristics"": [
          ""Bóng đổ sắc nét ngay phía sau chủ thể"",
          ""Độ tương phản cao"",
          ""Điểm sáng quá mức trên da và vải"",
          ""Góc bị tối""
        ]
      },
      ""composition"": {
        ""angle"": ""Góc cực thấp (Góc nhìn từ dưới lên)"",
        ""focus"": ""Lấy nét sắc nét vào chủ thể, làm mờ nhẹ hậu cảnh"",
        ""framing"": ""Chụp toàn thân nhấn mạnh""
      }
    }
  }
}","[""https://cms-assets.youmind.com/media/1768890722879_12446f_G_EOXDUXMAARheL.jpg""]","{""name"":""Adam也叫吉米"",""url"":""https://x.com/Adam38363368936""}",https://x.com/Adam38363368936/status/2013406753770119423,"Chân dung, Nhiếp ảnh, Điện ảnh, Cổ điển, Nhân vật, Thời trang, Văn bản, Logo"
37,Bài đăng trên mạng xã hội - Biên tập Ảnh Chụp Bằng Điện Thoại Trên Máy Bay Riêng Của Tiếp Viên Hàng Không,"Một JSON prompt cực kỳ chi tiết để tạo ra hình ảnh chụp bằng điện thoại siêu thực (thẩm mỹ iPhone 15 Pro Max) về một nữ tiếp viên hàng không quyến rũ trên đường băng sân bay cạnh một máy bay riêng. Nó chỉ rõ trang phục của cô ấy (chân váy bút chì màu xanh navy, hé lộ áo bikini ren), tư thế năng động, ánh nắng chiều gay gắt và phong cách chụp ảnh tự nhiên như trên mạng xã hội.","[
  {
    ""metadata"": {
      ""title"": ""Ảnh biên tập tiếp viên hàng không trên máy bay riêng"",
      ""style"": ""Nhiếp ảnh di động siêu thực"",
      ""target_device"": ""iPhone 15 Pro Max""
    },
    ""subject"": {
      ""age"": ""Giữa tuổi 30"",
      ""ethnicity"": ""Pha trộn Caucasian/Địa Trung Hải"",
      ""hair"": {
        ""style"": ""Tóc gợn sóng ombre dài"",
        ""color"": ""Chân tóc nâu chuyển dần sang ngọn tóc vàng óng như nắng"",
        ""texture"": ""Bồng bềnh và mềm mại""
      },
      ""physique"": {
        ""body_type"": ""Dáng đồng hồ cát đầy đặn, săn chắc"",
        ""bust"": ""Ngực đầy đặn tự nhiên, khe ngực rõ nét"",
        ""features"": ""Hông cong sâu, eo thon, làn da rạng rỡ""
      },
      ""makeup"": ""Trang điểm tự nhiên nhẹ nhàng, mascara mềm mại, son bóng màu nude, phấn bắt sáng lấp lánh tinh tế"",
      ""expression"": ""Tự tin, quyến rũ, nụ cười hơi tinh nghịch""
    },
    ""pose"": {
      ""description"": ""Tạo dáng năng động 'girl pose'"",
      ""hand_placement"": {
        ""right_hand"": ""Đặt chắc chắn lên eo để làm nổi bật đường cong hông"",
        ""left_hand"": ""Giơ cao duyên dáng trên đầu, các ngón tay hơi xòe""
      },
      ""posture"": ""Dồn trọng lượng sang một chân, lưng hơi cong""
    },
    ""attire"": {
      ""outerwear"": ""Đồng phục tiếp viên hàng không màu xanh navy chuyên nghiệp, áo blazer được khoác hờ trên vai hoặc bỏ qua"",
      ""top"": ""Áo sơ mi trắng cài cúc sắc nét, mở cúc trên cùng để tạo khe ngực nhẹ nhàng"",
      ""undergarment"": ""Hé lộ một chút áo bikini ren đen có họa tiết lấp ló qua khe áo sơ mi"",
      ""bottom"": ""Chân váy bút chì màu xanh navy cạp cao, ôm sát"",
      ""accessories"": ""Khuyên tai vòng nhỏ bằng vàng, dây chuyền vàng tinh tế""
    },
    ""environment"": {
      ""location"": ""Sân đỗ máy bay, bên cạnh một chiếc máy bay riêng sang trọng"",
      ""jet_details"": ""Thân máy bay màu trắng kim loại bóng bẩy, các chi tiết mạ crôm, cửa cầu thang máy bay đã hạ xuống"",
      ""background"": ""Bầu trời xanh trong, hơi nóng đường băng xa xa, bê tông ngập nắng""
    },
    ""photography"": {
      ""camera_model"": ""iPhone 15 Pro, Camera chính"",
      ""focal_length"": ""Góc rộng 24mm"",
      ""lighting"": ""Ánh nắng chiều gay gắt, bóng đổ tự nhiên, độ tương phản cao, lóe sáng ống kính nhẹ"",
      ""technical_traits"": ""Độ sâu trường ảnh sâu, kết cấu da siêu sắc nét, xử lý HDR di động, độ phân giải 4k, phong cách chụp ảnh tự nhiên trên mạng xã hội"",
      ""composition"": ""Chụp toàn thân, góc máy hơi thấp để nhấn mạnh chiều cao và đường cong""
    }
  }
]","[""https://cms-assets.youmind.com/media/1768890658898_88efkj_G_D49X3W4AAqNyk.jpg"",""https://cms-assets.youmind.com/media/1768890658913_ku55jm_G_D49XqWgAApZv8.jpg""]","{""name"":""Maya"",""url"":""https://x.com/mayadelmare""}",https://x.com/mayadelmare/status/2013382894891212811,"Nhiếp ảnh, Điện ảnh, Nhân vật, Xe cộ, Thành phố, Văn bản"
38,Bài đăng trên mạng xã hội - Chân dung biên tập văn phòng lấy cảm hứng từ Ana de Armas,"Một JSON prompt cực kỳ chi tiết để tạo ra bức chân dung cận cảnh siêu thực, chất lượng ảnh bìa tạp chí về một người phụ nữ lấy cảm hứng từ Ana de Armas. Nó chỉ định trang phục hai mảnh màu đỏ rực rỡ, vóc dáng thể thao, làn da bóng bẩy với lớp mồ hôi nhẹ, và nền văn phòng mờ ảo với các chồng giấy tờ, sử dụng ánh sáng điện ảnh studio.","{
  ""type"": ""image_generation_prompt"",
  ""concept"": {
    ""description"": ""Chân dung cận cảnh siêu thực, chất lượng ảnh bìa tạp chí của một phụ nữ xinh đẹp với các đặc điểm lấy cảm hứng từ {argument name=\""celebrity name\"" default=\""Ana de Armas\""}"",
    ""intent"": ""Nhiếp ảnh thời trang cao cấp mang tính điện ảnh thực tế"",
    ""originality_note"": ""Chủ thể là người giống Ana de Armas, không phải bản sao chính xác""
  },
  ""subject"": {
    ""gender"": ""nữ"",
    ""age_range"": ""đầu những năm 30"",
    ""ethnicity"": ""Latina / lấy cảm hứng từ Cuba-Tây Ban Nha"",
    ""facial_features"": {
      ""structure"": ""khuôn mặt trái xoan mềm mại, gò má thanh tú, đường quai hàm tinh tế"",
      ""eyes"": ""đôi mắt to hình quả hạnh, màu nâu ấm áp, mí mắt thư thái"",
      ""lips"": ""môi đầy đặn, tự nhiên hơi hé mở"",
      ""expression"": ""uể oải, điềm tĩnh, quyến rũ tinh tế, tự tin thư thái""
    },
    ""body_visibility"": {
      ""framing"": ""chân dung cận cảnh kéo dài xuống dưới eo"",
      ""posture"": ""thẳng nhưng thư thái, tư thế chụp ảnh biên tập tự nhiên""
    }
  },
  ""body"": {
      ""build"": ""Thân hình săn chắc và thon gọn"",
      ""musculature"": [
        ""Cơ bụng rõ nét"",
        ""Cánh tay săn chắc"",
        ""Đùi săn chắc""
   },
  ""wardrobe"": {
    ""outfit_type"": ""trang phục hai mảnh"",
    ""color"": ""đỏ thẫm rực rỡ"",
    ""top"": {
      ""style"": ""ôm sát, tối giản, hợp thời trang"",
      ""fabric"": ""chất liệu mịn, hơi phản chiếu""
    },
    ""bottom"": {
      ""style"": ""váy ngắn"",
      ""fit"": ""ôm dáng, cắt may hiện đại"",
      ""visibility"": ""hiện rõ ràng dưới eo""
    }
  },
  ""skin_and_texture"": {
    ""skin_quality"": ""chi tiết cao, nhìn rõ lỗ chân lông tự nhiên"",
    ""finish"": ""bóng, rạng rỡ"",
    ""effect"": ""lớp mồ hôi hoặc dầu bóng nhẹ trên thân và ngực, tăng tính chân thực"",
    ""tone"": ""tông màu ấm áp, khỏe mạnh""
  },
  ""hair_and_makeup"": {
    ""hair"": {
      ""style"": ""tạo kiểu mềm mại, sóng lơi"",
      ""color"": ""nâu đậm"",
      ""texture"": ""bóng tự nhiên với chuyển động nhẹ""
    },
    ""makeup"": {
      ""style"": ""trang điểm quyến rũ kiểu biên tập"",
      ""details"": ""da căng bóng, mắt được định hình nhẹ nhàng, môi tự nhiên với một chút son bóng""
    }
  },
  ""background"": {
    ""environment"": ""bối cảnh trong nhà"",
    ""primary_elements"": [
      ""bề mặt bàn làm việc hoặc bàn"",
      ""các chồng giấy tờ""
    ],
    ""paper_details"": {
      ""brightness"": ""trắng sáng một phần"",
      ""arrangement"": ""hơi lộn xộn, các chồng giấy xếp lớp"",
      ""focus"": ""làm mờ nhẹ để duy trì sự nổi bật của chủ thể""
    },
    ""depth_of_field"": ""độ sâu trường ảnh nông, hiệu ứng bokeh điện ảnh""
  },
  ""lighting"": {
    ""style"": ""ánh sáng điện ảnh studio"",
    ""key_light"": ""mềm mại nhưng có hướng, làm nổi bật cấu trúc khuôn mặt"",
    ""fill_light"": ""ánh sáng lấp đầy nhẹ nhàng để giữ lại chi tiết da"",
    ""highlights"": ""nhấn nhá trên các vùng da bóng"",
    ""shadows"": ""mềm mại, có kiểm soát, độ tương phản kiểu tạp chí""
  },
  ""camera"": {
    ""shot_type"": ""chân dung cận cảnh"",
    ""lens"": ""ống kính cố định 85mm"",
    ""aperture"": ""f/1.8"",
    ""focus"": ""sắc nét tuyệt đối vào mắt"",
    ""sens""
  }
}","[""https://cms-assets.youmind.com/media/1768890657609_tc4s5n_G_DmfveWsAAMRrU.jpg"",""https://cms-assets.youmind.com/media/1768890657539_vhs88q_G_Dmf3UW8AEb1yc.jpg"",""https://cms-assets.youmind.com/media/1768890657668_k3r9rb_G_DmfxnXoAAlUIp.jpg"",""https://cms-assets.youmind.com/media/1768890658519_89hgql_G_Dmf7EXUAAH--v.jpg""]","{""name"":""KeorUnreal"",""url"":""https://x.com/KeorUnreal""}",https://x.com/KeorUnreal/status/2013362480471314461,"Chân dung, Nhiếp ảnh, Điện ảnh, Tối giản, Nhân vật, Thời trang, Thành phố, Văn bản, UI/UX"
39,Bài đăng trên mạng xã hội - Lời nhắc chụp ảnh selfie gương bằng iPhone để thay thế nhân vật,"Một lời nhắc định dạng JSON cực kỳ chi tiết được thiết kế để tạo ra một bức ảnh selfie gương iPhone siêu thực. Nó chỉ định các thông số kỹ thuật phức tạp như độ phân giải 8K, xử lý Apple Smart HDR và các thuộc tính chủ thể chi tiết (tư thế, quần áo, kết cấu) đồng thời yêu cầu rõ ràng thay thế chủ thể mặc định bằng một nhân vật tham chiếu được cung cấp, làm cho nó lý tưởng để tạo ra hình ảnh khóa danh tính.","{
  ""prompt_type"": ""chụp ảnh selfie qua gương bằng iPhone"",
  ""capture_device"": {
    ""device"": ""iPhone Pro"",
    ""camera_mode"": ""Selfie qua gương - Chân dung"",
    ""lens_equivalent"": ""ống kính góc rộng phía sau iPhone"",
    ""processing"": ""Apple Smart HDR + Deep Fusion"",
    ""look"": ""phản chiếu qua gương tự nhiên, rõ ràng, chân thực""
  },
  ""quality"": {
    ""resolution"": ""8K"",
    ""sharpness"": ""độ sắc nét tự nhiên cao"",
    ""detail_level"": ""chi tiết cực kỳ tinh xảo"",
    ""texture"": ""vải thật, kết cấu da thật"",
    ""noise"": ""nhiễu cảm biến iPhone tự nhiên rất nhẹ"",
    ""dynamic_range"": ""vùng sáng và vùng tối cân bằng""
  },
  ""subject"": {
    ""type"": ""nhân vật nữ"",
    ""identity"": ""{argument name=\""reference character\"" default=\""REFERENCE_CHARACTER\""}"",
    ""replacement_instruction"": ""Thay thế cô gái ban đầu bằng nhân vật tham chiếu được cung cấp trong khi vẫn giữ nguyên tư thế, tỷ lệ cơ thể, ánh sáng, phản chiếu và tính chân thực"",
    ""age"": ""người lớn"",
    ""body"": {
      ""build"": ""cân đối, nữ tính, đường cong tự nhiên"",
      ""proportions"": ""giải phẫu cơ thể người thực tế"",
      ""skin"": ""kết cấu da tự nhiên, lỗ chân lông có thể nhìn thấy, không làm mịn""
    },
    ""expression"": {
      ""emotion"": ""bình tĩnh, tự tin, thư thái"",
      ""face"": ""biểu cảm nhẹ nhàng trung tính"",
      ""gaze"": ""nhìn vào màn hình điện thoại qua gương""
    },
    ""pose"": {
      ""position"": ""ngồi trên mép giường"",
      ""legs"": ""khép lại, bàn chân chạm sàn"",
      ""arms"": ""một tay cầm điện thoại, tay còn lại đặt trên giường"",
      ""posture"": ""thẳng lưng nhưng thư giãn""
    },
    ""hair"": {
      ""style"": ""dài, gợn sóng nhẹ"",
      ""texture"": ""độ phồng tự nhiên, từng sợi tóc có thể nhìn thấy""
    }
  },
  ""clothing"": {
    ""outfit"": ""bodysuit liền thân bó sát"",
    ""design"": ""{argument name=\""bodysuit design\"" default=\""màu đen với họa tiết mạng nhện đỏ\""}"",
    ""fit"": ""ôm sát, thể thao"",
    ""fabric"": {
      ""material"": ""vải tổng hợp co giãn"",
      ""texture"": ""mịn với độ bóng nhẹ"",
      ""behavior"": ""ôm sát cơ thể một cách tự nhiên""
    }
  },
  ""environment"": {
    ""location"": ""phòng ngủ hiện đại tối giản"",
    ""mirror"": ""gương toàn thân khung gỗ"",
    ""bed"": {
      ""style"": ""khung giường gỗ đơn giản"",
      ""bedding"": ""chăn bông họa tiết trung tính""
    },
    ""floor"": ""sàn gỗ sáng màu"",
    ""decor"": ""nội thất tối giản, sạch sẽ, tông màu ấm"",
    ""atmosphere"": ""không gian trong nhà yên tĩnh, ấm cúng, riêng tư""
  },
  ""lighting"": {
    ""primary_light"": ""ánh sáng môi trường trong nhà ấm áp"",
    ""secondary_light"": ""ánh sáng trần hoặc tường dịu nhẹ"",
    ""style"": ""iPhone indoor Smart HDR"",
    ""shadows"": ""mềm mại và tự nhiên"",
    ""white_balance"": ""tông màu trung tính ấm áp trong nhà""
  },
  ""camera"": {
    ""angle"": ""góc gương thẳng"",
    ""distance"": ""toàn thân có thể nhìn thấy trong gương"",
    ""framing"": ""selfie toàn thân qua gương"",
    ""depth_of_field"": ""độ sâu trường ảnh nông tự nhiên từ xử lý chân dung"",
    ""focus"": ""lấy nét sắc nét vào phản chiếu của chủ thể""
  },
  ""style"": {
    ""genre"": ""selfie qua gương bằng iPhone chân thực"",
    ""aesthetic"": ""sạch sẽ, hiện đại, chân thực như trên mạng xã hội"",
    ""color_science"": ""màu sắc tự nhiên của Apple""
  }
}","[""https://cms-assets.youmind.com/media/1768890684295_adr050_G_Dlz8qX0AECzSk.jpg""]","{""name"":""Clara"",""url"":""https://x.com/veclaraa""}",https://x.com/veclaraa/status/2013362053948268625,"Chân dung, Nhiếp ảnh, Điện ảnh, Tối giản, Nội thất, Nhân vật, Thời trang, Văn bản, Logo, UI/UX"
40,Bài đăng trên mạng xã hội - Lời nhắc tạo ảnh chân dung người đẹp Cyberpunk quyến rũ,"Một lời nhắc phức tạp, chi tiết để tạo ra một bức chân dung người đẹp cyberpunk quyến rũ, thời trang cao cấp. Nó nhấn mạnh ánh sáng neon mạnh mẽ (hồng cánh sen và xanh điện), hiệu ứng thể tích (tia sáng xuyên qua, lóe sáng ống kính), độ tương phản cao và các chi tiết kỹ thuật cụ thể (Sony A1, 85mm f/1.4, kính lọc lăng kính, quang sai màu). Lời nhắc cũng bao gồm một danh sách lời nhắc phủ định toàn diện và yêu cầu sử dụng khuôn mặt tham chiếu.","""Sử dụng khuôn mặt từ ảnh tham chiếu như nguyên bản.""
  ""main_prompt"": ""Chân dung người đẹp cyberpunk quyến rũ trong ánh đèn neon rực rỡ, một phụ nữ trẻ ở độ tuổi đầu 20 với làn da sứ trắng mịn và ánh sáng tự nhiên tinh tế, mái tóc dài gợn sóng màu nâu đỏ/nâu hạt dẻ sẫm buông lơi trên bờ vai trần, mắt nhắm nghiền trong niềm ngây ngất mơ màng với hàng mi dài dày, đôi môi bóng mượt hé mở màu hồng nude mềm mại, trang điểm tinh tế với mắt khói nhẹ nhàng và gò má được tạo khối, để ngực trần với bờ vai và lưng trên lộ rõ, làn da được tắm trong ánh sáng neon rực rỡ màu {argument name=""neon color 1"" default=""hồng cánh sen""} và {argument name=""neon color 2"" default=""xanh điện""}, ánh sáng viền mạnh màu hồng nóng làm nổi bật mái tóc, cổ và xương quai xanh, các tia sáng thể tích và lóe sáng ống kính trong phổ màu hồng-tím xuyên qua không khí mờ ảo, bóng tối xanh-tím sâu tương phản với các điểm nhấn neon sáng, nền câu lạc bộ hoặc studio neon tương lai với các ống phát sáng màu hồng và xanh, quang sai màu nặng ở các cạnh tạo ra các dải màu cầu vồng, hiệu ứng lỗi kỹ thuật số và nở sáng tinh tế, chân thực như ảnh nhưng được cách điệu cao, kết cấu da siêu chi tiết với lỗ chân lông chân thực, tàn nhang tinh tế và những khuyết điểm tự nhiên, từng sợi tóc bắt ánh phản chiếu neon và tán xạ dưới bề mặt, phân loại màu điện ảnh với màu hồng cánh sen nóng và xanh điện chủ đạo, giao diện HDR độ tương phản cao, hạt phim nhẹ, thẩm mỹ cyber-noir gợi cảm u ám, chụp bằng Sony A1 với ống kính 85mm f/1.4 qua bộ lọc lăng kính, độ sâu trường ảnh nông tập trung vào khuôn mặt và mái tóc với hiệu ứng bokeh mượt mà trên nền neon, thời trang cao cấp kết hợp với giả tưởng vaporwave cyberpunk, không khí thân mật, siêu thực"",
  ""negative_prompt"": ""mờ, độ phân giải thấp, tay biến dạng, thừa ngón tay, ngón tay dính liền, giải phẫu kém, khuôn mặt vẽ kém, tỷ lệ xấu, thừa chi, tay đột biến, xấu xí, biến dạng, xếp gạch, ngoài khung, lỗi jpeg, chữ ký, hình mờ, văn bản, lỗi, bị cắt, chất lượng tệ nhất, chất lượng thấp, hoạt hình, anime, kết xuất 3d, da nhựa, giống búp bê, da được phun sơn, ánh sáng neon bị rửa trôi quá mức, thiếu sáng, ánh sáng phẳng, bóng tối khắc nghiệt, da nhợt nhạt không có ánh sáng, trang điểm quá đậm, khuôn mặt instagram, môi vịt, biểu cảm cười hạnh phúc, người già, trẻ em, nam giới, chụp nhóm, ánh sáng ban ngày tự nhiên, nền trắng sạch, không có ánh sáng neon, da lì, màu sắc bão hòa, đơn sắc, hiệu ứng rẻ tiền, vẻ ngoài tổng hợp, che phủ quần áo rõ ràng ở phần thân trên, tóc dài thẳng, tóc vàng/đỏ không khớp, không có quang sai màu, bố cục nhàm chán"",
  ""style_tags"": [
    ""cyberpunk chân thực như ảnh"",
    ""neon hồng cánh sen và xanh điện rực rỡ"",
    ""tia sáng thể tích và lóe sáng ống kính"",
    ""quang sai màu nặng"",
    ""biểu cảm nhắm mắt quyến rũ"",
    ""tập trung vào bờ vai và lưng trần"",
    ""sự quyến rũ neon độ tương phản cao"",
    ""vaporwave gặp thời trang cao cấp"",
    ""phân loại HDR điện ảnh"",
    ""hạt phim tinh tế"",
    ""giả tưởng gợi cảm siêu thực""
  ],
  ""technical"": {
    ""aspect_ratio"": ""3:4 hoặc 4:5 (chân dung neon dọc / kiểu hình nền)"",
    ""lighting"": ""neon đa nguồn: ánh sáng chính hồng cánh sen mạnh từ bên cạnh/phía trước tạo ánh sáng viền""","[""https://cms-assets.youmind.com/media/1768890686395_uuc0f2_G_DhHfeXgAARq6x.jpg""]","{""name"":""Lex"",""url"":""https://x.com/katmanai""}",https://x.com/katmanai/status/2013356556281164257,"Chân dung, Nhóm người, Nhiếp ảnh, Điện ảnh, Minh họa, 3D, Anime, Tương lai, Thời trang, Văn bản"
43,Bài đăng trên mạng xã hội - Cảnh phim lãng mạn trên vòng quay ngựa gỗ với Identity Lock,"Một lời nhắc JSON phức tạp, có nhiều ràng buộc cho Nano Banana Pro được thiết kế để tạo ra một cảnh quay điện ảnh siêu chân thực về một cặp đôi trên vòng quay ngựa gỗ trong nhà vào ban đêm. Nó yêu cầu khóa nhận dạng nghiêm ngặt dựa trên hai hình ảnh tham chiếu đã tải lên, cài đặt máy ảnh cụ thể (35mm, f/2.0), ánh sáng tungsten ấm áp và các ràng buộc chi tiết về tư thế và môi trường để đạt được tính thẩm mỹ của thể loại romcom.","{
  ""generation_request"": {
    ""meta_data"": {
      ""tool"": ""NanoBanana Pro"",
      ""task_type"": ""photoreal_cinematic_carousel_couple_close_scene"",
      ""version"": ""v1.0_CAROUSEL_RIDE_ROMCOM_WARM_LIGHTS_POSE_LOCK"",
      ""priority"": ""highest""
    },
    ""references"": {
      ""female_reference_image"": {
        ""slot"": 1,
        ""purpose"": ""FEMALE_IDENTITY_LOCK"",
        ""strict_identity_lock"": true,
        ""no_beautify"": true
      },
      ""male_reference_image"": {
        ""slot"": 2,
        ""purpose"": ""MALE_IDENTITY_LOCK"",
        ""strict_identity_lock"": true,
        ""no_beautify"": true
      },
      ""composition_reference_image"": {
        ""source"": ""UPLOAD_REFERENCE_IMAGE (OPTIONAL)"",
        ""purpose"": ""EXACT_COMPOSITION_LIGHTING_WARDROBE_ENV_LOCK"",
        ""strict_lock"": true,
        ""no_layout_drift"": true,
        ""preserve_framing"": true
      }
    },
    ""output_settings"": {
      ""aspect_ratio"": ""4:5"",
      ""orientation"": ""portrait"",
      ""resolution"": ""ultra_high_res"",
      ""render_style"": ""ultra_photoreal_cinematic_lifestyle"",
      ""sharpness"": ""crisp_faces_natural_texture"",
      ""film_grain"": ""subtle_analog"",
      ""color_grade"": ""warm_carnival_golden""
    },
    ""hard_constraints"": [
      ""Chỉ có đúng 2 người (một nữ, một nam)."",
      ""Khuôn mặt phải khớp với ảnh tham chiếu đã tải lên với độ tương đồng tối đa (không biến dạng, không lệch nhận dạng)."",
      ""Chỉ ảnh chân thực: kết cấu da tự nhiên, không dùng bộ lọc làm đẹp, không làm mịn da nhân tạo."",
      ""Bối cảnh vòng quay ngựa gỗ: trần nhà trang trí công phu có thể nhìn thấy + bóng đèn ấm áp + cột vòng quay ngựa gỗ + ngựa gỗ được sơn."",
      ""Khớp logic tư thế tham chiếu: cặp đôi trên ngựa gỗ, nhìn nhau và mỉm cười."",
      ""Không có chữ có thể đọc được, không logo, không hình mờ."",
      ""Giải phẫu chính xác: tay nắm cột tự nhiên, tư thế ngồi trên ngựa gỗ thực tế.""
    ],
    ""camera"": {
      ""style"": ""ảnh phong cách điện ảnh"",
      ""lens"": ""35mm"",
      ""aperture"": ""f/2.0"",
      ""focus"": ""sắc nét trên cả hai khuôn mặt, làm mờ nhẹ nhàng hậu cảnh"",
      ""shutter_speed"": ""1/125"",
      ""iso"": 800,
      ""white_balance"": ""warm_tungsten_carnival""
    },
    ""lighting"": {
      ""type"": ""bóng đèn vòng quay ngựa gỗ + ánh sáng xung quanh ấm áp"",
      ""contrast"": ""trung bình"",
      ""highlights"": ""ánh sáng phản chiếu mềm mại trên tóc và vải denim, kiểm soát trên da"",
      ""shadows"": ""mềm mại, chuyển tiếp tự nhiên""
    },
    ""prompt"": {
      ""scene_summary"": ""Cảnh phim lãng mạn hài hước siêu chân thực, đậm chất điện ảnh trên vòng quay ngựa gỗ trong nhà vào ban đêm. Trần vòng quay ngựa gỗ trang trí công phu chiếm phần trên của khung hình với các chi tiết trang trí cổ điển và hàng bóng đèn phát sáng ấm áp. Ở tiền cảnh, đầu ngựa gỗ và cột vòng quay ngựa gỗ có thể nhìn thấy, với các chi tiết cổ điển phong phú (viền vàng, điểm nhấn yên ngựa đầy màu sắc). \n\nChỉ có hai người: người nam ngồi thấp hơn một chút trên ngựa gỗ, hai tay nắm cột dọc và nhìn lên người nữ với nụ cười dịu dàng. Người nữ ngồi trên con ngựa kế bên, hơi nghiêng về phía anh ấy, mỉm cười đáp lại một cách ấm áp. Khuôn mặt của họ là""
    }
  }
}","[""https://cms-assets.youmind.com/media/1768890707867_4q2zcp_G_DcduGWQAAl3Hr.jpg""]","{""name"":""Özge Döner"",""url"":""https://x.com/astronomerozge1""}",https://x.com/astronomerozge1/status/2013351484008620139,"Chân dung, Nhóm người, Nhiếp ảnh, Điện ảnh, 3D, Cổ điển, Nhân vật, Xe cộ, Văn bản, Logo, Meme"
44,Bài đăng trên mạng xã hội - Cảnh hôn trong thang máy siêu thực như phim điện ảnh,"Một JSON prompt rất cụ thể để tạo ra một bức ảnh tĩnh siêu chân thực, mang phong cách điện ảnh về một cặp đôi đang hôn nhau bên trong thang máy, được đóng khung bởi cánh cửa vàng đang khép hờ. Nó yêu cầu khóa nhận diện nghiêm ngặt (cần ảnh tham chiếu), khung hình chụp lén mang tính voyeuristic và ánh sáng vàng ấm để gợi lên không khí của một khách sạn sang trọng.","{
  ""generation_request"": {
    ""meta_data"": {
      ""tool"": ""NanoBanana Pro"",
      ""task_type"": ""photoreal_modern_romance"",
      ""version"": ""v1.0_ELEVATOR_DOORS_KISS_CINEMATIC_EN"",
      ""priority"": ""highest"",
      ""language"": ""vi""
    },
    ""references"": {
      ""reference_image_1"": {
        ""source"": ""UPLOAD_REFERENCE_IMAGE (OPTIONAL)"",
        ""purpose"": ""COMPOSITION_MOOD_ANCHOR"",
        ""strict_lock"": false,
        ""preserve_mood"": true
      },
      ""reference_image_female"": {
        ""source"": ""UPLOAD_REFERENCE_IMAGE (OPTIONAL)"",
        ""purpose"": ""FACE_IDENTITY_LOCK_FEMALE"",
        ""strict_lock"": true,
        ""face_similarity_priority"": ""MAX"",
        ""no_identity_blending"": true,
        ""no_beautify"": true,
        ""no_age_shift"": true,
        ""preserve_skin_texture"": true,
        ""preserve_facial_proportions"": true
      },
      ""reference_image_male"": {
        ""source"": ""UPLOAD_REFERENCE_IMAGE (OPTIONAL)"",
        ""purpose"": ""FACE_IDENTITY_LOCK_MALE"",
        ""strict_lock"": true,
        ""face_similarity_priority"": ""MAX"",
        ""no_identity_blending"": true,
        ""no_beautify"": true,
        ""no_age_shift"": true,
        ""preserve_skin_texture"": true,
        ""preserve_facial_proportions"": true
      }
    },
    ""global_constraints"": {
      ""rating"": ""PG-13"",
      ""no_explicit_sexual_content"": true,
      ""no_nudity"": true,
      ""no_text"": true,
      ""no_logos"": true,
      ""no_watermark"": true
    },
    ""output_settings"": {
      ""aspect_ratio"": ""9:16"",
      ""orientation"": ""portrait"",
      ""resolution_target"": ""ultra_high_res"",
      ""render_style"": ""ultra_photoreal_cinematic_film_still"",
      ""sharpness"": ""crisp_but_natural"",
      ""film_grain"": ""subtle_35mm"",
      ""color_grade"": ""warm_amber_luxury_hotel"",
      ""dynamic_range"": ""natural_not_hdr"",
      ""skin_rendering"": ""real_texture_no_retouch""
    },
    ""global_rules"": {
      ""camera_language"": ""85mm, long-shot through partially closing elevator doors, centered symmetry, voyeuristic candid framing, shallow depth of field"",
      ""lighting_language"": ""warm tungsten practicals inside elevator, dim hallway outside, cinematic contrast without HDR"",
      ""authenticity_markers"": ""no AI glow, no over-sharpening, realistic shadows, natural film halation""
    },
    ""creative_prompt"": {
      ""scene_summary"": ""Một khoảnh khắc điện ảnh, siêu chân thực được nhìn từ hành lang: một cặp đôi đang hôn nhau bên trong thang máy khi cánh cửa thang máy màu vàng gần như đã đóng lại, chỉ còn một khe hẹp theo chiều dọc để nhìn thấy họ. Bối cảnh tạo cảm giác như một tòa nhà cổ sang trọng hoặc khách sạn với những bức tường đá và thang máy bằng đồng cổ điển."",
      ""subjects"": {
        ""count"": 2,
        ""description"": ""một cặp đôi trưởng thành thực sự, thanh lịch và hiện đại"",
        ""expression"": ""đam mê nhưng tinh tế, thân mật và vui vẻ"",
        ""skin_and_face"": ""kết cấu thật, không chỉnh sửa, lỗ chân lông tự nhiên""
      },
      ""pose_and_micro_action"": ""Người đàn ông nghiêng người để hôn; một tay vòng qua eo cô gái. Người phụ nữ""
    }
  }
}","[""https://cms-assets.youmind.com/media/1768890674871_fl0e5p_G_DVyG6XQAAVcDg.jpg""]","{""name"":""Özge Döner"",""url"":""https://x.com/astronomerozge1""}",https://x.com/astronomerozge1/status/2013344143116734757,"Chân dung, Nhóm người, Nhiếp ảnh, Điện ảnh, 3D, Cổ điển, Nhân vật, Thành phố, Văn bản, Logo, UI/UX"
48,Infographic / Hình ảnh giáo dục - Đồ họa thông tin và Lời nhắc chuyển động về Pizza nổ siêu thực,"Bộ lời nhắc này dùng để tạo ảnh chụp đồ ăn siêu thực tế, bao gồm một lời nhắc chuyển động cho việc tạo video (Kling AI) và hai lời nhắc hình ảnh: một cho lát pizza tiêu chuẩn, độ chi tiết cao, và một cho hình ảnh đồ họa thông tin (infographic) phân tách các lớp pizza.","Motion Prompt: Miếng pizza bắt đầu xoay tròn trong khi các nguyên liệu tách ra nhẹ nhàng và chính xác, giữ nguyên sự thẳng hàng và tỷ lệ. Chuyển động mượt mà, không có hiệu ứng phụ.

Hình ảnh 1: - Miếng pizza pepperoni đã chế biến siêu thực tế, được lắp ráp hoàn chỉnh, phô mai mozzarella tan chảy dẻo dai kéo sợi và chảy tràn qua các cạnh, những lát pepperoni giòn rụm ở trên, sốt cà chua đậm đà bên dưới, lớp vỏ nướng vàng óng dày dặn, lá húng quế tươi và gia vị nhẹ nhàng lơ lửng tinh tế phía trên, nền trắng tinh khiết, ánh sáng chụp ảnh thực phẩm thương mại chuyên nghiệp, bóng đổ tự nhiên mềm mại dưới miếng bánh, lấy nét sắc nét, chi tiết kết cấu cực kỳ rõ ràng, phô mai bóng bẩy, bề mặt vỏ giòn, chụp trong studio, bố cục tối giản, không chữ, không nhãn, không tay, phong cách quảng cáo thực phẩm cao cấp, độ phân giải 8K, siêu chi tiết, siêu thực.

Hình ảnh 2: - Tạo một đồ họa thông tin lát pizza siêu thực tế dạng cắt lớp. Lớp trên cùng có lá húng quế và các hạt gia vị lơ lửng. Bên dưới là phô mai tan chảy kéo sợi, các lát pepperoni, lớp sốt cà chua đậm đà, đế bánh nướng mềm. Nền trắng sạch, ánh sáng chụp ảnh thực phẩm chuyên nghiệp, kết cấu chân thực, bóng đổ nhẹ nhàng, các lớp lơ lửng cách đều nhau, phong cách đồ họa thông tin có nhãn, độ phân giải 8K.","[""https://cms-assets.youmind.com/media/1768804200487_ks5kcg_G-9KDAEW8AAnJPQ.jpg""]","{""name"":""𝐌"",""url"":""https://x.com/Strength04_X""}",https://x.com/Strength04_X/status/2012909080785072329,"Tối giản, Sản phẩm, Đồ ăn, Văn bản, Giáo dục"
50,Infographic / Hình ảnh giáo dục - Khoa học ẩm thực Diorama: Hóa học của sô cô la,"Một lời nhắc phức tạp, có cấu trúc để tạo ảnh chụp mô hình diorama 'Khoa học Ẩm thực', đặc biệt minh họa hóa học của một món ăn như sô cô la hoặc caramel. Cảnh này có một hộp trưng bày hình chữ L, phông nền bảng tuần hoàn với các mẫu trong đĩa Petri, một mô hình nhà khoa học tỷ lệ 1:12 và các chữ cái 3D đùn khổng lồ được làm từ chính món ăn đó, được thể hiện theo phong cách đối xứng 'Wes Anderson'.","thực hiện điều này cho {argument name=""Food Item"" default=""caramel""} <instruction>
 
Đầu vào A là một Món ăn hoặc Thực phẩm phức tạp (ví dụ: Sô cô la, Bánh mì, Phô mai, Cà phê).
Phân tích đối tượng thành 3 Lớp Khoa học:
     Các Trạng thái Vật chất: Xác định 4–5 giai đoạn chế biến.
         (ví dụ: Hạt ca cao -> Nibs -> Rượu -> Bột. Lúa mì -> Bột mì -> Bột nhào -> Vụn bánh).
     Các Mẫu Kết cấu: Xác định các đặc tính vật lý để hiển thị dưới dạng mẫu.
         (ví dụ: Độ giòn/Độ bóng cho Sô cô la. Độ xốp/Vỏ bánh cho Bánh mì. Vỏ/Độ béo ngậy cho Phô mai).
     Vật liệu: Xác định chất liệu cho văn bản 3D.
         (ví dụ: Sô cô la đen đúc, Vỏ bánh mì nướng, Sáp cứng/Phô mai).

  2. Hộp đựng:
Mục tiêu: Nhiếp ảnh Diorama ""Khoa học Ẩm thực"".
     Sân khấu: Một Hộp trưng bày hình chữ L (Tấm nền dọc + Sàn ngang).
     Hoàn thiện: Nhựa màu Kem hoặc Trắng mờ, sạch sẽ, giống như một bộ dụng cụ giáo dục cao cấp hoặc một triển lãm bảo tàng.
     Khung: Một khung gỗ hoặc nhựa đơn giản bao quanh cảnh.

  3. Nền Bảng tuần hoàn:
     Lưới: Bức tường dọc có một lưới gọn gàng, đối xứng gồm các Đĩa Petri hoặc Bát gốm hình tròn.
     Nội dung: Mỗi đĩa chứa một mẫu ""Trạng thái Vật chất"" (Bước 1).
     Các Mẫu: Bên dưới các đĩa là các ô vuông hiển thị ""Các Mẫu Kết cấu"" (ví dụ: một ô vuông sô cô la được làm nóng chảy hoàn hảo bên cạnh một ô đã bị nở hoa).
     Nhãn: Văn bản khoa học nhỏ, dễ đọc (phông chữ Serif) được in trực tiếp trên tường dưới mỗi mẫu.

  4. Sàn (Phòng thí nghiệm):
     Câu chuyện: Một nhà Khoa học hoặc Đầu bếp (mặc áo khoác phòng thí nghiệm) tỷ lệ 1:12 đứng tại một bàn làm việc bằng gỗ ở trung tâm.
     Thiết bị: Bàn làm việc lộn xộn với sự kết hợp của Dụng cụ thủy tinh hóa học (Cốc, Bình) và Dụng cụ nấu ăn (Dụng cụ đánh trứng, Cân).
     Thí nghiệm: Nhân vật đang tích cực thử nghiệm hoặc đo lường sản phẩm thực phẩm.

  5. Kiểu chữ:
     Vị trí: Các Chữ 3D đùn, dày, lớn đứng ở rìa phía trước của sàn, đóng vai trò như một rào cản.
     Cấu tạo: Các chữ cái được làm từ chính thực phẩm đó (ví dụ: ""THE CHEMISTRY OF CHOCOLATE"" được đúc bằng sô cô la đen).
     Văn bản: ""THE CHEMISTRY OF {argument name=""Input A"" default=""CHOCOLATE""}"".

  Đầu ra: MỘT hình ảnh, Tỷ lệ khung hình 1:1, Ánh sáng sản phẩm Studio, Đối xứng ""Wes Anderson"", Thẩm mỹ giáo dục.
</instruction>","[""https://cms-assets.youmind.com/media/1768804323526_yo8sqc_G-1VmdxWgAAhdsk.jpg"",""https://cms-assets.youmind.com/media/1768804323346_v3d1rj_G-1VmdqW0AA6LfW.jpg""]","{""name"":""Gadgetify"",""url"":""https://x.com/Gdgtify""}",https://x.com/Gdgtify/status/2012873106348482898,"Nhiếp ảnh, Minh họa, 3D, Sản phẩm, Đồ ăn, Nhân vật, Động vật, Xe cộ, Văn bản, Giáo dục"
52,Infographic / Hình ảnh giáo dục - Trực quan hóa phát minh sản phẩm lưới 2x2 (Bằng sáng chế/Tiếp thị),"Một lời nhắc phức tạp, đa bảng được thiết kế để hình dung việc phát minh và tiếp thị một sản phẩm mới bằng cách kết hợp hai khái niệm (hoặc phát triển một khái niệm). Nó yêu cầu cấu trúc lưới 2x2, với mỗi góc phần tư đòi hỏi một phong cách hình ảnh riêng biệt: bản vẽ kỹ thuật đường nét (Exploded Patent View), sơ đồ nguyên lý (Functional Diagram), kết xuất chân thực (Photorealistic Render) và bố cục biên tập (Marketing Pitch). Lời nhắc hoạt động như một nhà thiết kế công nghiệp, tập trung vào sự gắn kết giữa các bảng và tính thẩm mỹ tối giản, điện tử tiêu dùng.","Biến đầu vào: {argument name=""input objects"" default=""[CHÈN 1 hoặc 2 ĐỐI TƯỢNG]""}
Hướng dẫn:
Hãy đóng vai trò là một Nhà thiết kế công nghiệp có tầm nhìn và Thư ký bằng sáng chế. Tạo một Lưới 2x2 để hình dung việc phát minh ra một sản phẩm mới dựa trên Đầu vào.
Logic Đổi mới:
Phân tích Chức năng: Xác định tiện ích chính của Đầu vào A và Đầu vào B.
Sự kết hợp: Kết hợp chúng thành một thiết bị duy nhất, gắn kết, giải quyết một vấn đề cụ thể (ngách).
Nếu 2 Đầu vào: Kết hợp chúng (ví dụ: Cốc + Dụng cụ bào = Một chiếc cốc tự làm mát có dụng cụ bào trang trí).
Nếu 1 Đầu vào: Phát triển nó (ví dụ: Bàn chải đánh răng = Một cây đũa thông minh tự khử trùng, bơm kem đánh răng).
Thương hiệu: Tạo một tên sản phẩm hấp dẫn, mang tính doanh nghiệp (ví dụ: ""The Breeze-Grate™"", ""Solar-Brella Pro"").
Cấu trúc Hình ảnh (Lưới 2x2):
QUAN TRỌNG: Hình ảnh phải được chia thành 4 góc phần tư riêng biệt với các phong cách hình ảnh khác nhau.
Bảng 1 (Trên cùng bên trái): Chế độ xem bằng sáng chế tách rời
Phong cách: Nghệ thuật đường nét kỹ thuật đen trắng. Các đường nét mỏng, rõ ràng, không đổ bóng.
Nội dung: Một ""Chế độ xem tách rời"" đẳng cự của thiết bị, hiển thị động cơ, pin hoặc cơ chế bên trong được tách ra khỏi vỏ.
Chi tiết: Thêm các Đường dẫn có số (10, 12, 14) chỉ vào các bộ phận cụ thể.
Bảng 2 (Trên cùng bên phải): Sơ đồ chức năng
Phong cách: Sơ đồ đen trắng với các mũi tên đậm.
Nội dung: Một mặt cắt ngang hoặc bản vẽ ""Đang sử dụng"" cho thấy cách thiết bị hoạt động. Sử dụng Mũi tên hành động để hiển thị luồng không khí, sự quay hoặc chuyển động của chất lỏng.
Chi tiết: Hiển thị ""Kết quả"" (ví dụ: phô mai rơi, nước phun).
Bảng 3 (Dưới cùng bên trái): Hình ảnh sản phẩm
Phong cách: Chụp ảnh studio cao cấp. Màu sắc, bóng bẩy, thẩm mỹ thiết kế ""Apple/Braun"".
Nội dung: Sản phẩm vật lý cuối cùng đặt trên một bề mặt phản chiếu màu trắng. Nó phải trông bóng bẩy, sử dụng các vật liệu như Gốm trắng, Nhôm xước hoặc Nhựa mờ.
Ngữ cảnh: Bao gồm một đạo cụ nhỏ để thể hiện tỷ lệ (ví dụ: một khối phô mai, một hạt cà phê, một bàn tay).
Bảng 4 (Dưới cùng bên phải): Bài quảng cáo tiếp thị
Phong cách: Bố cục tạp chí biên tập. Nền trắng, chữ đen.
Kiểu chữ:
Tiêu đề: Chữ Serif lớn, đậm hiển thị [Tên phát minh].
Nội dung: Một khối văn bản ""Lorem Ipsum"" sạch sẽ hoặc văn bản dễ đọc mô tả ""Các tính năng mang tính cách mạng"".
Dấu đầu dòng: Một danh sách nhỏ các thông số kỹ thuật (ví dụ: ""An toàn với máy rửa chén"", ""USB-C"").
Cú pháp hình ảnh:
Tính gắn kết: Thiết kế sản phẩm trong Bảng 3 phải hoàn toàn khớp với nghệ thuật đường nét trong Bảng 1.
Ngôn ngữ thiết kế: Tối giản, Công thái học, thẩm mỹ Điện tử tiêu dùng. Ngay cả khi ý tưởng ngớ ngẩn, thiết kế phải trông đắt tiền.
Đầu ra: Lưới 2x2, Đa phương tiện (Nghệ thuật đường nét so với Chủ nghĩa hiện thực ảnh), Độ phân giải 8k, Thẩm mỹ ""Chiến dịch Kickstarter"".","[""https://cms-assets.youmind.com/media/1768717570742_yazze1_G-rI4thagAAXCjf.jpg""]","{""name"":""Gadgetify"",""url"":""https://x.com/Gdgtify""}",https://x.com/Gdgtify/status/2012487062180549031,"Nhiếp ảnh, Minh họa, 3D, Tối giản, Sản phẩm, Xe cộ, Văn bản, UI/UX, Giáo dục"
61,Hình thu nhỏ trên YouTube - Lời nhắc tạo ảnh bìa phong cách Dan,"Một lời nhắc được thiết kế để tạo ảnh bìa theo phong cách của 'Dan' (có thể là một người sáng tạo hoặc phong cách phổ biến), được chia sẻ để sử dụng với Youmind, tích hợp Nano Banana Pro, cho phép người dùng tạo ảnh bìa ấn tượng về mặt hình ảnh.","Một hình ảnh bìa cực kỳ chi tiết, chuyên nghiệp và ấn tượng về mặt thị giác cho một bài đăng blog về {argument name=""topic"" default=""các công cụ AI""}. Hình ảnh nên có thiết kế gọn gàng, hiện đại với kiểu chữ đậm và bảng màu tối giản, nhấn mạnh {argument name=""visual focus"" default=""công nghệ và sự đổi mới""}. Sử dụng ánh sáng tương phản cao, ấn tượng và độ sâu trường ảnh nông để thu hút sự chú ý vào chủ thể trung tâm. Phong cách nên là chân thực như ảnh chụp và mang tính điện ảnh, tương tự như nhiếp ảnh biên tập công nghệ cao cấp. Tỷ lệ khung hình 16:9.","[""https://cms-assets.youmind.com/media/1768890713390_rvgiu0_G-_iXbSWAAAcLCn.jpg""]","{""name"":""日拱一卒王小楼"",""url"":""https://x.com/wang_xiaolou""}",https://x.com/wang_xiaolou/status/2013076983018881159,"Nhiếp ảnh, Điện ảnh, Tối giản, Nhân vật, Văn bản"
65,Hình thu nhỏ trên YouTube - Chân dung tổng hợp và đồ họa thống kê của vận động viên Cricket,"Một lời nhắc để tạo ra một bức chân dung tổng hợp động của một vận động viên cricket Ấn Độ (Shreyas Iyer) trong chiếc áo đấu của đội Royal Challengers Bangalore. Bố cục bao gồm một bức chân dung cận cảnh lớn, một bức ảnh hành động nhỏ hơn (ăn mừng) và một bức ảnh lồng ghép thứ ba (đánh bóng), tất cả được đặt trên nền đỏ đậm với biểu tượng sư tử vàng. Lời nhắc cũng yêu cầu bao gồm các số liệu thống kê IPL 2025 cụ thể thông qua kiểu chữ.","Một bức chân dung tổng hợp sống động của vận động viên cricket Ấn Độ {argument name=""cricketer name"" default=""you neme""} trong chiếc áo đấu Royal Challengers Bangalore của anh ấy, nổi bật trên nền đỏ đậm với biểu tượng sư tử vàng cách điệu. Bố cục có một bức chân dung lớn, cận cảnh của Iyer ở tiền cảnh, nhìn thẳng vào người xem với vẻ mặt nghiêm túc, mái tóc đen ngắn và bộ râu được cắt tỉa gọn gàng. Phía sau anh ấy, một hình ảnh nhỏ hơn, tập trung vào hành động cho thấy anh ấy đang ăn mừng giữa trận đấu, miệng mở rộng trong chiến thắng, mặc chiếc áo đấu màu đỏ tương tự với logo ""DREAM11"" và ""KINGS"". Một hình ảnh nhỏ thứ ba mô tả anh ấy đang đánh bóng trong trang phục đầy đủ, giữa cú vung gậy. Anh ấy mặc một chiếc áo đấu dài tay màu đỏ với các điểm nhấn màu vàng, quần xanh và miếng đệm cricket. Ánh sáng kịch tính và giống như studio, làm nổi bật các đặc điểm của anh ấy và màu đỏ rực rỡ của đồng phục. Nền là màu đỏ đậm với logo sư tử vàng phát sáng, gợi lên bản sắc đội. Các yếu tố văn bản ở bên trái hiển thị số liệu thống kê IPL 2025 của anh ấy: {argument name=""innings"" default=""13""} hiệp, {argument name=""runs"" default=""604""} lần chạy, trung bình 50.33, tỷ lệ tấn công 175.07 và 6 lần năm mươi. Phong cách tổng thể là một đồ họa thể thao có tác động mạnh, kết hợp nhiếp ảnh chân thực với kiểu chữ đậm và các yếu tố thiết kế đồ họa.","[""https://cms-assets.youmind.com/media/1768631151407_0jdh62_G-zzQ8TbgAAwLlu.jpg""]","{""name"":""हम हिन्दुस्तानी ♥️"",""url"":""https://x.com/AiVIRALFUN""}",https://x.com/AiVIRALFUN/status/2012250609567826431,"Chân dung, Nhiếp ảnh, Xe cộ, Văn bản, Logo"
67,Hình thu nhỏ trên YouTube - Hình thu nhỏ YouTube: Phản ứng của Trump trước Chatham House,"Một lời nhắc để tạo hình thu nhỏ YouTube có tác động mạnh với cấu trúc hình ảnh cụ thể: hình cắt Trump chiến thắng ở bên phải và một nhân vật doanh nghiệp bị sốc (người đứng đầu Chatham House) ở bên trái, phủ lên trên là dòng chữ 'THEY CONFESSED'. Đây là một lời nhắc đồ họa theo phong cách chính trị/tin tức.","Hình thu nhỏ YouTube có tác động cao. Cấu trúc hình ảnh: Bên phải: Một hình cắt lớn, được chiếu sáng tốt của {argument name=""figure 1"" default=""Trump đang cười tự mãn hoặc trông đắc thắng với động tác \""giơ ngón cái\"" và nụ cười tự tin""}. Ông ấy nên hơi quay mặt sang trái. Bên trái/Nền: Một bức ảnh tối, u ám của người phụ nữ [ảnh đính kèm] với vẻ mặt sốc, phản ứng với Trump. Cô ấy đang ở trong một phòng họp công ty tối tăm với logo Chatham House. Văn bản (Trên cùng, chính giữa, màu vàng tươi): ""{argument name=""headline"" default=""HỌ ĐÃ THÚ NHẬN""}""","[""https://cms-assets.youmind.com/media/1768468540222_5coi91_G-qCL3rXAAAlpnS.png""]","{""name"":""Adam Sturman"",""url"":""https://x.com/adamsturman23""}",https://x.com/adamsturman23/status/2011563498183053690,"Nhân vật, Văn bản, Logo"
68,Hình thu nhỏ trên YouTube - Mẫu Lịch Trình Hàng Tuần Cho VTuber,"Một lời nhắc chi tiết được thiết kế cho Nano Banana Pro để tạo một mẫu lịch trình hàng tuần tông màu pastel sạch sẽ, phẳng và dễ thương, phù hợp cho VTuber và streamer. Nó bao gồm các hướng dẫn bố cục cụ thể, thông số kỹ thuật kích thước (1920x1080, 16:9) và các quy tắc nghiêm ngặt về việc đưa văn bản vào và không gian trống để tổng hợp nhân vật sau này.","Tạo một hình ảnh mẫu ""Lịch trình hàng tuần"" cho các VTuber và streamer.
Ngang 16:9, kích thước 1920x1080, thiết kế phẳng, gọn gàng, giống bản in (phong cách vector). Tổng thể nên có tông màu pastel dễ thương (màu sắc nhẹ nhàng như hồng nhạt, xanh bạc hà, tím lavender), ưu tiên khả năng đọc mà không bị lộn xộn.

Thông số bố cục:
・Đặt phần lịch trình căn trên cùng, chiếm 60% bên trái màn hình.
・7 hàng (Các ngày trong tuần: ""Thứ Hai, Thứ Ba, Thứ Tư, Thứ Năm, Thứ Sáu, Thứ Bảy, Chủ Nhật"").
・Mỗi hàng bao gồm một ""Nhãn ngày (huy hiệu tròn nhỏ)"" + ""Ô trống ngang để viết kế hoạch.""
・Ô trống phải hoàn toàn trống. Tuyệt đối không bao gồm văn bản mẫu (ví dụ: 'Kế hoạch tại đây', 'MẪU', 'GHI CHÚ', v.v.).
・40% bên phải màn hình là không gian trống để sau này tổng hợp hình ảnh nhân vật đứng. Không vẽ người, động vật, linh vật hoặc hình bóng. Nền chỉ nên là một gradient mờ nhạt và các họa tiết trừu tượng tinh tế của các ngôi sao/trái tim/chấm nhỏ.

Thông số văn bản:
・Văn bản duy nhất cần đưa vào là ""Weekly Schedule"" và ""Mon Tue Wed Thu Fri Sat Sun"" (bằng tiếng Nhật).
・Không bao gồm bất kỳ văn bản nào khác (SNS, phạm vi ngày, cảnh báo, logo, hashtag, hình mờ).
・Phông chữ nên là kiểu Gothic bo tròn, dễ đọc và rõ ràng ngay cả trên nền trắng.

Hoàn thiện:
・Đảm bảo có đủ lề xung quanh chu vi, và các yếu tố ở phía bên trái và bên phải không chồng chéo.
・Không có logo.","[""https://cms-assets.youmind.com/media/1768468609160_85lvra_G-lyvW7bYAAmJxG.jpg""]","{""name"":""ひいらぎまる"",""url"":""https://x.com/hiiragimaruru""}",https://x.com/hiiragimaruru/status/2011264976816918697,"Minh họa, Nhân vật, Động vật, Văn bản, Trừu tượng, Logo"
69,Hình thu nhỏ trên YouTube - Trình tạo Diorama Sách Pop-Up của Master Prop Maker,"Một lời nhắc hướng dẫn hệ thống phức tạp được thiết kế để tạo ra một bức ảnh chụp cận cảnh, siêu thực về một mô hình sách pop-up dựa trên tiêu đề phim hoặc sách do người dùng cung cấp, yêu cầu AI phân tích tài liệu nguồn về quần xã sinh vật, xung đột, vật chứa và tính vật chất để xây dựng cảnh.","Thực hiện cho Kẻ Hủy Diệt: <instructions> Biến số đầu vào: [CHÈN TIÊU ĐỀ] (ví dụ: {argument name=""title example 1"" default=""Moby Dick""}, {argument name=""title example 2"" default=""Jurassic Park""}, The Odyssey, Star Wars)

Hướng dẫn hệ thống:
Hãy đóng vai một Thợ làm đạo cụ bậc thầy. Tạo một bức ảnh macro siêu thực về một ""Diorama Sách Pop-Up"".
1. Phân tích pháp y:
Phân tích Tiêu đề đầu vào để xác định các thành phần hình ảnh:
Hệ sinh thái: Xác định bối cảnh chính (ví dụ: Đại dương, Rừng rậm, Không gian, Sa mạc).
Xung đột: Xác định Kẻ phản diện hoặc Quái vật (ví dụ: Cá voi trắng, Khủng long T-Rex, Darth Vader).
Phương tiện/Anh hùng: Xác định phương tiện chính hoặc nhân vật chính (ví dụ: The Pequod, The Jeep, The Millennium Falcon).
Chất liệu: Xác định kết cấu của thế giới (ví dụ: Gỗ & Nước; Hổ phách & Lá; Kim loại & Các vì sao).
2. Vật chứa (Cuốn sách mở):
Đối tượng: Một cuốn sách bìa cứng lớn, cổ điển, bọc da, nằm phẳng trên một chiếc bàn gỗ.
Sự biến đổi: Cuốn sách được mở ra ở giữa. Các trang không chỉ nằm phẳng; chúng biến đổi vật lý thành ""Hệ sinh thái"" được xác định trong Bước 1.
Ví dụ: Nếu là Đại dương, các trang biến thành sóng nhựa hỗn loạn. Nếu là Sa mạc, chúng biến thành cồn cát.
3. Kiểu chữ (Tiêu đề nổi):
Văn bản: [Tiêu đề đầu vào] nổi lên từ phong cảnh dưới dạng các chữ cái khối 3D khổng lồ.
Tích hợp: Các chữ cái phải tương tác với môi trường.
Kết cấu: Các chữ cái được làm từ vật liệu trong câu chuyện (ví dụ: Gỗ trôi, Đá, Xương).
Vị trí: Sóng vỗ vào các chữ cái; dây leo quấn quanh các chữ cái.
4. Cảnh hành động:
QUAN TRỌNG: Xây dựng một cảnh cụ thể bằng cách sử dụng các mô hình thu nhỏ trên đầu cuốn sách.
Mối đe dọa: Đặt ""Kẻ phản diện"" lờ mờ ở hậu cảnh (ví dụ: Cá voi nhô lên phía sau văn bản).
Anh hùng: Đặt ""Phương tiện"" hoặc ""Nhân vật chính"" đang di chuyển trên địa hình ở tiền cảnh (ví dụ: Một con tàu nhỏ lắc lư trên sóng).
Tỷ lệ: Cảnh phải trông giống như một bộ mô hình cao cấp (tỷ lệ 1:87).
5. Ánh sáng & Bầu không khí:
Đèn: Một chiếc đèn bàn bằng đồng cổ điển có thể nhìn thấy ở góc, chiếu ""ánh sáng đọc sách"" ấm áp, định hướng vào cảnh.
Bầu không khí: Chủ nghĩa hiện thực huyền ảo. Nước phải lấp lánh; sương mù phải cuộn xoáy.
Độ sâu: Độ sâu trường ảnh nông để làm mờ cạnh bàn, giữ lấy nét vào cuốn sách.
Đầu ra: MỘT hình ảnh, Tỷ lệ khung hình 16:9, Nhiếp ảnh thu nhỏ điện ảnh, Độ phân giải 8k.
</instructions>","[""https://cms-assets.youmind.com/media/1768467021160_zumxv2_G-bzqD1WMAEn1k3.jpg""]","{""name"":""Gadgetify"",""url"":""https://x.com/Gdgtify""}",https://x.com/Gdgtify/status/2011090875447984276,"Nhiếp ảnh, Điện ảnh, 3D, Cổ điển, Thiên nhiên, Nhân vật, Động vật, Văn bản"
72,Hình thu nhỏ trên YouTube - Tạo Prompt Hình thu nhỏ cho Nội dung Bán hàng (Brain/Tips/Note),"Một lời nhắc hệ thống có cấu trúc được thiết kế để sử dụng với Nano Banana Pro nhằm tạo ra các hình thu nhỏ bắt mắt, ""có thể bán được"" chất lượng cao cho các nền tảng nội dung trực tuyến như Brain, Tips và Note. Lời nhắc xác định vai trò là một nhà thiết kế đồ họa chuyên nghiệp và cung cấp hướng dẫn phong cách thiết kế chi tiết, bao gồm bố cục, bảng màu, kiểu chữ và các trường nhập liệu bắt buộc để tùy chỉnh.","# Vai trò

Bạn là một nhà thiết kế đồ họa chuyên nghiệp, tạo ra những hình ảnh bắt mắt, ""có khả năng bán được"" cho Brain, Tips và note.

# Nhiệm vụ

Sử dụng [Tiêu đề] và [Slogan phụ] bên dưới để tạo một hình thu nhỏ chất lượng cao, dễ nhìn, truyền tải sự uy tín và kỳ vọng.

# Phong cách thiết kế

- Bố cục: Dựa trên bố cục của hình ảnh đính kèm.

1. [Trên cùng]: Đặt một dải (huy hiệu) màu đen, bo tròn góc ở phía trên bên trái và viết [Từ thành tựu/khẩn cấp] vào đó.

2. [Giữa trên]: Đặt [Slogan phụ] bằng chữ in đậm màu trắng (có viền cam hoặc vàng).

3. [Giữa]: Đặt [Tiêu đề] chính bằng chữ in đậm, cỡ lớn, trải rộng khắp màn hình. Màu chữ phải là màu nổi bật nhất, tương phản với nền, chẳng hạn như ""chuyển màu từ vàng sang trắng"" hoặc ""phát sáng neon"", với nhiều viền và đổ bóng để tạo hiệu ứng ba chiều.

4. [Dưới cùng]: Đặt hai ""Hộp lợi ích"" (hình chữ nhật) ở bên trái và bên phải. Đặt một dải ruy băng hoặc huy hiệu có nhãn ""Lợi ích 01"" và ""Lợi ích 02"" phía trên mỗi hộp. Viết [Nội dung lợi ích] bên trong các hộp.

5. [Trang trí]: Đặt một nhân vật dễ thương hoặc trí tuệ (người hoặc động vật) liên quan đến chủ đề ở cạnh trái hoặc phải của màn hình.

- Bảng màu: Độ bão hòa cao và màu sắc tràn đầy năng lượng dựa trên [Màu chủ đạo mong muốn].
- Nền: Nền đồ họa có chiều sâu, không phải màu đơn sắc, rải rác các biểu tượng liên quan đến chủ đề (ví dụ: SNS, tiền, biểu đồ).

# Dữ liệu đầu vào

- 【Màu chủ đạo】: {argument name=""main color"" default=""Hệ thống màu xanh""}
- 【Từ thành tựu/khẩn cấp】: {argument name=""achievement/urgency word"" default=""Đạt 100k trong 5 ngày tham gia!""}
- 【Slogan phụ】: {argument name=""sub-catchphrase"" default=""Không cần tạo sản phẩm! Không cần thành tích cũng OK! Chỉ trong 1 tháng""}
- 【Tiêu đề】: {argument name=""title"" default=""Khóa học chiến lược Threads × Tiếp thị liên kết""}
- 【Nội dung lợi ích 01】: {argument name=""benefit 01 content"" default=""10 ngày đăng bài bán hàng thực tế""}
- 【Nội dung lợi ích 02】: {argument name=""benefit 02 content"" default=""Bao gồm công cụ tạo tự động bằng AI""}

# Ràng buộc

- Hiển thị chính xác văn bản tiếng Nhật.
- Sử dụng phông chữ Gothic hoặc phông thiết kế dày, mạnh mẽ.
- Xuất ra với tỷ lệ khung hình 16:9.","[""https://cms-assets.youmind.com/media/1768319238633_so1f3r_G-SQYQjaoAATtF_.jpg""]","{""name"":""まみや@AIで1.7億"",""url"":""https://x.com/akihitomamiya""}",https://x.com/akihitomamiya/status/2010592584083849622,"Tương lai, Sản phẩm, Nhân vật, Động vật, Văn bản"
74,Hình thu nhỏ trên YouTube - Lời nhắc sửa lỗi và thay thế văn bản,"Một câu lệnh đơn giản cho Nano Banana Pro được dùng để sửa lỗi văn bản bị biến dạng (mojibake) trong một hình ảnh hiện có. Nó hướng dẫn AI sử dụng hình ảnh hiện có và thay thế văn bản không chính xác bằng các cụm từ tiếng Nhật cụ thể tại các vị trí được chỉ định (trên cùng bên trái, dưới cùng bên trái, trên cùng bên phải, dưới cùng bên phải).","Sử dụng hình ảnh nguyên trạng và sửa văn bản bị lỗi. Trên cùng bên trái: ""{argument name=""Top Left Text"" default=""Hôm nay tôi có một kiểu tóc dễ thương!""}"" Dưới cùng bên trái: ""{argument name=""Bottom Left Text"" default=""Ngày của Haruka Sakagawa""}"" Trên cùng bên phải: ""{argument name=""Top Right Text"" default=""Mahopyon đã yêu cầu điều này""}"" Dưới cùng bên phải: ""{argument name=""Bottom Right Text"" default=""Màu may mắn hôm nay là màu hồng""}""","[""https://cms-assets.youmind.com/media/1768143698104_7s6var_G-QhydHaMAAoape.jpg""]","{""name"":""ロホ"",""url"":""https://x.com/rojorojo46""}",https://x.com/rojorojo46/status/2009768492678139979,Văn bản
79,Truyện tranh / Bảng phân cảnh - Biến đổi Cyborg tinh tế trong tàu điện ngầm,"Một lời nhắc rất chi tiết để tạo ra một bức ảnh tĩnh điện ảnh siêu thực về một người phụ nữ trên chuyến tàu điện ngầm đang di chuyển, tập trung vào sự biến đổi cyborg tinh tế, giai đoạn đầu (mạch điện phát quang sinh học mờ nhạt, ánh kim cơ học trong một mắt) và một thẩm mỹ khoa học viễn tưởng căng thẳng, thực tế.","{
  ""type"": ""image_generation_prompt"",
  ""language"": ""Tiếng Việt"",
  ""style"": ""ảnh tĩnh điện ảnh siêu thực"",
  ""aspect_ratio"": ""16:9"",
  ""subject"": {
    ""gender"": ""nữ"",
    ""pose"": {
      ""position"": ""đứng một mình"",
      ""orientation"": ""ở giữa, đối diện máy ảnh"",
      ""posture"": ""tĩnh lặng, điềm tĩnh, hơi căng thẳng""
    },
    ""appearance"": {
      ""hood"": ""mặc áo khoác có mũ trùm đầu"",
      ""face"": {
        ""skin_texture"": ""da người chân thực, tự nhiên như ảnh chụp"",
        ""cyborg_transition"": {
          ""stage"": ""giai đoạn đầu"",
          ""details"": [
            ""mạch điện phát quang sinh học mờ nhạt hầu như không nhìn thấy dưới da"",
            ""ánh sáng dịu nhẹ dọc theo một bên má và bên cổ"",
            ""kín đáo và chân thực, không phóng đại""
          ],
          ""eyes"": {
            ""left_or_right_eye"": ""một bên mắt phản chiếu ánh sáng lạnh, cơ khí nhưng vẫn giữ phần lớn nét người""
          }
        }
      },
      ""expression"": ""trung tính nhưng mãnh liệt, đầy dự cảm, bình tĩnh với sự căng thẳng tiềm ẩn""
    }
  },
  ""environment"": {
    ""location"": ""bên trong một chuyến tàu điện ngầm đang di chuyển"",
    ""interior"": {
      ""walls"": ""kim loại chải xước"",
      ""poles"": ""cột thép thẳng đứng"",
      ""floor"": ""sàn công nghiệp cũ kỹ"",
      ""lighting"": ""đèn huỳnh quang mờ, nhấp nháy""
    },
    ""windows"": {
      ""outside_view"": ""hiệu ứng nhòe chuyển động cho thấy tốc độ và sự di chuyển""
    }
  },
  ""lighting"": {
    ""type"": ""ánh sáng điện ảnh tự nhiên"",
    ""contrast"": ""độ tương phản dịu"",
    ""mood"": ""lạnh lẽo, căng thẳng, kín đáo""
  },
  ""color_palette"": {
    ""primary_tones"": [""màu xanh lam bão hòa thấp"", ""màu xám lạnh""],
    ""saturation"": ""thấp, dịu""
  },
  ""camera"": {
    ""depth_of_field"": ""độ sâu trường ảnh nông"",
    ""focus"": ""sắc nét vào khuôn mặt và phần thân trên của người phụ nữ"",
    ""style"": ""ảnh tĩnh điện ảnh cao cấp""
  },
  ""atmosphere"": {
    ""mood"": ""căng thẳng, đầy dự cảm, trước khi biến đổi"",
    ""genre"": ""chủ nghĩa hiện thực khoa học viễn tưởng"",
    ""aesthetic"": ""thực tế, tinh tế, chân thực""
  },
  ""quality"": {
    ""realism"": ""chân thực như ảnh chụp"",
    ""detail_level"": ""cao"",
    ""skin_detail"": ""lỗ chân lông và kết cấu tự nhiên có thể nhìn thấy""
  },
  ""constraints"": [
    ""Không có yếu tố khoa học viễn tưởng phóng đại"",
    ""Không có ánh sáng huyền ảo hoặc hiệu ứng neon"",
    ""Không có phong cách hoạt hình hoặc minh họa"",
    ""Không có ánh sáng quá chói"",
    ""Các yếu tố cyborg phải giữ sự tinh tế và chân thực""
  ],
  ""output_goal"": ""Tạo một hình ảnh điện ảnh chân thực như ảnh chụp về một người phụ nữ đứng một mình bên trong một chuyến tàu điện ngầm đang di chuyển, ghi lại sự biến đổi cyborg giai đoạn đầu tinh tế với tâm trạng căng thẳng, đầy dự cảm và chủ nghĩa hiện thực khoa học viễn tưởng thực tế.""
}","[""https://cms-assets.youmind.com/media/1768890648607_yjt9k8_G_AIfUMXwAE1ZOC.jpg""]","{""name"":""𝗦𝗮𝗻𝗶𝗮"",""url"":""https://x.com/saniaspeaks_""}",https://x.com/saniaspeaks_/status/2013118390630744196,"Chân dung, Nhiếp ảnh, Điện ảnh, Minh họa, Anime, Tương lai, Nội thất, Nhân vật, Văn bản, UI/UX"
85,Truyện tranh / Bảng phân cảnh - Mô hình LEGO Diorama thu nhỏ bối cảnh phim kinh dị 'The Nun',"Một lời nhắc JSON sáng tạo để tạo cảnh mô hình LEGO thu nhỏ mô tả phim trường của bộ phim kinh dị 'The Nun'. Nó bao gồm các mô tả chi tiết về nội thất đá Gothic, nhân vật nữ tu LEGO và nhiều thành viên đoàn làm phim LEGO minifigure (người quay phim, người cầm micro boom, đạo diễn) tương tác với thiết bị làm phim, tất cả được thể hiện bằng ánh sáng điện ảnh kịch tính, độ tương phản cao.","{
  ""scene_overview"": {
    ""setting"": ""Nội thất đá kiểu Gothic giống bối cảnh nhà thờ hoặc thánh đường"",
    ""environment_style"": ""Mô hình LEGO thu nhỏ"",
    ""location_type"": ""Trường quay / sản xuất phim hậu trường"",
    ""time_of_day"": ""Trong nhà, ánh sáng được kiểm soát (tâm trạng đêm điện ảnh)"",
    ""atmosphere"": ""Điện ảnh, kỳ quái, sân khấu, được kiểm soát"",
    ""mood"": ""Hài hước đen tối, ma quái, vui tươi, sáng tạo"",
    ""genre_influence"": [""Kinh dị"", ""Làm phim hậu trường"", ""Kỳ ảo""]
  },

  ""primary_subject"": {
    ""type"": ""Nhân vật LEGO minifigure"",
    ""role"": ""Nữ tu / nhân vật kinh dị"",
    ""appearance"": {
      ""outfit"": ""Áo nữ tu đen với cổ áo trắng"",
      ""face"": ""Mặt trắng bệch, mắt trũng đen, biểu cảm kỳ quái"",
      ""accessories"": ""Dây chuyền thánh giá"",
      ""pose"": ""Đứng yên, đối diện về phía trước""
    },
    ""positioning"": {
      ""location"": ""Nằm ở trung tâm trong một vòm đá lớn"",
      ""background"": ""Hốc hoặc buồng được chiếu sáng màu xanh lam rực rỡ""
    }
  },

  ""supporting_characters"": {
    ""crew_members"": [
      {
        ""role"": ""Người quay phim"",
        ""object_interaction"": ""Vận hành một máy quay phim LEGO lớn"",
        ""position"": ""Phía trước bên trái, ngồi trên xe đẩy máy quay""
      },
      {
        ""role"": ""Người điều khiển micro boom"",
        ""object_interaction"": ""Giữ micro boom hướng về phía chủ thể"",
        ""position"": ""Phía trên bên trái tiền cảnh""
      },
      {
        ""role"": ""Kỹ thuật viên ánh sáng"",
        ""object_interaction"": ""Giữ một tấm phản sáng hình chữ nhật"",
        ""position"": ""Bên phải, đặt trên giá đỡ""
      },
      {
        ""role"": ""Người điều khiển bảng vỗ"",
        ""object_interaction"": ""Giữ một bảng vỗ"",
        ""position"": ""Phía trước trung tâm bên phải""
      },
      {
        ""role"": ""Đạo diễn / Giám sát kịch bản"",
        ""object_interaction"": ""Giữ bảng kẹp và giấy tờ"",
        ""position"": ""Phía dưới bên phải tiền cảnh""
      }
    ],
    ""style"": ""Tất cả các nhân vật đều là LEGO minifigure với tông màu da vàng và nhiều kiểu tóc khác nhau""
  },

  ""props_and_equipment"": {
    ""film_equipment"": [
      ""Máy quay phim LEGO"",
      ""Xe đẩy máy quay trên đường ray"",
      ""Micro boom có kính chắn gió lông"",
      ""Tấm phản sáng"",
      ""Bảng vỗ"",
      ""Màn hình hiển thị nhân vật nữ tu"",
      ""Dây cáp cuộn trên sàn""
    ],
    ""architectural_elements"": [
      ""Tường gạch đá"",
      ""Cửa vòm lớn"",
      ""Hốc tường lõm"",
      ""Sàn đá lát gạch""
    ]
  },
  ""lighting"": {
    ""primary_light"": ""Ánh sáng xanh lục lam mạnh từ phía sau nữ tu"",
    ""secondary_lighting"": ""Ánh sáng studio trung tính ấm áp trên đoàn làm phim và tiền cảnh"",
    ""contrast"": ""Độ tương phản cao giữa nền xanh lạnh và tông màu tiền cảnh ấm áp"",
    ""style"": ""Ánh sáng điện ảnh, kịch tính, lấy cảm hứng kinh dị""
  },

  ""color_palette"": {
    ""dominant_colors"": [""Xám đậm"", ""Đen"", ""Xanh lục lam""],
    ""accent_colors"": [""Vàng ấm (""
  }
}","[""https://cms-assets.youmind.com/media/1768631179842_bt4bpk_G-wvqjobQAIEqnQ.jpg""]","{""name"":""Chandan Singh"",""url"":""https://x.com/cbsingh_oo3""}",https://x.com/cbsingh_oo3/status/2012035545812385829,"Chân dung, Điện ảnh, Nội thất, Nhân vật, Xe cộ, Thời trang, Văn bản, UI/UX, Meme"
87,Truyện tranh / Bảng phân cảnh - Bảng phân cảnh ba bức về cặp đôi điện ảnh siêu chân thực,"Một lời nhắc JSON bị ràng buộc cao được thiết kế để tạo ra một bức tranh bộ ba (ba tấm dọc) về một cặp đôi trên xích đu, yêu cầu khóa nhận dạng nghiêm ngặt cho cả hai đối tượng và khóa bố cục chính xác dựa trên hình ảnh tham chiếu. Lời nhắc chỉ định kết xuất siêu chân thực, ánh sáng điện ảnh (ống kính 28mm, f/2.8) và các ràng buộc chi tiết để đảm bảo hành động (treo ngược, đẩy) và khuôn mặt được bảo toàn hoàn hảo trên cả ba tấm.","{
  ""generation_request"": {
    ""meta_data"": {
      ""tool"": ""NanoBanana Pro"",
      ""task_type"": ""photoreal_cinematic_couple_triptych_storyboard"",
      ""version"": ""v1.1_SWING_SET_TRIPTYCH_PLAYFUL_UPSIDE_DOWN_ULTRA_REAL"",
      ""priority"": ""highest""
    },
    ""references"": {
      ""female_reference_image"": {
        ""slot"": 1,
        ""purpose"": ""FEMALE_IDENTITY_LOCK"",
        ""strict_identity_lock"": true,
        ""face_similarity_priority"": ""MAX"",
        ""no_identity_blending"": true,
        ""preserve_age_gender"": true,
        ""preserve_skin_texture"": true,
        ""preserve_facial_proportions"": true,
        ""no_beautify"": true,
        ""no_makeup_invention"": true
      },
      ""male_reference_image"": {
        ""slot"": 2,
        ""purpose"": ""MALE_IDENTITY_LOCK"",
        ""strict_identity_lock"": true,
        ""face_similarity_priority"": ""MAX"",
        ""no_identity_blending"": true,
        ""preserve_age_gender"": true,
        ""preserve_skin_texture"": true,
        ""preserve_facial_proportions"": true,
        ""no_beautify"": true,
        ""no_makeup_invention"": true
      },
      ""composition_reference_image"": {
        ""source"": ""UPLOAD_REFERENCE_IMAGE (REQUIRED_FOR_LAYOUT_LOCK)"",
        ""purpose"": ""EXACT_TRIPTYCH_LAYOUT_COMPOSITION_ACTION_LOCK"",
        ""strict_lock"": true,
        ""no_layout_drift"": true,
        ""preserve_framing"": true,
        ""preserve_pose_logic"": true,
        ""preserve_panel_spacing"": true
      }
    },
    ""output_settings"": {
      ""aspect_ratio"": ""4:5"",
      ""orientation"": ""portrait"",
      ""resolution"": ""ultra_high_res"",
      ""render_style"": ""true_photoreal_cinematic_lifestyle"",
      ""sharpness"": ""natural_camera_sharpness_not_ai"",
      ""film_grain"": ""subtle_35mm_analog"",
      ""color_grade"": ""natural_warm_film_neutral_skin"",
      ""dynamic_range"": ""natural_not_hdr"",
      ""skin_rendering"": ""real_microtexture_pores_peachfuzz_no_plastic"",
      ""compression_artifacts"": ""none""
    },
    ""hard_constraints"": [
      ""Chỉ có đúng 2 người (một nữ, một nam)."",
      ""Khuôn mặt phải khớp với các ảnh tham chiếu đã tải lên với độ tương đồng tối đa (không lệch nhận dạng)."",
      ""Bố cục triptych: BA bảng ngang xếp chồng theo chiều dọc trong một ảnh 4:5, chính xác như ảnh tham chiếu bố cục."",
      ""Bối cảnh là bộ xích đu sân chơi ngoài trời, các hành động giống như tham chiếu: treo ngược người vui đùa + đẩy + vươn tay về phía máy ảnh."",
      ""Khuôn mặt phải hiển thị rõ ràng và dễ nhận biết trong TẤT CẢ BA bảng (không có tóc che kín mặt, không quá mờ)."",
      ""Giải phẫu học siêu thực; tay/ngón tay chính xác; nếp gấp quần áo và trọng lực thực tế."",
      ""Hình học của bộ xích đu phải chính xác về mặt vật lý (khung kim loại thẳng, mắt xích đúng, không bị biến dạng)."",
      ""Không có chữ, không có logo, không có hình mờ.""
    ],
    ""camera"": {
      ""style"": ""real_cinematic_lifestyle_photo"",
      ""lens"": ""28mm_full_frame"",
      ""distortion"": ""realistic_28mm_mild_edge_distortion_controlled"",
      ""aperture"": ""f/2.8""
    }
  }
}","[""https://cms-assets.youmind.com/media/1768468569920_isda2w_G-pfFU6bQAIiBBT.jpg""]","{""name"":""Özge Döner"",""url"":""https://x.com/astronomerozge1""}",https://x.com/astronomerozge1/status/2011524755480809767,"Chân dung, Nhóm người, Nhiếp ảnh, Điện ảnh, 3D, Nhân vật, Văn bản, Logo, UI/UX"
89,Truyện tranh / Bảng phân cảnh - Người khổng lồ Urban Fantasy Taylor Swift với Giàn giáo,"Một câu lệnh phức tạp, siêu thực để tạo ra một hình ảnh điện ảnh, siêu thực về một Taylor Swift khổng lồ đứng trên đường phố, được bao quanh bởi giàn giáo xây dựng và những công nhân xây dựng tí hon, nhấn mạnh quy mô và tính thẩm mỹ của thể loại giả tưởng đô thị.","""Một người phụ nữ khổng lồ đứng trên đường phố, trông như đang 'trong quá trình xây dựng' với giàn giáo bao quanh cơ thể cô ấy."",
      ""thẩm mỹ"": ""Tổng hợp siêu thực, điện ảnh, kỳ ảo đô thị.""
    },
    ""chi tiết chủ thể"": {
      ""giống người nổi tiếng"": ""{argument name=""tên người nổi tiếng"" default=""Taylor Swift""}."",
      ""đặc điểm"": {
        ""khuôn mặt"": ""Mắt xanh, son môi đỏ đặc trưng, cấu trúc khuôn mặt rõ nét."",
        ""tóc"": ""Màu vàng óng, dài, gợn sóng buông xõa qua vai.""
      },
      ""trang phục"": {
        ""váy"": ""Váy slip đen satin với cổ chữ V sâu và đường xẻ cao ở đùi phải."",
        ""phụ kiện"": ""Cầm một cốc cà phê dùng một lần màu trắng tiêu chuẩn ở tay phải. Mang một túi xách da màu nâu sang trọng ở tay trái."",
        ""giày dép"": ""Chân trần hoặc giày cao gót (bị che khuất bởi mảnh vụn/vết nứt trên đường).""
      }
    },
    ""yếu tố siêu thực"": {
      ""giàn giáo"": ""Cấu trúc giàn giáo kim loại phức tạp được xây dựng xung quanh cánh tay, thân và chân cô ấy, theo đường nét cơ thể."",
      ""tiểu cảnh"": ""Những công nhân xây dựng nhỏ xíu đội mũ bảo hiểm màu vàng và áo phản quang đang leo giàn giáo trên cơ thể cô ấy."",
      ""phá hủy"": ""Mặt đường nhựa dưới chân cô ấy đang nứt và vỡ vụn dưới sức nặng khổng lồ, tạo thành hình miệng hố.""
    },
    ""tư thế chính xác về giải phẫu"": {
      ""tư thế"": ""Đứng thẳng với một chút contrapposto (trọng lượng dồn về một bên hông)."",
      ""hướng"": ""Hướng về phía trước, cao chót vót so với người xem/thành phố."",
      ""cánh tay phải"": ""Gập ở khuỷu tay, giơ lên để giữ cốc cà phê ngang ngực."",
      ""cánh tay trái"": ""Duỗi xuống giữ túi xách."",
      ""ánh mắt"": ""Nhìn thẳng, giao tiếp bằng mắt bình tĩnh với máy ảnh."",
      ""tỷ lệ"": ""Chủ thể dường như cao khoảng 50 tầng, tương đương chiều cao của các tòa nhà chọc trời xung quanh.""
    },
    ""môi trường"": {
      ""vị trí"": ""Đại lộ ở một đô thị lớn (giống Chicago hoặc NYC)."",
      ""yếu tố"": ""Các tòa nhà chọc trời ở hai bên, giao thông đông đúc với những chiếc taxi và xe buýt màu vàng nhỏ xíu ở phía dưới."",
      ""góc nhìn"": ""Góc nhìn từ trên cao so với thành phố, nhưng ngang tầm mắt so với chủ thể.""
    },
    ""giá trị kỹ thuật máy ảnh"": {
      ""ống kính"": ""35mm (Góc rộng để thu trọn quy mô của chủ thể so với đường chân trời)."",
      ""khẩu độ"": ""f/11 (Độ sâu trường ảnh lớn để giữ cho cả chủ thể khổng lồ và nền thành phố tương đối sắc nét)."",
      ""tốc độ màn trập"": ""1/500s."",
      ""iso"": ""ISO 100."",
      ""độ phân giải"": ""8k, kết cấu độ trung thực cao.""
    },
    ""thiết lập ánh sáng"": {
      ""nguồn"": ""Ánh sáng ban ngày tự nhiên."",
      ""chất lượng"": ""Ánh sáng mặt trời dịu, khuếch tán (hơi nhiều mây)."",
      ""hướng"": ""Từ trên cao/Phía trước."",
      ""bóng"": ""Chủ thể đổ một cái bóng khổng lồ, dài xuống các con phố bên dưới.""","[""https://cms-assets.youmind.com/media/1768466924976_rfpiz3_G-jDv1kbQAM7fh2.jpg""]","{""name"":""Iqra Saifi"",""url"":""https://x.com/IqraSaifiii""}",https://x.com/IqraSaifiii/status/2011072648303018074,"Nhiếp ảnh, Điện ảnh, Xe cộ, Thành phố, Văn bản, UI/UX"
92,Truyện tranh / Bảng phân cảnh - Lời nhắc hệ thống Gemini để tạo Manga 10 trang trong Nano Banana Pro,"Một mẫu lời nhắc hệ thống chi tiết được thiết kế cho Gemini để hoạt động như một nhà văn truyện tranh chuyên nghiệp và giám đốc nghệ thuật AI. Nó hướng dẫn Gemini tạo ra một chuỗi lời nhắc tạo truyện tranh dài 10 trang được tối ưu hóa đặc biệt cho Nano Banana Pro, đảm bảo tính nhất quán về nhân vật và phong cách, hiển thị văn bản bằng tiếng Nhật và bố cục bảng điều khiển cụ thể.","Bạn là một ""người viết truyện tranh chuyên nghiệp"" và ""Giám đốc nghệ thuật AI"". Dựa trên [Hình ảnh nhân vật] và [Chủ đề] tôi cung cấp, vui lòng tạo một **chuỗi prompt tạo truyện tranh 10 trang có thể sử dụng trực tiếp với NanoBananaPro (AI tạo hình ảnh hiệu suất cao)**.

## Yêu cầu sản xuất (Tối ưu hóa kết hợp NanoBananaPro)
1. **Định dạng đầu ra**:
   - Xuất mỗi trang dưới định dạng `Code Block` dễ sao chép và dán.
   - **Quy định ngôn ngữ (Chiến lược kết hợp)**:
     - **Mô tả hình ảnh (Visuals)**: Các thông số kỹ thuật về nhân vật, nền và phong cách nghệ thuật phải bằng **""tiếng Anh""** để duy trì tính nhất quán.
     - **Hiển thị văn bản**: Lời thoại và hiệu ứng âm thanh trong bong bóng lời thoại phải được chỉ định bằng **""tiếng Nhật""**.
     - **Tỷ lệ khung hình**: Mỗi trang phải được cấu trúc giả định tỷ lệ khung hình `Dọc 9:16`.

2. **Sử dụng các tính năng cụ thể của NanoBananaPro**:
   - **Hiển thị văn bản**:
     - Mô hình này có thể hiển thị chính xác văn bản tiếng Nhật trong hình ảnh.
     - Mô tả lời thoại tiếng Nhật bằng cách viết `Text: ""[Lời thoại tiếng Nhật]""` trong Prompt.
     - **Hiểu ngữ cảnh**:
     - Mô tả tình huống bằng tiếng Anh gần với ngôn ngữ tự nhiên, không chỉ là một danh sách các từ.

3. **Cấu trúc và định hướng câu chuyện**:
   - **Xác định tiêu đề**: Đưa ra một ""tiêu đề có ý nghĩa cao"" phản ánh chủ đề, truyền tải nội dung trong nháy mắt và thu hút sự chú ý.
     - **Vị trí logo tiêu đề**:
     - Tạo một ""Bảng tiêu đề"" nơi logo tiêu đề được đặt nổi bật trên **Trang 1 hoặc Trang 2**.
     - **Hướng dẫn hiển thị**: Bao gồm các hướng dẫn để hiển thị văn bản tiêu đề dưới dạng ""kiểu chữ trang trí"" trong hình ảnh.
     - **Cấu trúc ""Thiết lập và Điểm nhấn""**:
     - **Trang 1 (Móc câu)**: Bao gồm một ""thiết lập mạnh mẽ (bí ẩn, sốc, đồng cảm)"" thu hút mạnh mẽ sự quan tâm của người đọc.
     - **Trang 10 (Điểm nhấn)**: Phần kết luận, hoặc một tình tiết gay cấn dẫn đến phần tiếp theo.

4. **Quy tắc mô tả trang (Thực thi nghiêm ngặt)**:
   Prompt phải luôn bao gồm các phần sau.
   
   - **Tiêu đề**: `【IMAGE_GEN_ONLY】: Generate a high-resolution professional Japanese manga page. Full Color. Vertical 9:16. 4K.`
   
   - **【STRICT CHARACTER CONSISTENCY (English)】**:
     - **Quan trọng**: **""Mô tả ngoại hình nhân vật (tiếng Anh)""** được tạo ra bằng cách phân tích hình ảnh ban đầu phải được viết trong prompt cho **tất cả các trang**, không thay đổi một từ nào.
     - **Nghiêm cấm**: ""Bỏ qua"" hoặc ""Như trên"" bị **nghiêm cấm**. Toàn bộ định nghĩa phải được viết ra mỗi lần.
     - Ví dụ: `Black bob cut hair, red ribbon, golden eyes, wearing a futuristic cyberpunk school uniform.`
   
   - **【STRICT STYLE CONSISTENCY (English)】**:
     - **Phân tích và cố định phong cách**: Phân tích hình ảnh đầu vào và xác định các đặc điểm của nó (Đường nét, Màu sắc, Ánh sáng) dưới dạng một prompt tiếng Anh chi tiết.
     - **Nghiêm cấm**: Điều này cũng bị **cấm** ""bỏ qua"". Xuất toàn bộ văn bản mỗi lần.
     - Ví dụ: `Thick confident outlines, cel shading with soft gradients, vibrant high-saturation colors, dramatic lighting, anime screentones.`

   - **【PANEL LAYOUT & VISUALS (English + Japanese Text)】**:
     - **Bố cục khung hình**: **Luôn đặt 4 đến 8 khung hình** mỗi trang. (Cấm 3 khung hình trở xuống)
     - **Mô tả nội dung**:
       - `Panel 1 (Top-Right):`
       - `Visual: [Mô tả hành động/góc nhìn bằng tiếng Anh]`
       - `Text: ""[Lời thoại tiếng Nhật trong bong bóng]""`

   - **【PAGE NUMBERING】**:
     - Hướng dẫn hiển thị số trang (ví dụ: ""1"") nhỏ ở góc dưới bên phải.

## Ví dụ mẫu đầu ra

### Trang X

【IMAGE_GEN_ONLY】: Generate a high-resolution professional Japanese manga page. Full Color. Vertical 9:16. --ar 9:16

# STRICT CHARACTER CONSISTENCY (DO NOT CHANGE)
[Dán Mô tả chính xác nhân vật bằng tiếng Anh vào đây... KHÔNG VIẾT TẮT]

# STRICT STYLE CONSISTENCY (DO NOT CHANGE)
[Dán Mô tả chính xác phong cách bằng tiếng Anh vào đây... KHÔNG VIẾT TẮT]

# PAGE NUMBER
Small clear text ""X"" in the bottom-right corner.

# PANEL LAYOUT & VISUALS (Target: 5-8 Panels, Top-Right to Bottom-Left)

## Panel 1 (Top-Right):
- Visual: [English description of the scene and action]
- Text: ""[Japanese Dialogue]""","[""https://cms-assets.youmind.com/media/1768319218713_3ak8ru_G-cuRjib0AAQ6Tn.jpg""]","{""name"":""かし子🍩"",""url"":""https://x.com/Kashiko_AIart""}",https://x.com/Kashiko_AIart/status/2010636586137100687,"Điện ảnh, Anime, Cổ điển, Tương lai, Nhân vật, Văn bản, Logo, UI/UX"
95,Tiếp thị sản phẩm - Lời nhắc: Thần tượng chân thực như ảnh trong bộ đồ bơi màu xanh navy,"Một lời nhắc tạo ảnh chân thực chi tiết cho Nano Banana Pro, tập trung vào một nữ thần tượng châu Á tuyệt đẹp trong bộ đồ bơi thi đấu màu xanh navy bó sát với các phụ kiện cụ thể và bối cảnh tối giản. Lời nhắc được cấu trúc theo định dạng JSON, cho phép dễ dàng sửa đổi các yếu tố như logo văn bản trên trang phục.","{
  ""prompt_data"": {
    ""subject"": {
      ""basics"": ""1 cô gái, một mình"",
      ""demographics"": ""Nữ thần tượng châu Á tuổi 20 tuyệt đẹp"",
      ""hair"": ""Tóc đen thẳng rất dài với mái bằng"",
      ""eyes"": ""Đôi mắt xanh nhạt sắc sảo"",
      ""skin"": ""Làn da trắng sứ không tì vết"",
      ""expression"": ""Biểu cảm dễ thương nhưng quyến rũ nhìn vào người xem""
    },
    ""attire"": {
      ""main_outfit"": {
        ""item"": ""Áo bơi thi đấu màu xanh navy bó sát"",
        ""details"": [
          ""Viền trắng tương phản trên dây áo và hai bên"",
          ""Cắt xẻ đùi cao, khoe chân dài"",
          ""Chất liệu vải bóng ướt""
        ],
        ""branding"": ""Logo chữ '{argument name=\""logo text\"" default=\""BeautyVerse\""}' màu trắng in đậm ở vùng ngực""
      },
      ""legwear"": [
        ""Vớ đùi màu đen xuyên thấu"",
        ""Dây nịt tất ren tối màu""
      ]
    },
    ""accessories"": {
      ""style"": ""Phụ kiện vàng sang trọng"",
      ""items"": [
        ""Đồng hồ vàng mỏng"",
        ""Dây chuyền vàng mảnh với mặt dây chuyền đá ruby"",
        ""Bông tai dây vàng dài""
      ]
    },
    ""pose_and_action"": {
      ""posture"": ""Ngồi thoải mái, đầu gối co lên"",
      ""interaction"": ""Tựa vào bức tường bê tông màu xám hiện đại""
    },
    ""environment"": {
      ""setting"": ""Nội thất phòng đơn giản, tối giản màu xám"",
      ""background_elements"": ""Tường bê tông màu xám hiện đại""
    },
    ""style_and_technical"": [
      ""Bóng đổ tinh tế"",
      ""Ánh sáng mềm mại kiểu điện ảnh"",
      ""Khuôn mặt và đôi mắt cực kỳ chi tiết"",
      ""Chất liệu chân thực"",
      ""Siêu thực"",
      ""Lấy nét sắc nét"",
      ""8k"",
      ""3:4""
    ]
  }
}","[""https://cms-assets.youmind.com/media/1768890712914_k5bpoq_G_Eft4VXUAADwdX.jpg""]","{""name"":""BeautyVerse"",""url"":""https://x.com/BeautyVerse_Lab""}",https://x.com/BeautyVerse_Lab/status/2013425391806095403,"Điện ảnh, Tối giản, Sản phẩm, Nội thất, Xe cộ, Thời trang, Văn bản, Logo"
97,Tiếp thị sản phẩm - Nụ hôn trong hiệu sách siêu thực như phim điện ảnh với hiệu ứng Motion Blur,"Một lời nhắc có cấu trúc cao được thiết kế để tạo ra một bức ảnh tĩnh siêu chân thực, tự nhiên như chụp từ một bộ phim điện ảnh về một cặp đôi đang hôn nhau nồng nàn trong lối đi ấm cúng của một hiệu sách. Nó nhấn mạnh những khuyết điểm tự nhiên, ánh sáng vàng hổ phách ấm áp, độ sâu trường ảnh nông và một chút mờ chuyển động để nắm bắt sự ngẫu hứng của khoảnh khắc, đồng thời tuân thủ nghiêm ngặt các giới hạn PG-13.","{
  ""generation_request"": {
    ""meta_data"": {
      ""tool"": ""NanoBanana Pro"",
      ""task_type"": ""photoreal_intimate_romance"",
      ""version"": ""v1.0_COZY_BOOKSTORE_AISLE_KISS_MOTIONBLUR_EN"",
      ""priority"": ""highest"",
      ""language"": ""vi""
    },
    ""references"": {
      ""reference_image_couple"": {
        ""source"": ""UPLOAD_REFERENCE_IMAGE (TÙY CHỌN)"",
        ""purpose"": ""POSE_MOOD_STYLE_ANCHOR"",
        ""strict_lock"": false,
        ""preserve_mood"": true
      }
    },
    ""global_constraints"": {
      ""rating"": ""PG-13"",
      ""no_explicit_sexual_content"": true,
      ""no_text"": true,
      ""no_logos"": true,
      ""no_watermark"": true
    },
    ""output_settings"": {
      ""aspect_ratio"": ""3:4"",
      ""orientation"": ""portrait"",
      ""resolution_target"": ""ultra_high_res"",
      ""render_style"": ""ultra_photoreal_cinematic_film_still"",
      ""sharpness"": ""soft_focus_cinematic"",
      ""film_grain"": ""subtle_35mm"",
      ""color_grade"": ""warm_amber_lowlight"",
      ""dynamic_range"": ""natural_not_hdr"",
      ""skin_rendering"": ""real_texture_no_retouch""
    },
    ""global_rules"": {
      ""camera_language"": ""ống kính 50mm, cận cảnh trung bình, cảm giác cầm tay, độ sâu trường ảnh nông, sách phía trước bị mờ, hiệu ứng nhòe chuyển động nhẹ như một khoảnh khắc tự nhiên"",
      ""lighting_language"": ""ánh sáng tungsten ấm áp + phản xạ mềm, không khí ấm cúng của hiệu sách, giảm sáng nhẹ nhàng, không có đèn flash gắt"",
      ""authenticity_markers"": ""khiếm khuyết tự nhiên, hạt nhiễu nhẹ, hiệu ứng bokeh chân thực, không có ánh sáng AI, không có HDR""
    },
    ""creative_prompt"": {
      ""scene_summary"": ""Một khoảnh khắc điện ảnh chân thực, siêu thực tế về một cặp đôi đang hôn nhau trong lối đi hẹp của một hiệu sách/thư viện. Sách lấp đầy các kệ phía sau họ; những chồng sách ở phía trước tạo chiều sâu. Cảnh quay mang lại cảm giác riêng tư, tự nhiên và ấm áp, với tính thẩm mỹ nhòe chuyển động mềm mại như được quay bằng tay."",
      ""subjects"": {
        ""count"": 2,
        ""description"": ""một cặp đôi thật, tỷ lệ cơ thể tự nhiên, kết cấu da chân thực"",
        ""expression"": ""thân mật và vui vẻ, đắm chìm trong khoảnh khắc"",
        ""skin_and_face"": ""kết cấu da thật, trang điểm tối thiểu, không chỉnh sửa""
      },
      ""pose_and_micro_action"": ""Người đàn ông kéo người phụ nữ lại gần bằng eo; người phụ nữ vòng tay quanh cổ anh. Khuôn mặt của họ bị che khuất một phần bởi nụ hôn, được ghi lại giữa chuyển động để tạo hiệu ứng nhòe tự nhiên."",
      ""wardrobe_and_style"": {
        ""female"": ""váy hoặc áo ôm đơn giản với {argument name=\""female wardrobe color\"" default=\""tông màu trung tính\""}, tóc mềm tự nhiên"",
        ""male"": ""áo sơ mi cài cúc hoặc áo len dệt kim thông thường, tông màu trung tính"",
        ""no_logos"": ""không có thương hiệu dễ thấy""
      },
      ""environment_details"": {
        ""location"": ""lối đi của hiệu sách/thư viện cũ ấm cúng"",
        ""background"": ""những kệ sách cao chất đầy sách, tông màu gỗ ấm áp"",
        ""foreground"": ""sách và gáy sách bị mờ, gần ống kính để tạo chiều sâu"",
        ""props"": ""sách xếp chồng trên một xe đẩy nhỏ hoặc mép kệ""
      },
      ""lighting"": ""ánh sáng thực tế màu hổ phách ấm áp, bóng mềm, điểm nhấn nhẹ nhàng trên tóc và xương gò má"",
      ""composition"": """"
    }
  }
}","[""https://cms-assets.youmind.com/media/1768890673086_xe89r2_G_DTY-kW0AAX35W.jpg""]","{""name"":""Özge Döner"",""url"":""https://x.com/astronomerozge1""}",https://x.com/astronomerozge1/status/2013341511480496169,"Chân dung, Nhóm người, Nhiếp ảnh, Điện ảnh, 3D, Sản phẩm, Nhân vật, Xe cộ, Thành phố, Văn bản, Logo, UI/UX"
100,Tiếp thị sản phẩm - Cảnh Đời Thường Cặp Đôi Đeo Khẩu Trang Chụp Tự Nhiên,"Một JSON prompt cực kỳ chi tiết để tạo ra một cảnh sinh hoạt đời thường chân thực đến siêu thực, tự nhiên về một cặp đôi trẻ đang đùa nghịch đắp mặt nạ màu xanh cho nhau trong một phòng tắm hiện đại, ấm cúng. Nó chỉ định tư thế, trang phục của các nhân vật (áo crop top màu đỏ, áo phông màu đen) và nhấn mạnh kết cấu da chân thực, bóng đổ tự nhiên và các ràng buộc giải phẫu chính xác.","{
  ""generation_request"": {
    ""meta_data"": {
      ""task_type"": ""photoreal_intimate_home_couple_playful_face_mask"",
      ""version"": ""v1.0_BATHROOM_COUPLE_RED_CROP_PAJAMA_NO_TEXT_EN"",
      ""priority"": ""highest"",
      ""language"": ""en""
    },
    ""output_settings"": {
      ""aspect_ratio"": ""4:5"",
      ""orientation"": ""portrait"",
      ""resolution_target"": ""ultra_high_res"",
      ""render_style"": ""ultra_photoreal_candid_lifestyle"",
      ""sharpness"": ""crisp_but_natural"",
      ""film_grain"": ""subtle"",
      ""color_grade"": ""warm_cozy_indoor_tones"",
      ""dynamic_range"": ""natural_not_hdr"",
      ""skin_rendering"": ""real_texture_no_retouch"",
      ""no_text"": true,
      ""no_logos"": true,
      ""no_watermarks"": true,
      ""no_ui"": true
    },
    ""creative_prompt"": {
      ""scene_summary"": ""Cảnh sinh hoạt đời thường chân thực, siêu thực trong phòng tắm ấm cúng tại nhà. Một cặp đôi trẻ đang đắp mặt nạ màu xanh cho nhau một cách vui đùa, mỉm cười và cười đùa. Người phụ nữ ngồi thoải mái trên bồn rửa mặt trong khi người đàn ông đứng gần trước mặt cô ấy. Khoảnh khắc thân mật, vui tươi, không mang tính tình dục trong gia đình. Không có chữ."",
      ""environment"": {
        ""location"": ""phòng tắm nhỏ hiện đại"",
        ""details"": ""bồn rửa mặt, mặt bàn, mép gương, ánh sáng trong nhà ấm áp"",
        ""lighting"": ""ánh sáng gia đình ấm áp dịu nhẹ, bóng đổ tự nhiên""
      },
      ""subjects"": {
        ""female_adult"": {
          ""wardrobe"": {
            ""top"": ""áo croptop hai dây màu đỏ"",
            ""bottom"": ""quần ngủ màu đỏ cùng bộ""
          },
          ""pose"": ""ngồi trên bồn rửa mặt, một chân hơi gập, tư thế thư giãn"",
          ""expression"": ""mỉm cười, vui tươi"",
          ""action"": ""nhẹ nhàng chạm vào mặt người đàn ông khi đắp mặt nạ""
        },
        ""male_adult"": {
          ""wardrobe"": {
            ""top"": ""áo phông đen"",
            ""bottom"": ""quần ngủ đen""
          },
          ""pose"": ""đứng gần bồn rửa mặt, hơi cúi người về phía trước"",
          ""expression"": ""mỉm cười, thích thú"",
          ""action"": ""để người phụ nữ đắp mặt nạ, ngôn ngữ cơ thể thư giãn""
        }
      },
      ""details_and_props"": {
        ""face_mask"": ""mặt nạ đất sét hoặc gel màu xanh đã được đắp một phần lên cả hai khuôn mặt"",
        ""interaction"": ""đặt tay tự nhiên, chạm nhẹ nhàng, điểm tiếp xúc chân thực""
      },
      ""anatomy_constraints"": {
        ""priority"": ""maximum"",
        ""requirements"": [
          ""tỷ lệ và đối xứng khuôn mặt tự nhiên"",
          ""bàn tay chính xác với năm ngón, khớp ngón tay chính xác"",
          ""không có chi bị biến dạng hoặc cổ tay bị xoắn"",
          ""tư thế ngồi và đứng chân thực"",
          ""không có bộ phận cơ thể lơ lửng""
        ]
      },
      ""camera_and_style_notes"": {
        ""shot_type"": ""cảnh cận trung thực"",
        ""camera_angle"": ""ngang tầm mắt hoặc hơi nghiêng"",
        ""lens_look"": ""góc nhìn đời thường 35mm-50mm"",
        ""mood"": ""khoảnh khắc gia đình thân mật, ấm cúng, vui tươi""
      }
    },
    ""negative_prompt"": [
      ""text"",
      ""letters"",
      ""w""
    ]
  }
}","[""https://cms-assets.youmind.com/media/1768890668009_r7ibtg_G_DAN3pWUAEn6zr.jpg""]","{""name"":""Özge Döner"",""url"":""https://x.com/astronomerozge1""}",https://x.com/astronomerozge1/status/2013320441406935172,"Chân dung, Nhóm người, Nhiếp ảnh, Điện ảnh, 3D, Sản phẩm, Nội thất, Nhân vật, Văn bản, Logo, UI/UX"
101,Tiếp thị sản phẩm - Gợi ý chụp ảnh chân dung trong nội thất xe hơi sang trọng với đèn flash,"Một lời nhắc JSON để tạo ra một bức chân dung theo phong cách người có ảnh hưởng, siêu thực của một người phụ nữ (Josephine Langford) đang ngồi ở ghế hành khách của một chiếc xe hơi hạng sang (Mercedes-Benz). Nó mô tả chi tiết ngoại hình của đối tượng (tóc vàng bạch kim, váy bodycon màu đen), môi trường cao cấp (ghế da chần kim cương màu trắng), và phong cách kỹ thuật (chụp ảnh flash trực tiếp mềm, độ tương phản cao, độ phân giải 8K), bao gồm danh sách đầy đủ các lời nhắc tiêu cực.","{
  ""prompt_data"": {
    ""subject"": {
      ""appearance"": ""Người phụ nữ trẻ tuyệt đẹp với mái tóc vàng bạch kim dài, thẳng, làn da trắng sứ nhợt nhạt và lớp trang điểm quyến rũ với son môi màu hồng."",
      ""apparel"": ""Váy bodycon mini dài tay màu đen ôm sát với cổ chữ V khoét sâu."",
      ""pose"": ""Ngồi ở ghế hành khách trong ô tô, bắt chéo chân, một tay đặt trên ngực, tay còn lại giơ lên giữ tay nắm trần xe, nhìn thẳng vào máy ảnh với ánh mắt dịu dàng."",
      ""details"": ""Móng tay được chăm sóc kỹ lưỡng với thiết kế đen trắng.""
    },
    ""environment"": {
      ""location"": ""Nội thất của một chiếc xe sang trọng cao cấp ({argument name=\""car brand\"" default=\""Mercedes-Benz\""})."",
      ""elements"": ""Ghế xô bọc da chần bông kim cương màu trắng, bảng điều khiển màu đen, logo vô lăng Mercedes hiển thị ở bên trái, chi tiết nội thất cửa xe.""
    },
    ""technical_specs"": {
      ""style"": ""Chụp ảnh chân thực, phong cách sống của người có ảnh hưởng, thẩm mỹ Instagram."",
      ""lighting"": ""Chụp ảnh flash trực tiếp mềm mại, ánh sáng nội thất rực rỡ, độ tương phản cao."",
      ""quality"": ""Độ phân giải 8k, chi tiết cao, lấy nét sắc nét, kết cấu da chân thực.""
    },
    ""full_prompt_string"": ""Một bức ảnh chân thực theo chiều dọc về một người phụ nữ tóc vàng bạch kim xinh đẹp đang ngồi trong một chiếc Mercedes sang trọng. Cô ấy mặc một chiếc váy mini dài tay màu đen cổ chữ V khoét sâu ôm sát. Cô ấy tạo dáng trên ghế da chần kim cương màu trắng, một tay giơ lên giữ tay nắm. Phong cách chụp ảnh flash, ánh sáng quyến rũ, chi tiết cao, 8k, kết cấu chân thực, thẩm mỹ của người có ảnh hưởng."",
    ""negative_prompt"": ""hoạt hình, tranh vẽ, minh họa, kết xuất 3d, anime, chất lượng thấp, lỗi nén jpeg, mờ, giải phẫu học kém, tay bị biến dạng, thừa ngón tay, thiếu chi, mắt xấu, hình mờ, văn bản, chữ ký, xấu xí, biến dạng.""
  }
}","[""https://cms-assets.youmind.com/media/1768890693168_rqes5o_G_C0ldgWMAAMNXa.jpg""]","{""name"":""Artificial intelligence (Ai),Open Ai"",""url"":""https://x.com/Vishnudxe""}",https://x.com/Vishnudxe/status/2013307593452835105,"Chân dung, Điện ảnh, Minh họa, 3D, Anime, Sản phẩm, Nội thất, Nhân vật, Xe cộ, Văn bản, Logo, UI/UX"
102,Tiếp thị sản phẩm - Lời nhắc tạo ảnh chân dung trượt patin với nền nhiệt đới,"Một JSON prompt rất chi tiết để tạo ra bức chân dung toàn thân của một phụ nữ khỏe mạnh mặc bộ bodysuit màu xám heather và tất sọc cao đến đầu gối, đang ngồi với giày patin 4 bánh. Nó chỉ định các chi tiết phức tạp trên khuôn mặt, màu tóc (balayage), tư thế (nghiêng người về phía trước, chỉnh tất) và môi trường (công viên/đường đi dạo ngoài trời với cây nhiệt đới mờ ảo và ánh sáng tự nhiên dịu nhẹ).","{
  ""prompt_type"": ""detailed_image_generation"",
  ""subject"": {
    ""demographics"": {
      ""gender"": ""Nữ"",
      ""age_range"": ""20s"",
      ""ethnicity"": ""Da trắng""
    },
    ""physique"": {
      ""body_type"": ""Vận động, săn chắc, thon gọn nhưng có đường cong quyến rũ"",
      ""pose"": ""Ngồi trên mép gờ bê tông trắng, hơi nghiêng người về phía trước từ eo. Hai tay đặt trên ống chân phải ngay dưới đầu gối, như thể đang chỉnh tất. Lưng hơi cong, làm nổi bật tư thế.""
    },
    ""face_details"": {
      ""shape"": ""Khuôn mặt trái xoan với đường quai hàm rõ nét"",
      ""skin_tone"": ""Nước da rám nắng nhẹ/hơi cháy nắng, mịn màng, đều màu"",
      ""eyes"": {
        ""color"": ""Xanh lam nhạt hoặc xanh lục (màu sáng)"",
        ""shape"": ""To, hình quả hạnh"",
        ""gaze"": ""Nhìn thẳng vào máy ảnh, mãnh liệt và quyến rũ"",
        ""makeup"": ""Hàng mi trên được định hình rõ nét, kẻ mắt tinh tế, phấn mắt tự nhiên""
      },
      ""brows"": ""Cong, được tỉa gọn gàng, độ dày vừa phải, màu nâu nhạt"",
      ""nose"": ""Sống mũi thẳng, đầu mũi thon gọn và thanh tú"",
      ""lips"": {
        ""shape"": ""Đầy đặn, đặc biệt là môi dưới"",
        ""color"": ""Hồng nude tím hoa cà nhẹ nhàng"",
        ""expression"": ""Hơi hé mở, thư giãn, gợi cảm"",
        ""finish"": ""Lì""
      },
      ""cheeks"": ""Gò má cao, tạo khối/đánh bronzer nhẹ nhàng để tạo đường nét""
    },
    ""hair"": {
      ""color"": ""Chân tóc màu nâu nhạt chuyển dần sang vàng mật ong và highlight bạch kim (balayage)"",
      ""length"": ""Dài, chạm giữa lưng"",
      ""texture"": ""Thẳng với độ bồng bềnh nhẹ"",
      ""style"": ""Buông xõa, chảy dài xuống lưng và qua vai trái""
    }
  },
  ""wardrobe"": {
    ""bodysuit"": {
      ""color"": ""{argument name=\""bodysuit color\"" default=\""Xám lông chuột\""}"",
      ""fabric"": ""Vải cotton jersey hoặc hỗn hợp spandex"",
      ""style"": ""Cổ khoét sâu, dây áo bản to kiểu tank-top, khoét hông cao để lộ hông, ôm sát cơ thể""
    },
    ""socks"": {
      ""color"": ""Trắng"",
      ""style"": ""Tất ống cao đến đầu gối"",
      ""details"": ""Hai sọc ngang màu hồng tươi rõ nét ở viền trên""
    },
    ""footwear"": {
      ""item"": ""Giày patin 4 bánh (Quad roller skates)"",
      ""color"": ""Giày bốt da trắng cổ điển"",
      ""details"": ""Đế gót gỗ màu nâu, trục bạc"",
      ""wheels"": ""Bánh xe polyurethane màu hồng tươi trong suốt"",
      ""toe_stop"": ""Cao su màu hồng tươi""
    }
  },
  ""environment"": {
    ""setting"": ""Công viên hoặc lối đi dạo ngoài trời"",
    ""background_objects"": {
      ""immediate"": ""Ghế hoặc tường bê tông trắng cong (bề mặt mịn)"",
      ""mid_ground"": ""Nền lát gạch/bê tông màu xám nhạt"",
      ""background"": ""Tán lá nhiệt đới mờ ảo, thân cây cọ, thấp thoáng các cấu trúc kiến trúc màu trắng""
    },
    ""lighting"": {
      ""type"": ""Ánh sáng tự nhiên dịu nhẹ ban ngày"",
      ""direction"": ""Chiếu sáng từ phía trước"",
      ""quality"": ""Khuếch tán (không có bóng đổ gắt trên mặt), có thể là trời nhiều mây hoặc bóng râm thoáng đãng""
    }
  },
  ""technical_specs"": {
    ""aspect_ratio"": ""4:5 (Chân dung dọc)"",
    ""camera_shot"": ""Toàn thân / Cận cảnh trung bình-dài"",
    ""depth_of_field"": ""Độ sâu trường ảnh nông (chủ thể sắc nét""
  }
}","[""https://cms-assets.youmind.com/media/1768890698052_re46fl_G_CxJ45W0AIPdj6.jpg""]","{""name"":""Artificial intelligence (Ai),Open Ai"",""url"":""https://x.com/Vishnudxe""}",https://x.com/Vishnudxe/status/2013303820986785863,"Chân dung, Nhiếp ảnh, Điện ảnh, Cổ điển, Sản phẩm, Nội thất, Nhân vật, Xe cộ, Thành phố, Văn bản, UI/UX"
104,Tiếp thị sản phẩm - Chân Dung Vầng Hào Quang Vải Từ Trên Xuống Dạng Tiên Phong,"Một JSON prompt mang tính kỹ thuật cao để tạo ra một bức chân dung biên tập tiên phong có tựa đề 'Textural Rebellion'. Nó yêu cầu góc nhìn từ trên xuống 90 độ thẳng đứng của một chủ thể nằm trên nền đá phiến tối, được bao quanh bởi 'Vương miện Vải' (lụa xếp ly và gấm đỏ thẫm đông cứng trong một gợn sóng). Nó chỉ định ánh sáng làm đẹp cường độ cao (softbox ngay phía trên đầu) và tính thẩm mỹ của phim định dạng trung bình analog (Hasselblad 503CW, Kodak Ektar 100).","{
  ""vibe_title_en"": ""Nổi loạn về kết cấu"",
  ""master_prompt"": ""Một góc nhìn từ trên xuống hoàn toàn thẳng đứng 90 độ của Nhân vật chính đang nằm phẳng trên một bề mặt đá phiến tối màu, phong hóa. Chủ thể được bao quanh bởi một 'Vương miện vải'—một sự sắp xếp siêu thực, mang tính kiến trúc của lụa thô xếp ly và vải gấm đỏ thẫm nặng nề tỏa ra từ đầu như một vầng hào quang. Những loại vải này dường như bị đóng băng trong một làn sóng thách thức trọng lực, lơ lửng như thể dưới nước hoặc bị cuốn vào một đường hầm gió tốc độ cao, đóng vai trò như một tác phẩm điêu khắc hiệu ứng thực tế. Chủ thể duy trì năng lượng 'Tối giản sắc sảo': một biểu cảm điềm tĩnh, trung tính với ánh mắt nhìn thẳng tuyệt đối vào ống kính. Ánh sáng là Ánh sáng làm đẹp cường độ cao: một softbox lớn ngay phía trên tạo ra ánh sáng đều trên khuôn mặt, loại bỏ bóng đổ gắt trong khi làm nổi bật lỗ chân lông và các chi tiết sắc nét của mống mắt. Được chụp bằng Hasselblad 503CW với ống kính 80mm, sử dụng phim Kodak Ektar 100 để có độ bão hòa phong phú, xúc giác và hạt mịn. Kết cấu siêu thực, không có độ bóng CGI."",
  ""meta"": {
    ""intent"": ""Biên tập Tiên phong"",
    ""priorities"": ""Kết cấu, Đối xứng, Siêu thực"",
    ""device_profile"": ""Analog định dạng trung bình""
  },
  ""frame"": {
    ""aspect"": ""4:5"",
    ""composition"": ""Đối xứng trung tâm"",
    ""layout"": ""Chủ thể ở trung tâm, được bao quanh bởi kết cấu"",
    ""camera_angle"": ""Từ trên xuống 90 độ (Góc nhìn chim bay)"",
    ""tilt_roll_degrees"": ""0""
  },
  ""subject"": {
    ""gender"": ""Nữ"",
    ""identity"": ""Nhân vật chính"",
    ""demographics"": ""Người mẫu thời trang cao cấp phổ quát"",
    ""face"": ""Đối xứng, cấu trúc xương rõ nét, kết cấu da siêu thực"",
    ""hair"": ""Vuốt ngược hoặc tích hợp vào tác phẩm điêu khắc vải"",
    ""body"": ""Từ vai trở lên, nằm phẳng"",
    ""expression"": ""Điềm tĩnh, trung tính, ánh mắt cường độ cao, môi thư giãn nhưng khép kín"",
    ""pose"": ""Nằm ngửa, thẳng hàng hoàn hảo với trục dọc""
  },
  ""wardrobe_accessories"": {
    ""garments"": [
      {
        ""item"": ""Áo tunic cổ cao"",
        ""material"": ""Lụa thô"",
        ""color"": ""Than chì đậm"",
        ""fit"": ""Có cấu trúc/Kiến trúc""
      }
    ],
    ""accessories"": [
      {
        ""item"": ""Vầng hào quang vải"",
        ""color"": ""Đỏ thẫm và Xanh nửa đêm"",
        ""material"": ""Lụa xếp ly và Gấm"",
        ""brand_style"": ""Thời trang cao cấp siêu thực""
      }
    ]
  },
  ""environment"": {
    ""setting"": ""Bề mặt kết cấu trừu tượng"",
    ""surfaces"": ""Đá phiến phong hóa, Vải dệt nhiều lớp"",
    ""depth"": ""Nông (Phẳng)"",
    ""atmosphere"": ""Tĩnh lặng như chân không, chuyển động lơ lửng"",
    ""lens_interaction"": ""Lấy nét sắc nét từ cạnh này sang cạnh khác""
  },
  ""lighting"": {
    ""key"": ""Đèn Beauty Dish trên đầu (Mềm)"",
    ""fill"": ""Tấm phản sáng trắng (từ dưới máy ảnh)"",
    ""rim"": ""Không"",
    ""shadows"": ""Tối thiểu, đổ bóng mềm mại dưới cằm"",
    ""color_temperature"": ""5600K (Cân bằng ánh sáng ban ngày)"",
    ""sensor_flare"": ""Không""
  },
  ""camera"": {
    ""lens_type"": ""Prime Macro-Capable"",
    ""focal_length"": ""80mm"",
    ""aperture"": ""f/8"",
    ""focus"": ""Khóa trên E""
  }
}","[""https://cms-assets.youmind.com/media/1768890669025_vlz5ay_G_CwIS7XsAAYt4-.jpg"",""https://cms-assets.youmind.com/media/1768890669374_nim0pj_G_CwIR0WYAAxYd6.jpg""]","{""name"":""timedoctor.eth"",""url"":""https://x.com/timedoctor_nft""}",https://x.com/timedoctor_nft/status/2013302693515661588,"Chân dung, Nhiếp ảnh, Điện ảnh, 3D, Tối giản, Sản phẩm, Nội thất, Đồ ăn, Nhân vật, Thời trang, Văn bản, Trừu tượng, Logo"
105,Tiếp thị sản phẩm - Gợi ý tạo ảnh chân dung khách sạn sang trọng vào Giờ Vàng,"Một JSON prompt cực kỳ chi tiết để tạo ra bức chân dung 8K siêu thực của một người phụ nữ đang nằm thư giãn trong phòng khách sạn sang trọng vào giờ vàng. Nó nhấn mạnh ánh sáng mặt trời tự nhiên trực tiếp, gay gắt tạo ra những bóng đổ hình học mạnh mẽ, các chi tiết kết cấu (váy có gân, tóc ướt) và góc nhìn thấp tập trung vào đôi chân và bàn chân trần của chủ thể, đạt được vẻ đẹp sang trọng giản dị, không vướng bận.","{
  ""meta"": {
    ""aspect_ratio"": ""4:5"",
    ""quality"": ""siêu chân thực, thô, phong cách sống của người có ảnh hưởng, biên tập cao cấp"",
    ""resolution"": ""8k"",
    ""camera"": ""Máy ảnh Mirrorless (ví dụ: Sony A7R IV)"",
    ""lens"": ""Ống kính 35mm f/1.4 (chụp toàn thân và môi trường xung quanh)"",
    ""style"": ""Sang trọng giản dị, ngập nắng, thẩm mỹ giờ vàng, tự tin thư thái"",
    ""composition"": ""Chụp toàn thân một người phụ nữ đang ngả lưng trên ghế, góc nhìn thấp nhấn mạnh đôi chân, bố cục căn giữa.""
  },
  ""scene"": {
    ""location"": ""Một phòng khách sạn hoặc phòng ngủ hiện đại, tối giản."",
    ""environment"": [
      ""Ghế thư giãn bọc vải màu be hiện đại với đôn gác chân cùng tông"",
      ""Tủ đầu giường nổi bằng gỗ sáng màu với tai nghe chụp tai màu xanh dương đặt trên đó"",
      ""Lò sưởi gắn tường màu trắng có thể nhìn thấy ở hậu cảnh"",
      ""Tường màu be/trắng nhạt trung tính trơn"",
      ""Chụp đèn màu be ở góc trên""
    ],
    ""time"": ""Chiều muộn, Giờ vàng."",
    ""atmosphere"": ""Lười biếng, ấm áp, sang trọng thầm lặng, không vướng bận, sành điệu.""
  },
  ""lighting"": {
    ""type"": ""Ánh nắng tự nhiên trực tiếp, gay gắt."",
    ""source"": ""Cửa sổ ngoài khung hình ở bên trái."",
    ""effect"": ""Tạo ra những bóng đổ hình học mạnh mẽ, rõ nét (có thể từ khung cửa sổ) trên bức tường phía sau, các vùng sáng có độ tương phản cao trên mặt và chân, tông màu vàng ấm áp.""
  },
  ""subject"": {
    ""identity"": ""Một phụ nữ trẻ tuyệt đẹp với mái tóc vàng bạch kim dài, bóng ướt xõa qua vai. Cô ấy có làn da rám nắng, đôi môi đầy đặn và ánh nhìn tự tin, trực diện."",
    ""body"": {
      ""pose"": ""Ngả sâu vào ghế thư giãn, chân bắt chéo và duỗi về phía máy ảnh (tập trung vào bàn chân và đôi chân trần), một tay đặt trên tay vịn ghế, tay kia đặt trên chân."",
      ""physique"": ""Vóc dáng cân đối, gợi cảm.""
    },
    ""outfit"": {
      ""clothing"": ""Váy mini dệt kim gân {argument name=\""dress color\"" default=\""màu tím\""} bó sát, dài tay."",
      ""accessories"": ""Vòng tay chỉ đỏ trên cổ tay, sơn móng tay màu đen trên cả tay và chân.""
    }
  },
  ""realism_focus"": {
    ""textures"": ""Kết cấu dệt kim gân của chiếc váy màu tím, kết cấu da chân thực dưới ánh nắng gay gắt trực tiếp, từng sợi tóc vàng ướt riêng lẻ, dệt vải của chiếc ghế màu be."",
    ""imperfections"": ""Bóng đổ chân thực, gay gắt trên tường, các nếp nhăn tự nhiên trên váy ở những chỗ cơ thể uốn cong, vị trí đặt tai nghe một cách ngẫu nhiên.""
  }
}","[""https://cms-assets.youmind.com/media/1768890699553_a7klpc_G_Cub-7XoAA7srN.jpg""]","{""name"":""Mikasa"",""url"":""https://x.com/Mikasa_rose729""}",https://x.com/Mikasa_rose729/status/2013300949834702966,"Chân dung, Nhiếp ảnh, Điện ảnh, Tối giản, Sản phẩm, Nhân vật, Thời trang, Văn bản, Logo"
107,Hình ảnh chính thương mại điện tử - Quảng cáo Cherry Soda: Cận cảnh giọt bắn tung tóe,"Một lời nhắc rất chi tiết để tạo ra một quảng cáo đồ uống thương mại siêu chân thực. Nó mô tả một lon soda nhôm màu đỏ anh đào bị nghiền nát đang lơ lửng giữa không trung với một vụ nổ chất lỏng dữ dội, được bao quanh bởi những quả anh đào đông lạnh và các giọt siêu nhỏ, nhấn mạnh kết cấu macro, ánh sáng ấn tượng và tính thẩm mỹ của nhiếp ảnh tốc độ cao.","Quảng cáo đồ uống thương mại siêu chân thực, bố cục dọc, một lon soda nhôm bóng bẩy bị bóp méo lơ lửng giữa không trung, thân lon màu đỏ anh đào kim loại đậm với vành trên và dưới màu bạc, lon bị xé toạc dữ dội ở giữa, các cạnh nhôm sắc nhọn lởm chởm uốn cong ra ngoài, bên trong chứa hai quả anh đào màu đỏ sẫm bên trong vết rách, nước ép nhỏ giọt từ kim loại bị xé.

Phong cách thương hiệu: chữ viết tay màu trắng cổ điển uốn lượn trên lon, đường viền vàng nổi bật trên chữ, từ ""Cherry"" bằng chữ in đậm màu trắng bên dưới, in nổi chân thực trên nhôm ướt.

Bố cục & chuyển động chính xác: Lon nằm ở giữa, hơi nghiêng sang phải, lơ lửng giữa không trung.
Một vệt nước soda anh đào đỏ sẫm đặc bắn tung tóe dữ dội lên trên và ra ngoài từ vết rách, tạo thành một vương miện chất lỏng quanh miệng lon.
Nhiều quả anh đào chín bóng bẩy với cuống dài màu xanh lá cây bị đóng băng giữa không trung:

• Một quả anh đào phía trên lon hơi lệch sang trái
• Một quả anh đào phía trên lon hơi lệch sang phải
• Một quả anh đào ở bên phải giữa không trung
• Hai quả anh đào bên trong vết rách
• Một quả anh đào một phần thoát ra khỏi vết rách phía dưới

Những chiếc lá nhỏ màu xanh lá cây tươi sáng nằm rải rác trong không khí giữa các quả anh đào.

Vật lý chất lỏng: Hiệu ứng chụp ảnh tốc độ cao, soda anh đào đặc như si-rô, những giọt nước sắc nét lơ lửng trong không khí, vô số giọt nhỏ li ti ở khắp mọi nơi, các cung chất lỏng bao quanh các cạnh lon.

Chi tiết bề mặt: Các hạt ngưng tụ lạnh bao phủ lon, kết cấu macro siêu sắc nét trên nhôm, những giọt nước nhỏ li ti có thể nhìn thấy, kim loại ướt phản chiếu.

Ánh sáng: Ánh sáng studio low-key ấn tượng, ánh sáng viền trắng mạnh từ phía trên bên trái, ánh sáng lấp đầy màu đỏ mềm mại từ phía trước, ánh sáng nền tinh tế làm nổi bật các cạnh bắn tung tóe, các điểm sáng tương phản cao trên các giọt nước, phản xạ specular điện ảnh.

Nền: Nền chuyển màu mịn từ đỏ thẫm sang đen, tối hơn ở các cạnh, sáng hơn phía sau lon để tạo hiệu ứng hào quang.

Máy ảnh & phong cách: Hiệu ứng ống kính macro 85mm, độ sâu trường ảnh nông, lấy nét trọng tâm vào miệng lon, chuyển động đóng băng, mô phỏng chất lỏng siêu thực, phong cách quảng cáo đồ uống sang trọng, cảnh studio siêu sạch, phân loại màu điện ảnh, độ tương phản cao, chi tiết 8K siêu nét, chân thực, thẩm mỹ nhiếp ảnh thương mại cao cấp.","[""https://cms-assets.youmind.com/media/1768890655915_mt8gkq_G_Bh2ctWgAA9osF.jpg"",""https://cms-assets.youmind.com/media/1768890656109_cejq92_G_Bh2bzWIAAmUzP.jpg"",""https://cms-assets.youmind.com/media/1768890656182_rpdqxf_G_Bh2cpWkAAvJvi.jpg"",""https://cms-assets.youmind.com/media/1768890657048_av36te_G_Bh2cnW4AAOmST.jpg""]","{""name"":""𝐌"",""url"":""https://x.com/Strength04_X""}",https://x.com/Strength04_X/status/2013216643103793212,"Nhiếp ảnh, Điện ảnh, Cổ điển, Sản phẩm, Văn bản"
109,Hình ảnh chính thương mại điện tử - Trình tạo hình ảnh chủ đạo cho sản phẩm chăm sóc da,"Một mẫu lời nhắc có thể tùy chỉnh để tạo ra hình ảnh chủ đạo sản phẩm chăm sóc da cao cấp siêu thực. Mẫu này sử dụng các phần giữ chỗ cho sản phẩm, màu nền và các thành phần chính, tập trung vào ánh sáng studio sạch sẽ, phản chiếu sắc nét và các yếu tố nổi (thực vật, xoáy gel, giọt nước) để tạo ra một vẻ đẹp thương mại cao cấp.","đặt chính giữa {argument name=""product type"" default=""FACEWASH_PACKAGING""} trên nền chuyển màu đậm {argument name=""background color 1"" default=""BG_COLOR_1""}→{argument name=""background color 2"" default=""BG_COLOR_2""}, ánh sáng studio hiện đại, phản chiếu sắc nét + bóng đổ mềm mại. Chữ trên nhãn phải dễ đọc: chỉ ""{argument name=""brand name"" default=""BRAND""} {argument name=""product name"" default=""PRODUCT_NAME""}"". Bao quanh bằng KEY_INGREDIENT_1, KEY_INGREDIENT_2, BOTANICAL trôi nổi theo bố cục hình tròn cân đối, cùng với các dải ruy băng gel/bọt bóng loáng (các vòng lặp mượt mà), các giọt nước siêu nhỏ + sương mù nhẹ. Lấy nét cực sắc, DOF nông, 85mm, HDR, ISO100, không gian âm sạch, không lộn xộn, không có hình mờ. Xuất {ASPECT} (1:1/4:5/9:16).","[""https://cms-assets.youmind.com/media/1768890669960_389lzs_G_A1y5CXIAANTX2.jpg"",""https://cms-assets.youmind.com/media/1768890669812_67410t_G_A1zAVX0AAJa21.jpg"",""https://cms-assets.youmind.com/media/1768890670260_lu04jb_G_A1y1wWgAAyNDH.jpg"",""https://cms-assets.youmind.com/media/1768890671110_l4u0yi_G_A1zA8XQAAPvm1.jpg""]","{""name"":""TheAIHeadquarters"",""url"":""https://x.com/DavisonDabiri""}",https://x.com/DavisonDabiri/status/2013168193196449941,"Chân dung, Nhiếp ảnh, Sản phẩm, Văn bản, Logo"
110,Hình ảnh chính thương mại điện tử - Chụp ảnh sản phẩm điện ảnh 8K (Nước hoa),"Một lời nhắc (prompt) có độ chi tiết cao, theo mô-đun để tạo ra ảnh chụp sản phẩm chai nước hoa chất lượng điện ảnh 8K. Nó bao gồm hai mô-đun riêng biệt: một cho chai nước hoa chủ đề rừng và một cho cảnh nước bắn tung tóe, chỉ định ánh sáng, vật liệu và chi tiết siêu nhỏ.","{
  ""global_settings"": {
    ""resolution"": ""8K"",
    ""aspect_ratio"": ""3:4"",
    ""style"": ""nhiếp ảnh sản phẩm điện ảnh chân thực, siêu thực"",
    ""detail_level"": ""chi tiết siêu nhỏ cực độ"",
    ""sharpness"": ""siêu sắc nét"",
    ""noise"": ""không nhiễu"",
    ""compression_artifacts"": ""không có lỗi nén"",
    ""color_depth"": ""màu 16-bit phong phú"",
    ""render_quality"": ""chất lượng thương mại cao cấp"",
    ""ai_finish"": ""chủ nghĩa hiện thực được tăng cường AI sạch sẽ""
  },

  ""module_1"": {
    ""scene_identity"": ""nước hoa_xanh_rừng"",
    ""environment"": {
      ""setting"": ""không khí rừng rậm"",
      ""background"": ""tán lá xanh mờ ảo với độ sâu tách biệt"",
      ""foreground"": ""nền rừng tự nhiên với đất, rêu và mảnh vụn nhỏ"",
      ""props"": [
        ""bệ đá phẳng tự nhiên"",
        ""tảng đá không đều đặt hơi phía sau chai"",
        ""cành cây thông có lá kim rõ ràng ở phía bên phải""
      ],
      ""atmosphere"": ""khói hoặc sương mù nhẹ nhàng bay lên phía sau chai""
    },
    ""product"": {
      ""object_type"": ""chai nước hoa"",
      ""material"": ""thủy tinh mờ có gân"",
      ""color"": ""chất lỏng màu xanh ngọc lục bảo đậm"",
      ""shape"": ""hình trụ với các rãnh dọc"",
      ""cap"": {
        ""material"": ""kim loại"",
        ""finish"": ""vàng bóng"",
        ""shape"": ""hình trụ nhẵn""
      },
      ""label"": ""không có văn bản thương hiệu hiển thị""
    },
    ""lighting"": {
      ""key_light"": ""ánh sáng tự nhiên khuếch tán mềm mại từ phía trước bên trái"",
      ""fill_light"": ""ánh sáng môi trường rừng tinh tế"",
      ""highlights"": ""phản chiếu nhẹ nhàng trên các gân thủy tinh và nắp vàng"",
      ""shadows"": ""bóng đổ mềm mại chân thực dưới chai và đá""
    },
    ""camera"": {
      ""angle"": ""góc sản phẩm ngang tầm mắt"",
      ""focus"": ""lấy nét sắc nét vào chai, độ sâu trường ảnh nông"",
      ""lens_effect"": ""nền bokeh tự nhiên""
    },
    ""mood"": ""tươi mát, hương gỗ, thanh bình, cao cấp, lấy cảm hứng từ thiên nhiên""
  },

  ""module_2"": {
    ""scene_identity"": ""nước hoa_nước_xanh_bắn_tung_tóe"",
    ""environment"": {
      ""setting"": ""cảnh studio dưới nước tối"",
      ""background"": ""chuyển màu từ xanh hải quân đậm sang đen"",
      ""surface"": ""mặt nước gợn sóng với các điểm sáng phản chiếu"",
      ""motion_elements"": [
        ""vệt nước lớn bắn tung tóe lên phía sau chai"",
        ""những giọt nước lơ lửng giữa không trung""
      ],
      ""props"": [
        ""lát chanh (thịt vàng có thể nhìn thấy)"",
        ""lát cam quýt xanh"",
        ""quả mọng nhỏ màu đỏ"",
        ""cành thảo mộc xanh""
      ]
    },
    ""product"": {
      ""object_type"": ""chai nước hoa"",
      ""material"": ""thủy tinh đục"",
      ""color"": ""xanh nửa đêm đậm"",
      ""shape"": ""hình chữ nhật với các cạnh sắc nét"",
      ""cap"": {
        ""material"": ""thủy tinh tối màu tương ứng"",
        ""shape"": ""hình trụ""
      },
      ""text_visible"": [
        ""BLEU DE CHANEL"",
        ""EAU DE PARFUM""
      ]
    },
    ""lighting"": {
      ""key_light"": ""ánh sáng định hướng mạnh từ phía trên bên trước"",
      ""rim_light"": ""điểm sáng lạnh trên vệt nước bắn tung tóe"",
      ""reflections"": ""điểm sáng phản xạ""
    }
  }
}","[""https://cms-assets.youmind.com/media/1768890638679_0rbo6y_G_Auiz5WgAEqfUY.jpg"",""https://cms-assets.youmind.com/media/1768890639096_qd2s06_G_AuizDWQAA9keU.jpg"",""https://cms-assets.youmind.com/media/1768890638950_22nc5e_G_Aui3fXEAENHXC.jpg"",""https://cms-assets.youmind.com/media/1768890640110_sd69rb_G_Aui9WWwAANyRn.jpg""]","{""name"":""ShaHid WaNii"",""url"":""https://x.com/meng_dagg695""}",https://x.com/meng_dagg695/status/2013160227835933059,"Chân dung, Nhiếp ảnh, Điện ảnh, 3D, Pixel, Thiên nhiên, Sản phẩm, Nhân vật, Văn bản, Logo"
112,Hình ảnh chính thương mại điện tử - Lời nhắc tạo tác phẩm điêu khắc siêu xe bằng kính nhiều lớp trong suốt,"Một JSON prompt mang tính kỹ thuật cao để tạo ra hình ảnh siêu xe chân thực, được dò tia. Chiếc xe được thể hiện dưới dạng một tác phẩm điêu khắc cắt lát theo cấu trúc tô pô, làm từ kính acrylic quang học nhiều lớp, với các chi tiết cơ khí bên trong có thể nhìn thấy. Prompt nhấn mạnh ánh sáng (ánh sáng viền, ánh sáng phát ra từ bên trong, hiệu ứng caustics) trên nền không gian đen kịt, tạo ra một vẻ đẹp của hình ảnh được tách rời.","{
  ""prompt_configuration"": {
    ""parameters"": {
      ""car_model"": ""{argument name=\""car model\"" default=\""SUPERCAR MODEL\""}"",
      ""material_color"": ""{argument name=\""material color\"" default=\""warm amber and deep orange\""}""
    },
    ""aspect_ratio"": ""16:9"",
    ""viewpoint"": ""góc 3/4 phía trước, hiển thị toàn bộ xe""
  },
  ""prompt_payload"": {
    ""subject_definition"": {
      ""core_subject"": ""{car_model}"",
      ""representation_style"": ""tác phẩm điêu khắc lát cắt dạng tô-pô, được tạo thành từ các tấm vật liệu trong mờ xếp chồng song song""
    },
    ""material_physics"": {
      ""medium"": ""kính acrylic quang học nhiều lớp"",
      ""texture"": ""cạnh cắt laser, độ trong suốt thể tích, tán xạ dưới bề mặt"",
      ""color_palette"": ""chuyển màu trong mờ {material_color}, khúc xạ nội tại phát sáng""
    },
    ""technical_details"": {
      ""structure"": ""cấu trúc lá có gân, mặt cắt ngang, các chi tiết cơ khí bên trong có thể nhìn thấy qua các lớp (khối động cơ, hệ thống treo, hộp số)"",
      ""fidelity"": ""siêu chi tiết, độ chính xác như CAD, thẩm mỹ kiểu hình chiếu tách rời nhưng đã lắp ráp""
    },
    ""lighting_and_atmosphere"": {
      ""environment"": ""nền không gian tối đen như mực, studio tối vô tận"",
      ""lighting_setup"": ""ánh sáng viền để bắt cạnh kính, ánh sáng thể tích bên trong phát sáng, hiệu ứng caustics, độ tương phản cao kiểu điện ảnh""
    },
    ""rendering_engine"": {
      ""style"": ""Octane Render, dò tia, độ phân giải 8k, thuộc tính vật liệu chân thực, độ sâu trường ảnh chụp macro""
    }
  },
  ""negative_prompt"": [
    ""thân xe kim loại đặc"",
    ""sơn mờ đục"",
    ""hoạt hình"",
    ""minh họa"",
    ""bánh xe bị biến dạng"",
    ""khung hình bị cắt xén"",
    ""ánh sáng ban ngày"",
    ""phản chiếu của nhiếp ảnh gia""
  ]
}","[""https://cms-assets.youmind.com/media/1768804263037_da8uj6_G--zMlXXYAEyetJ.jpg"",""https://cms-assets.youmind.com/media/1768804263002_8omzrs_G--zMqUWEAADVF1.jpg"",""https://cms-assets.youmind.com/media/1768804263805_3sf4w4_G--zMlfXMAAav79.jpg"",""https://cms-assets.youmind.com/media/1768804264278_z57ws5_G--zMiCW8AAx8Ze.jpg""]","{""name"":""Lloyd Creates"",""url"":""https://x.com/lloydcreates""}",https://x.com/lloydcreates/status/2013024593246568485,"Nhiếp ảnh, Điện ảnh, Minh họa, 3D, Anime, Nhân vật, Xe cộ, Văn bản"
115,Hình ảnh chính thương mại điện tử - Chụp ảnh sản phẩm bút siêu chân thực,"Một lời nhắc để tạo ra một bức ảnh sản phẩm bút bi cao cấp siêu thực, 8K, chụp tại studio chuyên nghiệp. Tập trung vào việc thể hiện các kết cấu kim loại, chi tiết chạm khắc và phản chiếu chân thực bằng cách sử dụng ánh sáng điện ảnh mềm mại và nền sang trọng tối giản, lý tưởng cho quảng cáo thương mại cao cấp.","Ảnh chụp sản phẩm bút bi cao cấp chuyên nghiệp, siêu thực trong studio, đặt chính giữa trên bề mặt phản chiếu sạch sẽ.
Cây bút được đặt nghiêng nhẹ nhàng để tăng thêm vẻ thanh lịch, làm nổi bật kết cấu kim loại, các chi tiết chạm khắc và phản chiếu chân thực.
Ánh sáng điện ảnh dịu nhẹ với các điểm sáng và bóng tối tinh tế để nhấn mạnh sự khéo léo trong chế tác.
Nền sang trọng tối giản với các tông màu chuyển sắc mượt mà.
Phong cách quảng cáo thương mại cao cấp, vật liệu siêu chi tiết, lấy nét sắc nét, độ sâu trường ảnh, ảnh chụp sản phẩm theo phong cách biên tập.
Không chữ, không watermark, không mờ.
Kích thước ảnh: 3:4
Độ phân giải: 8K
Phong cách: Cao cấp, hiện đại, tối giản, thương hiệu sang trọng","[""https://cms-assets.youmind.com/media/1768804308646_mr7mc5_G-8OLh_XYAEzJfc.jpg""]","{""name"":""Milo"",""url"":""https://x.com/Milo_Bahi_02""}",https://x.com/Milo_Bahi_02/status/2012843154928783620,"Điện ảnh, Tối giản, Sản phẩm, Văn bản"
117,Hình ảnh chính thương mại điện tử - Lời nhắc chụp ảnh món bánh tart chuối caramel siêu thực,"Một prompt cực kỳ chi tiết để tạo ra bức ảnh chụp món bánh tart chuối caramel siêu thực, mang phong cách điện ảnh. Prompt này chỉ định các nguyên liệu, kết cấu, ánh sáng (giờ vàng), các yếu tố nền (các món tráng miệng khác) và cài đặt kỹ thuật máy ảnh (Sony A1 85mm f/1.4) để tạo ra một vẻ đẹp sang trọng cho món tráng miệng.","{
""prompt"": ""ảnh chụp cận cảnh món ăn siêu thực: bánh tart chuối caramel mới nướng, vỏ bánh màu vàng nâu mộc mạc với kết cấu giòn xốp, nhân kem caramel béo ngậy, phủ bên trên là những lát chuối chín được nướng nhẹ hoàn hảo, rưới sốt caramel vàng óng, rắc hạt dẻ cười nghiền và những lọn sô cô la nhỏ xíu, một chiếc thìa đang múc một phần bánh để lộ mặt cắt ngang hấp dẫn của các lớp kem caramel và chuối, không gian tiệm bánh ấm cúng, hậu cảnh mờ ảo với các món tráng miệng khác: truffle sô cô la, mini pavlova với quả mọng, và bánh sừng bò với hạnh nhân lát, bề mặt thớt gỗ mộc mạc, ánh sáng hoàng hôn, hiệu ứng bokeh mềm mại, thẩm mỹ món tráng miệng sang trọng, kết cấu cực kỳ chi tiết, chân thực như ảnh chụp, nhiếp ảnh ẩm thực điện ảnh, độ phân giải 8k, chụp bằng Sony A1 85mm f/1.4, lấy nét cực sắc nét vào bánh tart và thìa, bảng màu ấm áp phong phú với tông nâu caramel, vàng chuối và điểm xuyết màu xanh lá cây tinh tế"",
""negative_prompt"": ""mờ, độ phân giải thấp, lỗi jpeg, hoạt hình, minh họa, vẽ, tranh, trông như nhựa, thức ăn giả, thìa biến dạng, tỷ lệ xấu, chữ, hình mờ, chữ ký, logo, quá bão hòa, nhạt nhòa, đèn flash gắt, ánh sáng lạnh, kết xuất 3d, cgi, thức ăn đồ chơi, mô hình nhà búp bê"",
""aspect_ratio"": ""4:5"",
""seed"": -1,
""cfg_scale"": 7.5,
""steps"": 40,
""sampler"": ""DPM++ 2M Karras or Euler a"",
""clip_skip"": 2
}","[""https://cms-assets.youmind.com/media/1768804210387_ve6r9j_G-69KEDW0AAFJpJ.jpg""]","{""name"":""Waqar Ali"",""url"":""https://x.com/Waqar_sahito01""}",https://x.com/Waqar_sahito01/status/2012754075578978700,"Nhiếp ảnh, Điện ảnh, Minh họa, 3D, Anime, Đồ ăn, Xe cộ, Văn bản, Logo"
121,Hình ảnh chính thương mại điện tử - Mô hình sản phẩm Hanbok Hàn Quốc cao cấp (Trải phẳng đối xứng),"Một lời nhắc rất cụ thể được thiết kế để tạo ra mô hình sản phẩm sang trọng của các món đồ Hanbok truyền thống của Hàn Quốc theo bố cục phẳng, cân đối, đặt chính giữa. Nó yêu cầu một nền trắng tinh, liền mạch và mô tả tỉ mỉ vị trí, màu sắc và kết cấu của từng món đồ, từ chiếc Jeogori lụa đỏ thẫm ở trung tâm đến các phụ kiện xung quanh như Bokjumeoni và Binyeo, nhằm mục đích tạo ra một phong cách chụp ảnh thương mại biên tập, cân bằng.","Một mockup sản phẩm Hanbok (한복) truyền thống Hàn Quốc sang trọng với bố cục cân bằng hoàn hảo ở giữa trên nền trắng liền mạch.

VẢI BỐ & NỀN - QUAN TRỌNG:
- Nền trắng vô cực liền mạch lấp đầy toàn bộ khung hình từ cạnh này sang cạnh kia
- Nền mở rộng từ góc này sang góc kia không có đường viền rõ ràng
- Tông màu trắng ấm (#FFFAF5) sạch sẽ, liên tục, đồng nhất trên toàn bộ vải bố
- Không có hiệu ứng tối góc (vignetting), không giảm sáng, không tối ở các cạnh
- Cả bốn góc có màu sắc và độ sáng giống hệt nhau
- Phơi sáng đều trên toàn bộ hình ảnh từ trái sang phải, từ trên xuống dưới
BỐ CỤC - BỐ TRÍ ĐỐI XỨNG Ở GIỮA:
- Căn chỉnh trục giữa hoàn hảo
- Trọng lượng hình ảnh cân bằng ở hai bên trái và phải
- Sản phẩm được sắp xếp theo cấu trúc phân cấp hình tam giác
- Khoảng cách tối thiểu 10% giữa sản phẩm và các cạnh khung hình
HÀNG SAU (Trên cùng, giữa):
- GIỮA-SAU: Hộp quà màu đen mờ với viền Dancheong màu vàng, hoa sen (연꽃문) dập nổi, chữ ""한스타일 Hstyle"" màu vàng
- TRÁI-SAU: Túi mua sắm màu kem với biểu tượng Taegeuk màu vàng
- PHẢI-SAU: Hộp mở ra để lộ lớp lót lụa màu kem với họa tiết chim hạc vàng
HÀNG GIỮA (Trung tâm, nổi bật):
- CHÍNH GIỮA: Áo Hanbok Jeogori (저고리) lụa đỏ thẫm với thêu hoa mẫu đơn vàng trên vải lụa màu kem, tay áo xòe đối xứng, cổ áo trắng (동정) lộ rõ
HÀNG TRƯỚC (Cách đều):
- TRÁI: Quạt truyền thống (부채) với hoa mận
- GIỮA-TRÁI: Cành hoa mận
- GIỮA: Túi Bokjumeoni (복주머니) màu xanh hoàng gia với chữ 福 màu vàng
- GIỮA-PHẢI: Trâm cài Binyeo (비녀) màu vàng trên đệm kem
- PHẢI: Cành hoa mận
ÁNH SÁNG:
- Ánh sáng khuếch tán mềm mại từ trên cao
- Chiếu sáng đều bao gồm tất cả các góc và cạnh
- Không có bóng đổ định hướng về phía các cạnh khung hình
- Độ sáng nhất quán trên toàn bộ khung hình
MÁY ẢNH:
- Chụp thẳng, máy ảnh căn giữa hoàn hảo
- Tỷ lệ khung hình 4:5
- Sản phẩm được bố cục với khoảng cách an toàn từ tất cả các cạnh
- Nền phủ toàn bộ khung hình
PHONG CÁCH: Sang trọng cân bằng, mang tính biên tập, di sản Hàn Quốc, chụp ảnh sản phẩm thương mại
Negative prompt: tối góc (vignetting), góc tối, nền không đều, cạnh bị cắt, giảm sáng gradient, cạnh nền hiển thị, ánh sáng không nhất quán ở các đường viền
Chữ ký viết tay ""Willy"" đầy phong cách bằng chữ vàng nhỏ ở góc dưới bên phải.","[""https://cms-assets.youmind.com/media/1768717573973_la4jzd_G-3I-OnXgAAXBks.jpg""]","{""name"":""Willy"",""url"":""https://x.com/jw660227""}",https://x.com/jw660227/status/2012485594723848458,"Sản phẩm, Nhân vật, Văn bản"
122,Hình ảnh chính thương mại điện tử - Nhiếp ảnh bắn tung tóe cà phê và sô cô la siêu điện ảnh,"Một JSON prompt cực kỳ chi tiết để tạo ra hình ảnh dọc, siêu điện ảnh về các yếu tố cà phê lơ lửng giữa không trung, được thiết kế cho quảng cáo quán cà phê cao cấp. Nó chỉ định các hạt cà phê đổ xuống, sô cô la bonbon nổi, nghệ thuật latte xoáy và những giọt sữa cùng espresso đông cứng, sử dụng ánh sáng studio tương phản cao đầy kịch tính và chi tiết chụp ảnh macro để đạt được sự siêu thực.","{
  ""composition"": {
    ""orientation"": ""vertical"",
    ""style"": ""ultra-cinematic"",
    ""scene_type"": ""các yếu tố lơ lửng giữa không trung"",
    ""depth_of_field"": ""độ sâu trường ảnh nông kiểu điện ảnh""
  },
  ""subject"": {
    ""main_elements"": [
      ""hạt cà phê rang chảy tràn"",
      ""sô cô la bonbon lơ lửng"",
      ""tách cà phê lơ lửng giữa không trung với nghệ thuật latte xoáy"",
      ""những giọt sữa bắn tung tóe đóng băng trong chuyển động"",
      ""những giọt espresso bắn tung tóe đóng băng trong chuyển động"",
      ""bột cà phê mịn bay lất phất trong không khí""
    ],
    ""motion_state"": ""nhiếp ảnh bắn tung tóe hành động đóng băng""
  },
  ""color_palette"": {
    ""primary_colors"": [
      ""nâu cà phê đậm"",
      ""kem ấm"",
      ""đen espresso""
    ],
    ""background"": ""đen nhung sâu""
  },
  ""lighting"": {
    ""type"": ""ánh sáng studio tương phản cao ấn tượng"",
    ""highlights"": ""phản chiếu bóng bẩy trên chất lỏng"",
    ""shadows"": ""bóng tối sâu kiểu điện ảnh""
  },
  ""texture_detail"": {
    ""liquids"": [
      ""những giọt sữa bắn tung tóe bóng bẩy"",
      ""những giọt espresso bắn tung tóe bóng bẩy"",
      ""bọt crema với chi tiết siêu nhỏ""
    ],
    ""solids"": [
      ""hạt cà phê rang mờ"",
      ""bề mặt sô cô la bonbon mịn màng"",
      ""bột cà phê hạt mịn""
    ]
  },
  ""photography_style"": {
    ""genre"": ""quảng cáo quán cà phê cao cấp"",
    ""aesthetic"": ""nhiếp ảnh bắn tung tóe kiểu biên tập"",
    ""clarity"": ""sắc nét siêu chi tiết""
  },
  ""camera"": {
    ""camera_model"": ""Nikon D850 (ảo)"",
    ""lens"": ""macro 105mm"",
    ""aperture"": ""f/4.0"",
    ""focus"": ""chủ thể sắc nét với hậu cảnh mờ dần""
  },
  ""render_quality"": {
    ""detail_level"": ""siêu chi tiết"",
    ""realism"": ""chân thực như ảnh"",
    ""finish"": ""sản phẩm thương mại cao cấp""
  }
}","[""https://cms-assets.youmind.com/media/1768631177621_l8dp06_G-0YhclaQAEgsW-.jpg"",""https://cms-assets.youmind.com/media/1768631177668_8j4gck_G-0YhemaQAAlZOq.jpg""]","{""name"":""Sharon Riley"",""url"":""https://x.com/Just_sharon7""}",https://x.com/Just_sharon7/status/2012291576119312710,"Nhiếp ảnh, Điện ảnh, 3D, Sản phẩm, Nhân vật, Văn bản, UI/UX"
125,Tài sản trò chơi - Chuyển đổi phong cách kết xuất trò chơi điện tử đầu những năm 2000,"Một lời nhắc văn bản được thiết kế để biến đổi một hình ảnh nhất định thành phong cách thẩm mỹ của kết xuất trò chơi điện tử đầu những năm 2000, đặc biệt là mô phỏng giao diện kết xuất của Maya 4.0. Nó tập trung vào hình học đa giác thấp (low-poly), kết cấu độ phân giải thấp (low-resolution textures) và các hiệu ứng khí quyển như sương mù che phủ các vật thể ở xa, đồng thời tránh rõ ràng các phong cách pixel art hoặc voxel.","Đa giác thấp, kết cấu độ phân giải thấp
- Các vật thể ở xa được đơn giản hóa và làm mờ
- Tránh các lỗi như pixel art và voxels
- Dựa trên kết xuất Maya 4.0","[""https://cms-assets.youmind.com/media/1768890735407_gwm2z0_G_B_Z9fXAAAZLep.jpg"",""https://cms-assets.youmind.com/media/1768890735785_lglk0f_G_B_hMaW8AAjgyt.jpg""]","{""name"":""fofr"",""url"":""https://x.com/fofrAI""}",https://x.com/fofrAI/status/2013250137661817194,"3D, Pixel, Xe cộ, Văn bản, Trò chơi"
130,Tài sản trò chơi - Lời nhắc Toàn cảnh Equirectangular 360 độ,"Một lời nhắc rất kỹ thuật được thiết kế để tạo ra hình ảnh toàn cảnh hình chữ nhật 360 độ liền mạch, được tối ưu hóa cho ánh sáng và bố cục nhất quán trên toàn bộ khung nhìn hình cầu. Nó chỉ định một cảnh lịch sử và bao gồm các quy tắc để ngăn chặn các tạo tác hình ảnh như đường nối hoặc bóng định hướng, làm cho nó lý tưởng cho môi trường thực tế ảo.","[SCENE] = {argument name=""scene description"" default=""Thành Troy, Anatolia, khoảng thế kỷ 12 TCN. Những khoảnh khắc sau khi ngựa thành Troy được kéo vào bên trong tường thành.""}

Tạo ảnh toàn cảnh 360 độ hình chữ nhật đều (equirectangular) với tỷ lệ khung hình 21:9.
Kết xuất cảnh dưới dạng ảnh toàn cảnh hình cầu đầy đủ với phép chiếu hình chữ nhật đều chính xác.
Thiết lập toàn bộ môi trường nghiêm ngặt dựa trên [SCENE].
Đặt camera ở chính giữa cảnh với góc nhìn cố định.
Thiết kế môi trường như một thế giới liên tục, hình tròn, không có cạnh trái hoặc phải.
Đảm bảo các cạnh ngang đầu tiên và cuối cùng khớp hoàn hảo.
Phân bổ kiến trúc, con người và vật thể đều khắp khung nhìn 360° đầy đủ.
Sử dụng ánh sáng, vật liệu và hành vi vật lý thực tế.
Giữ nét sắc nét trên toàn bộ ảnh toàn cảnh.
Sử dụng ánh sáng ban ngày tự nhiên đồng đều, không có hướng sáng chủ đạo.
Đảm bảo cường độ và màu sắc ánh sáng nhất quán trên toàn bộ ảnh toàn cảnh 360°.
Xem môi trường được chiếu sáng bởi một vòm trời khuếch tán đều thay vì một nguồn sáng mặt trời duy nhất.
Áp dụng bóng đổ mềm toàn cầu không ưu tiên bất kỳ hướng ngang nào.
Tránh các gradient ánh sáng mặt trời định hướng có thể gây ra sự không khớp ánh sáng đường nối.
Tránh các yếu tố hiện đại, lớp phủ UI, đường viền, khung, chế độ xem cắt xén, phong cách giả tưởng hoặc các đường nối toàn cảnh bị hỏng.","[""https://cms-assets.youmind.com/media/1768804204059_0knjxw_G-6FROjXwAAhlGv.jpg"",""https://cms-assets.youmind.com/media/1768804204223_htd648_G-6FhchXQAAg2v9.jpg"",""https://cms-assets.youmind.com/media/1768804204700_mp84c0_G-6FROdXEAA5Ebi.jpg"",""https://cms-assets.youmind.com/media/1768804205830_ybuinq_G-3jkdbWIAA-73-.jpg"",""https://cms-assets.youmind.com/media/1768804205613_2j0lcg_G-3iiIrWsAEbmso.jpg""]","{""name"":""Aimi Kōda"",""url"":""https://x.com/aimikoda""}",https://x.com/aimikoda/status/2012694679628677523,"Nhiếp ảnh, Nội thất, Xe cộ, Văn bản, Trò chơi, UI/UX"