id,title,description,content,sourceMedia,author,sourceLink,keywords
4,Ưu Đãi Đặc Biệt Ngày Tết Dương Lịch: Câu Đố Bốn Ô Chúc Phúc Năm 2026,"Một lời nhắc đa bảng chi tiết cho Nano Banana Pro, tạo ra một ảnh ghép 2x2 ô vuông trong đó một nhân vật nữ duy nhất, trong bốn bộ trang phục và bối cảnh khác nhau, đang ghép một câu đố có nội dung '2026 New Year's Day Happy' ở giữa. Lời nhắc chỉ định giữ lại các đặc điểm khuôn mặt chính xác, chi tiết trang phục, các yếu tố nền và các thông số chụp ảnh theo phong cách tạp chí thời trang.","[Lưu ý: Giữ nguyên các đặc điểm khuôn mặt chính xác, giữ nguyên cấu trúc khuôn mặt ban đầu, nhân vật trong ảnh phải hoàn toàn nhất quán với hình ảnh tham chiếu đã tải lên] Ảnh studio cao cấp, lưới 2x2. Ô trên cùng bên trái (nền xanh hải quân): Nhân vật mặc váy đồng phục màu xanh hải quân, trang trí cúc vàng, tóc xoăn cổ điển với mũ nồi xanh và khuyên tai ngọc trai. Cô ấy dùng hai tay giữ một mảnh ghép hình lớn (mảnh trên cùng bên trái, có số ""20"" trên đó), di chuyển nó về phía trung tâm khung hình. Đôi mắt cô ấy tập trung vào khu vực ghép hình trung tâm, biểu cảm nghiêm túc, với một nụ cười nhẹ. Nền có các sọc xanh hải quân, một chiếc mỏ neo và dòng chữ ""Set Sail for the New Year"". Ô trên cùng bên phải (nền hồng hoa anh đào): Người phụ nữ tương tự mặc váy ren hồng, vòng cổ ngọc trai, kiểu tóc công chúa với kẹp tóc hoa hồng hồng và khuyên tai pha lê. Cô ấy dùng hai tay giữ mảnh ghép hình trên cùng bên phải (có số ""26"" trên đó), di chuyển nó về phía trung tâm để nối với mảnh trên cùng bên trái. Đôi mắt cô ấy nhìn vào đường nối của mảnh ghép, biểu cảm tập trung và mong đợi, cơ thể hơi nghiêng về phía trước. Nền có hoa anh đào hồng, dòng chữ ""Beautiful Encounter"", bướm và cánh hoa. Ô dưới cùng bên trái (nền xanh bạc hà): Người phụ nữ tương tự mặc váy cotton và linen màu xanh bạc hà, theo phong cách nghệ thuật, với mái tóc dài tự nhiên, băng đô xanh và khuyên tai gỗ. Cô ấy dùng hai tay giữ mảnh ghép hình dưới cùng bên trái (có dòng chữ ""New Year's Day"" trên đó), di chuyển nó lên trên để nối với mảnh trên cùng bên trái. Đôi mắt cô ấy nhìn vào mảnh ghép, biểu cảm nghiêm túc, và miệng hơi mím lại. Nền có cây xanh, dòng chữ ""Hope Grows"", chồi non và lá. Ô dưới cùng bên phải (nền vàng chanh): Người phụ nữ tương tự mặc váy vàng với họa tiết hoa hướng dương, tóc tết hai bím với nơ vàng. Cô ấy đẩy mảnh ghép hình cuối cùng ở dưới cùng bên phải (có dòng chữ ""Happy"" trên đó) để hoàn thành bức ghép. Bốn mảnh ghép hoàn hảo tạo thành hình ảnh hoàn chỉnh ""2026 New Year's Day Happy"" ở trung tâm khung hình. Cô ấy ngẩng đầu ra sau, nhìn vào bức ghép đã hoàn thành, khuôn mặt rạng rỡ với nụ cười thành công, vui vẻ. Trung tâm khung hình bùng nổ ánh sáng vàng và pháo hoa. Nền có mặt trời vàng, dòng chữ ""Complete Success"", các biểu tượng mặt cười và hoa hướng dương. Các mảnh ghép hội tụ từ bốn góc vào trung tâm để tạo thành một bức tranh hoàn chỉnh. Trang điểm rõ nét, ánh sáng vòng sáng, ống kính 85mm, khẩu độ f/1.8, bố cục bốn ô với tương tác ghép hình, phong cách tạp chí thời trang.","[""https://cms-assets.youmind.com/media/1767455034932_ivuvu0_G9V-MszakAEAIBw.jpg""]","{""name"":""松果先森"",""url"":""https://x.com/songguoxiansen""}",https://x.com/songguoxiansen/status/2005822648027091031,"Nhiếp ảnh, Cổ điển, Nhân vật, Thời trang, Văn bản, UI/UX"
7,Sơ đồ 'Đầm lầy' Phát triển AI Agent,"Một lời nhắc dựa trên JSON chi tiết dành cho Nano Banana Pro để tạo ra sơ đồ 'Swamp' (một định dạng meme phổ biến trên internet) minh họa tính chất tuần hoàn của việc bị mắc kẹt trong quá trình phát triển AI Agent. Lời nhắc xác định cấu trúc, phong cách (đơn giản, minh họa dễ thương), bố cục (đường dẫn giới thiệu thẳng dẫn vào một vòng lặp theo chiều kim đồng hồ) và các nút cụ thể với nhân vật, hình ảnh và thuật ngữ đối thoại/suy nghĩ của sơ đồ.","diagram:
  title: ""{argument name=""diagram title"" default=""Vòng Lặp Đầm Lầy Phát Triển AI Agent Sinh Thành""}""
  style:
    character: ""simple_editorial_cute""
    tone: ""light_like_original""
    line: ""soft_round""
    shading: ""flat_minimal""
    palette: ""muted_editorial""
    background: ""light_beige_or_white""

  rule:
    first_character_only: ""Chỉ người đầu tiên là khác""
    others_same_character: ""Tất cả những người khác đều là một""
    anxiety_requires_tech_terms: true
    dialogue_tone: ""Giữ nguyên cách diễn đạt ngắn gọn, nhẹ nhàng của sơ đồ gốc""

layout:
  intro_track: ""Phần trên là một đường thẳng (từ trái sang phải), sau đó rẽ xuống để nối vào vòng lặp""
  loop_track: ""Sắp xếp thành một vòng lặp (hình tròn), với các mũi tên cong theo chiều kim đồng hồ dọc theo chu vi""

nodes:
  # ===== Upper Section: Straight Introduction =====
  - id: A
    zone: ""intro""
    position: ""upper_left""
    actor: ""Người khác (Kỹ sư cấp cao)""
    visual: ""Chỉ vào máy tính xách tay""
    item: ""Màn hình Demo AI Agent""
    says: ""Nó sẽ làm bạn hạnh phúc.""
    arrow_to: { id: B, shape: ""straight"", direction: ""right"" }

  - id: B
    zone: ""intro""
    position: ""upper_center""
    actor: ""Nhân vật chính (Cùng một người)""
    visual: ""Vẫy tay nhẹ""
    says: ""Ngay cả một agent đơn giản...""
    arrow_to: { id: C, shape: ""straight"", direction: ""right"" }

  - id: C
    zone: ""intro""
    position: ""upper_right""
    actor: ""Nhân vật chính (Cùng một người)""
    visual: ""Thực thi mã mẫu""
    item: ""Mẫu LangChain / CrewAI""
    arrow_to: { id: D, shape: ""straight"", direction: ""down"" }

  # ===== D: Awakening Point =====
  - id: D
    zone: ""connector""
    position: ""right_outer_before_loop""
    actor: ""Nhân vật chính (Cùng một người)""
    visual:
      face: ""Mắt mở to (dễ thương)""
      effect: ""Vệt sáng nhỏ của sự cảm hứng""
      posture: ""Nghiêng người về phía trước""
    state: ""Thức tỉnh""
    says: ""Agent, cái này thật điên rồ...""
    micro_text: ""(Thức tỉnh ở đây)""
    arrow_to:
      id: E
      shape: ""gentle_curve""
      direction: ""down_into_ring""

  # ===== Loop Start (Must rotate from here) =====
  - id: E
    zone: ""loop""
    position: ""loop_right_upper""
    actor: ""Nhân vật chính (Cùng một người)""
    visual: ""Ôm đầu (dễ thương)""
    state: ""Bắt đầu lo lắng/khó chịu""
    says: ""Khó chịu""
    thought_terms:
      - ""Thiết kế Prompt""
      - ""Lựa chọn công cụ""
      - ""Thiết kế bộ nhớ""
    thought_text: ""Nó không hoạt động như mong đợi...""
    arrow_to: { id: F, shape: ""curved_along_ring"", direction: ""clockwise"" }

  - id: F
    zone: ""loop""
    position: ""loop_right_lower""
    actor: ""Nhân vật chính (Cùng một người)""
    visual: ""Bị bao quanh bởi mã và nhật ký""
    state: ""Sự khó chịu lắng xuống""
    says: ""Trong trạng thái khó chịu""
    callout: ""Vòng lặp! Chạy loạn! Ảo giác!""
    thought_terms:
      - ""RAG""
      - ""Gọi hàm""
      - ""Sử dụng công cụ""
    arrow_to: { id: G, shape: ""curved_along_ring"", direction: ""clockwise"" }

  - id: G
    zone: ""loop""
    position: ""loop_bottom""
    actor: ""Nhân vật chính (Cùng một người)""
    visual: ""Bị bao phủ bởi ghi chú và sơ đồ""
    says: ""Cơ thể dần dần phát triển khả năng chịu đựng, và việc sử dụng tăng lên.""
    items:
      - ""Sơ đồ kiến trúc Agent""
      - ""Ghi nhớ phân công vai trò""
      - ""Luồng chuyển đổi trạng thái""
    arrow_to: { id: H, shape: ""curved_along_ring"", direction: ""clockwise"" }

  - id: H
    zone: ""loop""
    position: ""loop_left_lower""
    actor: ""Nhân vật chính (Cùng một người)""
    visual: ""Hoạt động tốt, nắm tay nhỏ""
    state: ""Thỏa mãn tạm thời""
    says: ""Mong muốn tạm thời được thỏa mãn""
    arrow_to: { id: I, shape: ""curved_along_ring"", direction: ""clockwise"" }

  - id: I
    zone: ""loop""
    position: ""loop_left_upper""
    actor: ""Nhân vật chính (Cùng một người)""
    visual: ""Suy nghĩ lại""
    state: ""Ám ảnh/Chiếm hữu suy nghĩ""
    says: ""Suy nghĩ về agent""","[""https://cms-assets.youmind.com/media/1766667407596_i77nzi_G8ybmHWagAUO-CF.jpg""]","{""name"":""Studio Veco|日本一ダサい画像を生成する人"",""url"":""https://x.com/studio_veco""}",https://x.com/studio_veco/status/2003147059298443496,"Chân dung, Minh họa, Tối giản, Nội thất, Nhân vật, Văn bản, UI/UX, Meme"
9,Cảnh căn phòng otaku chụp ảnh selfie qua gương chi tiết,"Một prompt Nano Banana rất chi tiết mô tả ảnh selfie trước gương của một cô gái trong góc máy tính otaku tông màu xanh lam, với đầy đủ thông số kỹ thuật về nhân vật, môi trường, ánh sáng, máy ảnh và các prompt phủ định.","### Bối cảnh
Ảnh selfie qua gương trong góc máy tính phong cách otaku, tông màu xanh.

### Chủ thể
* Biểu cảm giới tính: nữ
* Tuổi: khoảng 25
* Dân tộc: Đông Á
* Dáng người: mảnh mai, eo thon; tỷ lệ cơ thể tự nhiên
* Tông da: tông trung tính sáng
* Kiểu tóc:
    * Độ dài: tóc dài ngang eo
    * Kiểu: thẳng với phần đuôi hơi xoăn nhẹ
    * Màu: nâu trung bình
* Tư thế:
    * Dáng đứng: đứng hơi contrapposto
    * Tay phải: cầm điện thoại thông minh trước mặt (giấu danh tính)
    * Tay trái: buông tự nhiên dọc thân
    * Thân trên: thân hơi ngả về sau; eo và bụng lộ ra
* Trang phục:
    * Áo trên: áo khoác len dệt kim dáng lửng màu xanh nhạt, cài hai cúc trên cùng; áo ngực kiểu Pháp màu xanh mờ ảo
    * Quần dưới: quần short denim siêu ngắn, với một chiếc nơ ruy băng satin màu xanh ở mỗi bên hông
    * Vớ: vớ cao quá gối sọc ngang xanh trắng
    * Phụ kiện: ốp điện thoại hình linh vật dễ thương màu xanh

### Môi trường
* Mô tả: góc máy tính trong phòng ngủ nhìn qua gương treo tường
* Đồ đạc:
    * Bàn làm việc màu trắng
    * Một màn hình hiển thị hình nền màu xanh dịu (không có chữ có thể đọc được)
    * Bàn phím cơ với keycap màu trắng trên tấm lót bàn màu xanh
    * Chuột trên tấm lót chuột nhỏ màu xanh
    * Thùng máy tính ở bên phải với đèn case màu xanh
    * Ba mô hình anime trên hoặc gần thùng máy tính
    * Một tấm áp phích hình chùa trên tường
    * Đèn bàn hình mèo có điểm nhấn màu xanh
    * Một ly nước thủy tinh trong suốt
    * Một cây xanh lá cao bên cửa sổ (ở phía bên trái khung hình)
* Thay thế màu sắc: thay thế tất cả các yếu tố ban đầu màu hồng (quần áo và đồ trang trí phòng) bằng tông màu xanh (từ xanh da trời nhạt đến xanh da trời/xanh dừa cạn).

### Ánh sáng
* Nguồn sáng: ánh sáng ban ngày từ cửa sổ lớn bên trái máy ảnh, xuyên qua rèm mỏng
* Chất lượng ánh sáng: ánh sáng mềm, khuếch tán
* Cân bằng trắng (K): 5200

### Máy ảnh
* Chế độ: camera sau của điện thoại thông minh chụp qua gương (không có chế độ chân dung/bokeh)
* Tiêu cự tương đương (mm): 26
* Khoảng cách (m):
    * Chủ thể đến gương: 0.6
    * Máy ảnh đến gương: 0.5
* Phơi sáng:
    * Khẩu độ (f): 1.8
    * ISO: 100
    * Tốc độ màn trập (s): 0.01
    * Bù trừ phơi sáng (EV): -0.3
* Lấy nét: lấy nét vào phần thân trên và quần short trong ảnh phản chiếu qua gương
* Độ sâu trường ảnh: độ sâu trường ảnh sâu tự nhiên của điện thoại thông minh; hậu cảnh hiển thị rõ ràng không bị làm mờ nhân tạo
* Bố cục:
    * Tỷ lệ khung hình: 1:1
    * Cắt: từ đỉnh đầu đến giữa đùi; bao gồm bàn làm việc, màn hình, thùng máy tính và cây xanh trong khung hình
    * Góc: góc hơi cao từ góc nhìn của gương
    * Ghi chú bố cục: giữ chủ thể ở giữa; để tránh biến dạng cạnh góc rộng, hãy để cô ấy đứng xa hơn một chút và cắt thành hình vuông sau.

### Lời nhắc tiêu cực
* Bất kỳ sự xuất hiện nào của màu hồng/đỏ tươi ở bất cứ đâu
* Bộ lọc làm đẹp/da quá mịn; vẻ ngoài da không có lỗ chân lông
* Giải phẫu phóng đại hoặc biến dạng
* NSFW, vải xuyên thấu, sự cố trang phục
* Logo, tên thương hiệu hoặc văn bản giao diện người dùng có thể đọc được
* Hiệu ứng làm mờ chế độ chân dung giả, cảm giác CGI/minh họa","[""https://cms-assets.youmind.com/media/1763889946850_689z0h_G23i3sJW0AASGUw.jpg""]","{""name"":""宝玉"",""url"":""https://x.com/dotey""}",https://x.com/dotey/status/1976485558319722711,"Chân dung, Nhiếp ảnh, Minh họa, 3D, Anime, Nhân vật, Văn bản, Logo, Poster, UI/UX"
14,Hồ sơ / Ảnh đại diện - Tạo Avatar 3D Phong cách Pixar,"Một prompt được thiết kế để chuyển đổi ảnh đại diện đã tải lên thành hình đại diện 3D chất lượng cao theo phong cách Pixar, nhấn mạnh biểu cảm vui tươi, kết cấu mượt mà và tỷ lệ phóng đại, dễ thương.","Tạo một hình đại diện 3D chất lượng cao của người trong ảnh đã tải lên với khuôn mặt tươi tắn, biểu cảm. Nhân vật nên có nụ cười ấm áp, đôi mắt sáng và các đường nét khuôn mặt mềm mại, tạo cảm giác thân thiện và dễ gần. Kết xuất theo phong cách Pixar với kết cấu mịn, đổ bóng da tinh tế và tỷ lệ hơi phóng đại để có vẻ ngoài hoạt hình, dễ thương. Ánh sáng nên mềm mại và đều, tạo vẻ ngoài studio sạch sẽ với bóng đổ nhẹ nhàng để tạo chiều sâu.","[""https://cms-assets.youmind.com/media/1768890637866_6vkuqw_G_CpVLfXMAAuHu8.jpg""]","{""name"":""Heisenberg"",""url"":""https://x.com/rovvmut_""}",https://x.com/rovvmut_/status/2013295220440654142,"Chân dung, 3D, Anime, Nhân vật, UI/UX"
15,Hồ sơ / Ảnh đại diện - Lời nhắc chụp ảnh tự sướng trong gương phòng gym siêu thực (Mô phỏng iPhone 17 Pro),"Một prompt mang tính kỹ thuật cao dành cho Gemini Nano Banana Pro được thiết kế để mô phỏng một bức ảnh selfie trong gương phòng gym thô, có độ tương phản cao, được chụp bằng ống kính iPhone 17 Pro góc siêu rộng. Nó yêu cầu độ chân thực sinh học cực cao, lấy nét sắc nét trên mọi mặt phẳng (không có hiệu ứng bokeh), làm thon gọn cơ thể một cách mạnh mẽ và chi tiết kết cấu chân thực trên quần áo và da, hướng tới một vẻ đẹp tự nhiên, không chỉnh sửa như khi đăng lên mạng xã hội.","(Tỷ lệ khung hình điện thoại thông minh 9:16 dọc). Một bức ảnh [Chụp gương nội thất phòng gym] thô, độ tương phản cao được chụp bằng iPhone 17 Pro sử dụng ống kính góc siêu rộng 0.5x. KHÔNG CÓ BOKEH NHÂN TẠO. Mọi mặt phẳng tiêu cự đều SẮC NÉT và rõ ràng, từ làn da của chủ thể đến thiết bị tập gym ở xa.
Chủ thể & Nhận dạng:
• Nhận dạng: Giữ nguyên cấu trúc khuôn mặt hình trái tim chính xác và các đặc điểm độc đáo của người phụ nữ trong Hình ảnh 1 (Selfie).
• Độ trung thực sinh học: Kết xuất vật lý sinh học ""TrueLens"" độ trung thực cao: các lỗ chân lông siêu nhỏ có thể nhìn thấy, làn da ẩm mượt tự nhiên ""satin-finish"" vào ban đêm, và lông tơ mịn bắt sáng từ đèn trên cao CHỈ dọc theo đường quai hàm.
• Hiệu chỉnh hình dáng (TỐI ĐA YẾU TỐ UFF): Ưu tiên thể tích phần thân trên có cấu trúc nổi bật và độ sâu giải phẫu đáng kể, săn chắc ở các chi dưới. Tập trung vào việc thuôn nhọn mạnh mẽ ở phần giữa cơ thể để tối đa hóa hình học đường cong chữ S.
Trang phục & Tương tác kết cấu:
• Trang phục: Một chiếc áo phông dệt kim kỹ thuật màu đen mờ, mật độ cao và quần đùi thể thao tối giản có độ căng cao phù hợp.
• Độ căng: Vải kỹ thuật thể hiện độ căng cơ học cực cao và vừa vặn như chân không, tạo ra sự giãn nở kết cấu chân thực và ""đường căng"" nơi vật liệu ôm sát hình dáng cơ thể cô ấy.
• Vật lý vật chất: Vớ cổ thuyền bằng cotton mật độ cao màu trắng thể hiện sự tiếp xúc kết cấu chân thực và phân bổ trọng lượng trên sàn gạch.
Tư thế & Bố cục:
• Tư thế: Một bức ảnh selfie trong gương góc 3/4. Cô ấy đang đứng với phần thân xoay trục về phía gương, ưỡn lưng và hất hông để làm nổi bật thể tích 3D đối xứng của vóc dáng.
• Hành động: TAY PHẢI cô ấy cầm một chiếc điện thoại thông minh có vỏ trang trí, chụp lại hình ảnh phản chiếu ""kiểm tra trang phục"" toàn thân.
• Lớp phủ UI: Một dấu thời gian đồng hồ kỹ thuật số màu trắng ở góc trên bên trái hiển thị ""8:33 PM"" bằng phông chữ sans-serif đơn giản.
Môi trường & Hiện thực xã hội:
• Ánh sáng: Ánh sáng công nghiệp trực tiếp, gay gắt từ trên cao tạo ra các điểm sáng phản chiếu độ tương phản cao và bóng sâu, rõ nét làm nổi bật hình dạng 3D của cô ấy.
• Nền (SẮC NÉT): Nội thất phòng gym thương mại chi tiết. Một cột cấu trúc màu xanh neon rực rỡ, sàn gạch trắng với các đường ron có thể nhìn thấy, và ghế tập thể dục màu tối đều được LẤY NÉT hoàn hảo. Không có làm mờ nhân tạo.
Chất lượng: Thẩm mỹ ảnh đăng mạng xã hội thô, chưa chỉnh sửa, dải động cao, nhiễu kỹ thuật số có thể nhìn thấy trong các vùng bóng tối sâu (kiểu ISO 1600), độ phân giải 8k. Mọi thứ đều sắc nét, chi tiết và chân thực về mặt vật lý.","[""https://cms-assets.youmind.com/media/1768890706556_m6fybh_G_CcP-yXYAEMd4u.jpg""]","{""name"":""Dan Reed"",""url"":""https://x.com/daaaaanc""}",https://x.com/daaaaanc/status/2013280839228866742,"Chân dung, Nhiếp ảnh, 3D, Tối giản, Tương lai, Nội thất, Văn bản, UI/UX"
19,Hồ sơ / Ảnh đại diện - Chân dung mùa đông trên núi cao từ ảnh sang ảnh,"Một lời nhắc có cấu trúc dành cho Gemini Nano Banana Pro sử dụng mô hình Stable Diffusion XL để tạo ảnh từ ảnh. Nó yêu cầu một hình ảnh tham chiếu được tải lên để giữ nguyên danh tính của đối tượng và tạo ra một bức chân dung mùa đông siêu thực ngoài trời trên ban công núi cao, với mô tả cụ thể là tóc tết hai bên màu vàng bạch kim, biểu cảm vui tươi và ánh sáng ban ngày mùa đông tự nhiên sắc nét.","{
  ""type"": ""image_to_image"",
  ""model"": ""stable-diffusion-xl"",
  ""prompt"": ""Sử dụng hình ảnh đã tải lên làm tài liệu tham khảo chính và giữ nguyên người, cấu trúc khuôn mặt, tông màu da và danh tính. Tạo một bức chân dung mùa đông ngoài trời siêu thực trên ban công gỗ ở vùng núi An-pơ phủ tuyết. Người đó hơi nghiêng về phía máy ảnh với biểu cảm chu môi hôn tinh nghịch. Tóc vàng bạch kim được tạo kiểu thành hai bím tóc dài. Mặc áo dài tay màu đen ôm sát và quần đen. Kính râm hình chữ nhật màu đen sành điệu. Kết cấu da trắng tự nhiên với lỗ chân lông và điểm nhấn chân thực. Bối cảnh bao gồm núi phủ tuyết, cây thông, cabin gỗ và bầu trời mùa đông trong xanh. Tuyết mới phủ trên lan can ban công. Một tách cà phê trắng đặt hờ hững trên lan can gỗ. Ánh sáng ban ngày mùa đông tự nhiên rực rỡ, ánh nắng trong trẻo, bóng đổ chân thực. Chụp bằng ống kính góc rộng, nhiếp ảnh phong cách du lịch, thẩm mỹ Instagram, siêu chi tiết, siêu thực, ảnh chuyên nghiệp."",
  ""negative_prompt"": ""mờ, chất lượng thấp, khuôn mặt méo mó, sai danh tính, thừa ngón tay, thừa chi, giải phẫu học kém, hoạt hình, anime, CGI, da nhựa, tuyết phơi sáng quá mức, hình mờ, logo, chữ"",
  ""settings"": {
    ""denoise_strength"": 0.5,
    ""cfg_scale"": 7,
    ""steps"": 30,
    ""sampler"": ""DPM++ 2M Karras"",
    ""aspect_ratio"": ""3:4"",
    ""seed"": -1
  }
}","[""https://cms-assets.youmind.com/media/1768890710684_0yaxud_G_BCVx7XQAASbey.jpg"",""https://cms-assets.youmind.com/media/1768890710797_p1utsa_G_BCVwqWkAMyFyL.jpg""]","{""name"":""Sudee🥀"",""url"":""https://x.com/NameIsSudee""}",https://x.com/NameIsSudee/status/2013182092331589997,"Chân dung, Nhiếp ảnh, 3D, Anime, Văn bản, Logo, UI/UX"
25,Hồ sơ / Ảnh đại diện - Ảnh phong cách sống của người có ảnh hưởng cao cấp với chủ đề Cheetos,"Một JSON prompt toàn diện cho Nano Banana Pro để tạo ra một hình ảnh phong cách sống siêu chân thực, cao cấp về một người mẫu nữ có đường cong tạo dáng tinh nghịch trên bàn bếp với các phụ kiện chủ đề Cheetos, nhấn mạnh độ sắc nét và ánh sáng tự nhiên ban ngày.","{
  ""meta"": {
    ""aspect_ratio"": ""9:16"",
    ""quality"": ""ultra_photorealistic"",
    ""resolution"": ""8k"",
    ""camera"": ""Sony A7R IV"",
    ""lens"": ""50mm f/1.4 GM"",
    ""style"": ""chụp ảnh phong cách sống của người có ảnh hưởng cao cấp, lấy nét sắc nét, ánh sáng tự nhiên ban ngày, tính thẩm mỹ của tệp thô""
  },

  ""scene"": {
    ""location"": ""nhà bếp ở nhà ngoại ô"",
    ""environment"": [
      ""mặt bàn đá granite với các đốm màu be và nâu"",
      ""tủ gỗ tối màu ở phía sau"",
      ""khu vực ăn uống mờ ảo với ghế tối màu"",
      ""cửa sổ lớn có rèm cho ánh sáng tự nhiên chiếu vào"",
      ""cây xanh nhìn thấy qua cửa sổ mờ""
    ],
    ""time"": ""giữa trưa"",
    ""atmosphere"": ""vui tươi, tinh nghịch, sống động, quyến rũ giản dị""
  },

  ""lighting"": {
    ""type"": ""ánh sáng tự nhiên và ánh sáng trong nhà hỗn hợp"",
    ""key_light"": ""ánh sáng ban ngày khuếch tán mềm mại từ cửa sổ (phía sau bên phải)"",
    ""fill_light"": ""ánh sáng xung quanh phòng phản chiếu từ các bức tường sáng"",
    ""effect"": ""bóng mềm trên da, điểm sáng rực rỡ trên tóc, độ giảm tự nhiên ở hậu cảnh"",
    ""reflections"": ""phản chiếu bóng loáng trên các túi Cheetos""
  },

  ""camera_perspective"": {
    ""pov"": ""ngang tầm mắt so với chủ thể trên quầy"",
    ""framing"": ""cảnh trung bình, từ đầu gối đến đầu"",
    ""focus"": ""độ sâu trường ảnh nông (phông nền bokeh), lấy nét sắc nét vào mắt và mặt""
  },

  ""subject"": {
    ""gender"": ""nữ"",
    ""age"": ""đầu tuổi 20"",
    ""ethnicity"": ""Caucasian"",
    ""body"": {
      ""type"": ""thể hình cân đối, có đường cong"",
      ""skin"": ""da trắng, kết cấu da chân thực với lỗ chân lông có thể nhìn thấy và màu hồng tự nhiên, không chỉnh sửa bằng airbrush"",
      ""waist"": ""thon gọn"",
      ""glutes"": ""nổi bật và có đường cong (được nhấn mạnh bởi tư thế)"",
      ""legs"": ""săn chắc""
    },

    ""hair"": {
      ""color"": ""đỏ đồng rực rỡ"",
      ""length"": ""dài, đến giữa lưng"",
      ""style"": ""thẳng với kiểu tóc đuôi ngựa buộc nửa đầu cao, những sợi tóc lỏng lẻo ôm lấy khuôn mặt"",
      ""texture"": ""mượt mà nhưng chân thực, bắt sáng""
    },

    ""face"": {
      ""expression"": ""nụ cười quyến rũ, ánh mắt tự tin nhìn lại qua vai"",
      ""eyes"": ""xanh dương sáng sắc sảo"",
      ""makeup"": ""trang điểm lộng lẫy, nền lì, mascara đậm, kẻ mắt cánh, môi hồng nhạt"",
      ""details"": ""đường quai hàm sắc nét, khuyên tai vòng bạc có thể nhìn thấy""
    },

    ""pose"": {
      ""position"": ""quỳ trên đảo bếp/quầy"",
      ""orientation"": ""nhìn nghiêng/cạnh, xoay thân về phía máy ảnh"",
      ""back"": ""cong mạnh (tư thế ưỡn cột sống)"",
      ""hands"": ""đặt trên đùi/quầy để hỗ trợ"",
      ""head"": ""hơi quay sang trái để đối mặt trực tiếp với ống kính""
    },

    ""outfit"": {
      ""bikini"": {
        ""color"": ""{argument name=\""bikini color\"" default=\""bright yellow\""} với viền cam"",
        ""style"": ""áo tam giác và quần lọt khe"",
        ""fabric"": ""chất liệu đồ bơi lì, dây áo hơi căng"",
        ""details"": ""dây buộc ở cổ và hông""
      },
      ""accessories"": {
        ""socks"": ""tất mắt cá chân với họa tiết ngọn lửa kiểu Cheetos (vàng/đỏ/cam)"",
        ""jewelry"": ""khuyên tai vòng bạc lớn mỏng, del""
      }
    }
  }
}","[""https://cms-assets.youmind.com/media/1768804267806_x3g5yk_G-82wiRWIAArc6r.jpg""]","{""name"":""Bananai"",""url"":""https://x.com/aibananai""}",https://x.com/aibananai/status/2012887772235743238,"Chân dung, Nhiếp ảnh, Điện ảnh, Nhân vật, Xe cộ, Thời trang, Thành phố, Văn bản, UI/UX"
26,Hồ sơ / Ảnh đại diện - Gen Z Influencer Chụp Ảnh Tự Sướng Trong Hành Lang Màu Pastel,"Một lời nhắc tạo ảnh cực kỳ chi tiết, chân thực như ảnh chụp cho một bức ảnh selfie trước gương với phong cách của một influencer Gen Z. Nó mô tả ngoại hình của chủ thể (tóc búi không gian màu vàng bạch kim, trang điểm cụ thể), trang phục (váy ống xếp ly màu xanh pastel, giày cao gót màu cam), tư thế (quỳ gối, kéo tóc) và một môi trường hành lang trong nhà màu pastel chi tiết, bao gồm cả chi tiết điện thoại cụ thể.","{
  ""meta_data"": {
    ""prompt_version"": ""2.0"",
    ""use_case"": ""Tạo ảnh siêu thực"",
    ""main_subject_count"": 1
  },
  ""subject_layer"": {
    ""anatomy"": {
      ""demographics"": {
        ""gender"": ""Nữ"",
        ""age_group"": ""Người trẻ tuổi"",
        ""ethnicity"": ""Da trắng"",
        ""skin_tone"": ""Sáng với tông đào ấm"",
        ""build"": ""Cân đối, nhỏ nhắn""
      },
      ""face_detail"": {
        ""eyes"": {
          ""color"": ""Xanh dương"",
          ""makeup"": ""Kẻ mắt mèo đen sắc sảo, lông mi rõ nét""
        },
        ""nose"": ""Nhỏ, hình cúc áo"",
        ""mouth"": {
          ""shape"": ""Mở hình chữ 'O' (chu môi/ngạc nhiên)"",
          ""teeth_visibility"": ""Thấy răng trên"",
          ""tongue_visibility"": ""Hơi thấy lưỡi phía sau răng"",
          ""lip_color"": ""Hồng nhạt, tự nhiên""
        },
        ""complexion_accents"": ""Má hồng đậm màu hồng cánh sen trên má và sống mũi (kiểu da rám nắng)""
      },
      ""hair"": {
        ""color"": ""Tóc vàng bạch kim"",
        ""style_core"": ""Hai búi tóc không gọn gàng trên đỉnh đầu"",
        ""framing"": ""Những sợi tóc dài buông lơi ôm lấy khuôn mặt"",
        ""interaction"": ""Chủ thể đang kéo một sợi tóc dài sang một bên bằng tay trái""
      }
    },
    ""attire_layer"": {
      ""garment_main"": {
        ""item"": ""Đầm ống"",
        ""length"": ""Ngắn"",
        ""fit"": ""Ôm sát/Bodycon"",
        ""color"": ""{argument name=\""dress color\"" default=\""Xanh lá chanh pastel\""}"",
        ""texture"": ""Vải nhún, các nếp gấp ngang tự nhiên""
      },
      ""accessories"": {
        ""neck"": ""Vòng cổ choker hạt màu xanh ngọc/xanh mòng két to bản""
      },
      ""footwear"": {
        ""type"": ""Giày cao gót mũi nhọn"",
        ""visibility"": ""Một chiếc giày có thể nhìn thấy trên bàn chân nhấc lên"",
        ""color_way"": ""Cam""
      }
    },
    ""pose_dynamics"": {
      ""posture"": ""Quỳ trên sàn, đầu gối dang rộng, hơi ưỡn lưng dưới"",
      ""orientation"": ""Hướng mặt về phía gương"",
      ""limb_placement"": {
        ""right_arm"": ""Giơ lên cầm điện thoại gần mặt"",
        ""left_arm"": ""Duỗi sang bên giữ sợi tóc"",
        ""legs"": ""Quỳ gối, một bàn chân hơi nhấc lên phía sau""
      }
    }
  },
  ""environment_layer"": {
    ""setting_type"": ""Hành lang/sảnh trong nhà"",
    ""spatial_layout"": {
      ""floor"": ""Thảm trải sàn màu vàng nhạt sang trọng"",
      ""walls"": ""Sơn màu hồng nhạt, ván chân tường màu trắng"",
      ""background_left"": ""Cửa gỗ màu đỏ với tay nắm bạc, công tắc đèn màu trắng"",
      ""background_right"": ""Cầu thang với lan can màu hồng và bậc thang trải thảm màu tím""
    }
  },
  ""composition_and_tech"": {
    ""framing"": {
      ""type"": ""Ảnh tự chụp qua gương"",
      ""angle"": ""Ngang tầm mắt"",
      ""prop_device"": ""Điện thoại thông minh iPhone màu trắng ngà, ốp lưng óng ánh/cầu vồng, camera sau có thể nhìn thấy""
    },
    ""lighting"": {
      ""source"": ""Ánh sáng tự nhiên trong nhà khuếch tán"",
      ""direction"": ""Trước/Phải"",
      ""shadows"": ""Bóng mềm, tự nhiên trên tường phía sau""
    },
    ""aesthetic_style"": {
      ""visual_core"": ""Chủ nghĩa siêu thực"",
      ""vibe"": ""Gen Z Infl""
    }
  }
}","[""https://cms-assets.youmind.com/media/1768804290245_yyhrbj_G-8HddUX0AAJbA4.jpg"",""https://cms-assets.youmind.com/media/1768804290325_vsx8to_G-8w2MhWsAANB8i.jpg"",""https://cms-assets.youmind.com/media/1768804290419_4oztcw_G-8w2OvWIAAvfYU.jpg"",""https://cms-assets.youmind.com/media/1768804291792_2opmkn_G-8HddUWsAA21S7.jpg""]","{""name"":""KeorUnreal"",""url"":""https://x.com/KeorUnreal""}",https://x.com/KeorUnreal/status/2012881277297311760,"Chân dung, Nhóm người, Nhiếp ảnh, Điện ảnh, Thành phố, Văn bản, UI/UX"
27,Hồ sơ / Ảnh đại diện - Ảnh Chụp Selfie Phản Chiếu Chân Thực Với Tóc Búi Không Gian Và Váy Hồng (Bản Sao),"Một JSON prompt chi tiết cho Nano Banana Pro để tạo ra một bức ảnh selfie phản chiếu chân thực của một phụ nữ trẻ đang quỳ trên sàn trải thảm, mặc một chiếc váy ống màu hồng pastel và đi giày thể thao cổ cao, nhấn mạnh các biểu cảm khuôn mặt cụ thể, kiểu tóc (tóc búi hai bên), và bố cục môi trường chi tiết.","{
  ""meta_data"": {
    ""prompt_version"": ""2.0"",
    ""use_case"": ""Photorealistic Image Generation"",
    ""main_subject_count"": 1
  },
  ""subject_layer"": {
    ""anatomy"": {
      ""demographics"": {
        ""gender"": ""Nữ"",
        ""age_group"": ""Người trẻ tuổi"",
        ""ethnicity"": ""Da trắng"",
        ""skin_tone"": ""Sáng với tông đào ấm"",
        ""build"": ""Mảnh mai, nhỏ nhắn""
      },
      ""face_detail"": {
        ""eyes"": {
          ""color"": ""Xanh dương/Xám"",
          ""makeup"": ""Kẻ mắt mèo sắc nét màu đen, lông mi rõ ràng""
        },
        ""nose"": ""Nhỏ, hình cúc áo"",
        ""mouth"": {
          ""shape"": ""Mở hình chữ 'O' (chu môi/ngạc nhiên)"",
          ""teeth_visibility"": ""Thấy răng hàm trên"",
          ""tongue_visibility"": ""Hơi thấy lưỡi phía sau răng"",
          ""lip_color"": ""Hồng nhạt, tự nhiên""
        },
        ""complexion_accents"": ""Má hồng đậm màu hồng phấn trên má và sống mũi (kiểu da rám nắng)""
      },
      ""hair"": {
        ""color"": ""Vàng sẫm đến nâu nhạt"",
        ""style_core"": ""Hai búi tóc cao lộn xộn"",
        ""framing"": ""Những sợi tóc dài lỏng lẻo ôm lấy khuôn mặt"",
        ""interaction"": ""Chủ thể đang dùng tay trái kéo một sợi tóc dài sang một bên""
      }
    },
    ""attire_layer"": {
      ""garment_main"": {
        ""item"": ""Váy ống"",
        ""length"": ""Ngắn"",
        ""fit"": ""Ôm sát/Bodycon"",
        ""color"": ""{argument name=\""dress color\"" default=\""Hồng pastel\""}"",
        ""texture"": ""Vải nhún, các nếp gấp ngang tự nhiên""
      },
      ""accessories"": {
        ""neck"": ""Vòng cổ choker hạt màu xanh ngọc/xanh mòng két to bản""
      },
      ""footwear"": {
        ""type"": ""Giày thể thao cổ cao"",
        ""visibility"": ""Một chiếc giày có thể nhìn thấy trên bàn chân nhấc lên"",
        ""color_way"": ""Đế trắng với các mảng màu xanh navy và xám""
      }
    },
    ""pose_dynamics"": {
      ""posture"": ""Quỳ trên sàn, hai đầu gối dang rộng, hơi ưỡn lưng dưới"",
      ""orientation"": ""Hướng mặt về phía gương"",
      ""limb_placement"": {
        ""right_arm"": ""Giơ lên cầm điện thoại gần mặt"",
        ""left_arm"": ""Duỗi sang một bên giữ sợi tóc"",
        ""legs"": ""Quỳ, một bàn chân hơi nhấc lên phía sau""
      }
    }
  },
  ""environment_layer"": {
    ""setting_type"": ""Hành lang/ chiếu nghỉ trong nhà"",
    ""spatial_layout"": {
      ""floor"": ""Thảm lông màu xám nhạt trải kín sàn"",
      ""walls"": ""Sơn màu xanh lam-xám nhạt, chân tường màu trắng"",
      ""background_left"": ""Cửa gỗ màu trắng với tay nắm bạc, công tắc đèn màu trắng"",
      ""background_right"": ""Cầu thang với lan can trắng và bậc thang trải thảm xám""
    }
  },
  ""composition_and_tech"": {
    ""framing"": {
      ""type"": ""Chụp ảnh tự sướng qua gương"",
      ""angle"": ""Ngang tầm mắt"",
      ""prop_device"": ""Điện thoại thông minh màu trắng, ốp lưng màu ngọc trai/cầu vồng, có thể nhìn thấy camera sau""
    },
    ""lighting"": {
      ""source"": ""Ánh sáng tự nhiên trong nhà khuếch tán"",
      ""direction"": ""Phía trước/Bên phải"",
      ""shadows"": ""Bóng mềm mại, tự nhiên trên bức tường phía sau""
    },
    ""aesthetic_style"": {
      ""visual_core"": ""Chủ nghĩa hiện thực ảnh"",
      ""vibe"": """"
    }
  }
}","[""https://cms-assets.youmind.com/media/1768804287979_vtssaf_G-8kul8XQAEeLFK.jpg""]","{""name"":""Emer"",""url"":""https://x.com/emer_web3""}",https://x.com/emer_web3/status/2012867953574936773,"Chân dung, Nhóm người, Nhiếp ảnh, Điện ảnh, Thành phố, Văn bản, UI/UX"
28,Hồ sơ / Ảnh đại diện - Ảnh selfie chân thực như ảnh chụp gương với tóc búi hai bên và váy hồng,"Một JSON prompt chi tiết cho Nano Banana Pro để tạo ra một bức ảnh selfie chân thực như ảnh chụp của một phụ nữ trẻ đang quỳ trên sàn trải thảm, mặc một chiếc váy ống màu hồng pastel và đi giày thể thao cổ cao, nhấn mạnh các biểu cảm khuôn mặt cụ thể, kiểu tóc (tóc búi hai bên), và bố cục môi trường chi tiết.","{
  ""meta_data"": {
    ""prompt_version"": ""2.0"",
    ""use_case"": ""Photorealistic Image Generation"",
    ""main_subject_count"": 1
  },
  ""subject_layer"": {
    ""anatomy"": {
      ""demographics"": {
        ""gender"": ""Nữ"",
        ""age_group"": ""Người trẻ tuổi"",
        ""ethnicity"": ""Da trắng"",
        ""skin_tone"": ""Sáng với tông đào ấm"",
        ""build"": ""Mảnh mai, nhỏ nhắn""
      },
      ""face_detail"": {
        ""eyes"": {
          ""color"": ""Xanh dương/Xám"",
          ""makeup"": ""Kẻ mắt mèo đen sắc sảo, lông mi rõ nét""
        },
        ""nose"": ""Nhỏ, hình cúc áo"",
        ""mouth"": {
          ""shape"": ""Mở hình chữ 'O' (chu môi/ngạc nhiên)"",
          ""teeth_visibility"": ""Thấy răng hàm trên"",
          ""tongue_visibility"": ""Hơi thấy lưỡi phía sau răng"",
          ""lip_color"": ""Hồng nhạt, tự nhiên""
        },
        ""complexion_accents"": ""Má hồng đậm màu hồng phấn trên má và sống mũi (kiểu da rám nắng)""
      },
      ""hair"": {
        ""color"": ""Vàng sẫm đến nâu nhạt"",
        ""style_core"": ""Hai búi tóc cao lộn xộn"",
        ""framing"": ""Những lọn tóc dài buông lơi ôm lấy khuôn mặt"",
        ""interaction"": ""Chủ thể đang dùng tay trái kéo một lọn tóc dài sang một bên""
      }
    },
    ""attire_layer"": {
      ""garment_main"": {
        ""item"": ""Váy ống"",
        ""length"": ""Ngắn"",
        ""fit"": ""Ôm sát/Bodycon"",
        ""color"": ""{argument name=\""dress color\"" default=\""Hồng pastel\""}"",
        ""texture"": ""Vải nhún, có các nếp gấp ngang tự nhiên""
      },
      ""accessories"": {
        ""neck"": ""Vòng cổ choker hạt màu xanh ngọc/xanh mòng két to bản""
      },
      ""footwear"": {
        ""type"": ""Giày thể thao cổ cao"",
        ""visibility"": ""Một chiếc giày có thể nhìn thấy trên bàn chân nhấc lên"",
        ""color_way"": ""Đế trắng với các mảng màu xanh navy và xám""
      }
    },
    ""pose_dynamics"": {
      ""posture"": ""Quỳ trên sàn, đầu gối dang rộng, hơi ưỡn lưng dưới"",
      ""orientation"": ""Hướng mặt về phía gương"",
      ""limb_placement"": {
        ""right_arm"": ""Giơ lên cầm điện thoại gần mặt"",
        ""left_arm"": ""Duỗi sang bên giữ lọn tóc"",
        ""legs"": ""Quỳ, một bàn chân hơi nhấc lên phía sau""
      }
    }
  },
  ""environment_layer"": {
    ""setting_type"": ""Hành lang/ chiếu nghỉ trong nhà"",
    ""spatial_layout"": {
      ""floor"": ""Thảm lông màu xám nhạt trải kín sàn"",
      ""walls"": ""Sơn màu xanh xám nhạt, chân tường màu trắng"",
      ""background_left"": ""Cửa gỗ màu trắng có ô kính với tay nắm bạc, công tắc đèn màu trắng"",
      ""background_right"": ""Cầu thang với lan can màu trắng và bậc thang trải thảm xám""
    }
  },
  ""composition_and_tech"": {
    ""framing"": {
      ""type"": ""Chụp ảnh tự sướng qua gương"",
      ""angle"": ""Ngang tầm mắt"",
      ""prop_device"": ""Điện thoại thông minh màu trắng, ốp lưng màu ngọc trai/cầu vồng, có thể nhìn thấy camera sau""
    },
    ""lighting"": {
      ""source"": ""Ánh sáng tự nhiên trong nhà khuếch tán"",
      ""direction"": ""Phía trước/Bên phải"",
      ""shadows"": ""Bóng đổ mềm mại, tự nhiên trên bức tường phía sau""
    },
    ""aesthetic_style"": {
      ""visual_core"": ""Chủ nghĩa hiện thực ảnh"",
      ""vibe"": """"
    }
  }
}","[""https://cms-assets.youmind.com/media/1768804277697_9ns3jh_G-8HddUX0AAJbA4.jpg"",""https://cms-assets.youmind.com/media/1768804278178_tuzoub_G-8HddUWsAA21S7.jpg""]","{""name"":""Melisa♡"",""url"":""https://x.com/xmliisu""}",https://x.com/xmliisu/status/2012835782151594157,"Chân dung, Nhóm người, Nhiếp ảnh, Điện ảnh, Thành phố, Văn bản, UI/UX"
29,Hồ sơ / Ảnh đại diện - Chụp ảnh selfie từ trên cao bằng điện thoại thông minh với mèo đen,"Một lời nhắc tạo ảnh mang tính kỹ thuật cao, tập trung vào việc mô phỏng một bức ảnh selfie chụp từ trên cao, góc nhìn từ trên xuống, được chụp bằng camera điện thoại thông minh. Lời nhắc xác định tỉ mỉ các chế độ lỗi của camera (cắt sáng, nhiễu sắc độ), biến dạng ống kính (méo hình nhẹ) và các hiệu ứng nhiếp ảnh tính toán (làm mịn da, quầng sắc nét) để tối đa hóa tính chân thực vật lý và bắt chước một phong cách thẩm mỹ cụ thể, với hình ảnh một người phụ nữ và một con mèo đen.","{
  ""intent"": {
    ""image_type"": ""selfie"",
    ""era_preset"": ""modern_standard"",
    ""notes"": ""Tối đa hóa tính chân thực vật lý bằng cách xác định tương tác ánh sáng-vật liệu và các chế độ lỗi cảm biến.""
  },
  ""subjects"": {
    ""count"": 1,
    ""primary"": {
      ""type"": ""person"",
      ""age_range"": ""20-25"",
      ""gender_presentation"": ""female"",
      ""region_target"": ""unspecified"",
      ""expression"": ""trung tính, nhìn lên"",
      ""pose"": ""nhìn thẳng vào camera từ phía dưới"",
      ""gaze"": ""nhìn vào ống kính""
    },
    ""additional"": [
      {
        ""type"": ""mèo đen"",
        ""position"": ""ngang sàn, nhìn lên"",
        ""material"": ""lông hữu cơ dày với ria mép trong mờ""
      }
    ]
  },
  ""framing_and_perspective"": {
    ""framing"": ""góc_cao_nhìn_xuống"",
    ""subject_fill_ratio"": 0.82,
    ""camera_angle"": ""trực_tiếp_từ_trên_xuống"",
    ""distance"": ""chiều_dài_cánh_tay"",
    ""camera_class"": ""camera_trước_điện_thoại_thông_minh"",
    ""lens_equiv_mm"": 24,
    ""distortion"": {
      ""type"": ""méo_thùng_nhẹ"",
      ""strength_1to5"": 4
    },
    ""perspective_effects"": {
      ""foreground_scale_emphasis_1to5"": 5,
      ""nose_emphasis_1to5"": 3,
      ""ear_recession_1to5"": 4
    },
    ""depth_of_field"": {
      ""mode"": ""tối_thiểu"",
      ""strength_1to5"": 2,
      ""focus_target"": ""mắt""
    }
  },
  ""lighting_and_exposure"": {
    ""key_light"": {
      ""type"": ""đèn_panel_trên_đầu"",
      ""direction"": ""từ_trên_xuống"",
      ""hardness_1to5"": 5,
      ""halo_bloom_1to5"": 2
    },
    ""exposure_behavior"": {
      ""auto_exposure"": true,
      ""hdr_tone_mapping_1to5"": 4,
      ""overall_brightness_1to5"": 5,
      ""contrast_1to5"": 3,
      ""shadow_depth_1to5"": 2,
      ""highlight_overflow_1to5"": 5
    },
    ""failure_modes_active"": {
      ""highlight_clipping"": true,
      ""shadow_chroma_noise"": true,
      ""denoise_smear"": false,
      ""sharpen_halos"": true,
      ""motion_blur"": false,
      ""jpeg_ringing_banding"": false,
      ""banding_in_gradients"": false,
      ""focus_falloff_edge_softness"": true
    }
  },
  ""computational_pipeline"": {
    ""skin_smoothing"": {
      ""method"": ""nhận_biết_cạnh"",
      ""strength_1to5"": 2,
      ""specular_preservation"": ""bắt_buộc""
    },
    ""sharpening"": {
      ""strength_1to5"": 3,
      ""halo_risk_1to5"": 2
    },
    ""noise_and_denoise"": {
      ""shadow_chroma_noise_1to5"": 3,
      ""denoise_smear_1to5"": 2,
      ""grain_strength_1to5"": 2
    },
    ""compression"": {
      ""jpeg_artifacts_1to5"": 1,
      ""banding_risk_1to5"": 1
    },
    ""white_balance"": {
      ""mode"": ""tự_động"",
      ""highlight_temp_bias"": ""lạnh"",
      ""shadow_temp_bias"": ""trung_tính""
    }
  },
  ""region_and_face_feature_sliders"": {
    ""non_stereotype_policy"": ""thanh_trượt_thay_nhãn"",
    ""beauty_mark_under_right_eye"": false,
    ""sliders_1to5"": {
      ""face_oval_vline_1to5"": 3,
      ""cheekbone_prominence_1to5"": 3,
      ""brow_definition_1to5"": 3,
      ""eye_emphasis_1to5"": 4,
      ""eyelid_crease_definition_1to5"": 3,
      ""nose_bridge_definition_1to5"": 3,
      ""lip_fullness_1to5"": 3
    }
  }
}","[""https://cms-assets.youmind.com/media/1768804295304_b0lxqb_G-8FTwBXgAEjkOg.jpg""]","{""name"":""Emily"",""url"":""https://x.com/IamEmily2050""}",https://x.com/IamEmily2050/status/2012833771528307100,"Chân dung, Nhiếp ảnh, Điện ảnh, Nhân vật, UI/UX"
30,Bài đăng trên mạng xã hội - Hình ảnh quảng cáo sách theo phong cách tàu hỏa,"Một lời nhắc chi tiết bằng tiếng Nhật để tạo quảng cáo theo phong cách sách kinh doanh tỷ lệ 16:9, có hình ảnh sách cụ thể với các điểm sao chép bằng tiếng Nhật.","Vui lòng tạo một hình ảnh quảng cáo.

==== Thông số quảng cáo ===
- Tỷ lệ khung hình: 16:9 (ngang)
- Sản phẩm quảng cáo: cuốn sách trong hình ảnh đính kèm đầu tiên
- Điểm nhấn chính: đặt cuốn sách từ hình ảnh đính kèm đầu tiên theo cách ba chiều
- Ngôn ngữ: tiếng Nhật
- Phong cách: quảng cáo sách kinh doanh

# Văn bản cần đưa vào:
- Văn bản trước tiêu đề: 【Tái bản đã được quyết định chỉ một tuần sau khi phát hành】

Sách “{argument name=""book_title_en"" default=""Designing from Zero with AI""}” hiện đang bán chạy.

Xếp hạng Bán chạy nhất trên Amazon
Xếp hạng số 1 về doanh số thiết kế thương mại (tính đến ngày 15/10)
https://t.co/QxbYpfFVj6","[""https://cms-assets.youmind.com/media/1763885539326_yao7in_G6WBYReawAAcp2x.jpg""]","{""name"":""KAWAI"",""url"":""https://x.com/kawai_design""}",https://x.com/kawai_design/status/1992142466255114727,"Sản phẩm, UI/UX"
32,Bài đăng trên mạng xã hội - Lời nhắc tổng hợp quảng cáo trên mạng xã hội,"Một Nano Banana Pro prompt có cấu trúc chặt chẽ được thiết kế để tạo ra một hình ảnh tổng hợp, trong đó một nhân vật (dựa trên hình ảnh tham chiếu) được ghép lên một ảnh chụp màn hình trang hồ sơ mạng xã hội, đang tích cực chỉ vào nút 'Follow'. Nó chỉ định tính nhất quán về danh tính, góc chụp selfie từ trên cao và cử chỉ tay chi tiết để mô phỏng việc nhấn nút đăng ký, nhằm mục đích tạo phong cách quảng cáo của người có ảnh hưởng.","{
  ""edit_type"": ""creative_composite_layering"",

  ""source"": {
    ""_hint"": ""Logic cơ bản: Nhân vật (Tham chiếu 1) được đặt LÊN TRÊN Ảnh nền (Tham chiếu 2)."",
    ""mode"": ""EDIT"",
    ""reference_images"": {
      ""first"": ""foreground_character_person"",
      ""second"": ""background_scenery_or_pattern""
    },
    ""preserve_from_first"": {
      ""same_person_or_group"": true,
      ""same_faces"": true,
      ""same_hairstyles"": true,
      ""same_outfits"": true
    }
  },

  ""identity"": {
    ""keep_identity_consistent"": true,
    ""expression"": ""bright_engaging_smile_at_camera""
  },

  ""camera_effect"": {
    ""_hint"": ""Phong cách selfie góc cao, tạo cảm giác chiều sâu giữa bàn tay và khuôn mặt."",
    ""perspective"": ""high_angle_shot_looking_down"",
    ""style"": ""social_media_call_to_action"",
    ""depth_of_field"": ""focus_on_face_and_pointing_finger"",
    ""framing"": ""character_centered_with_space_at_top_right""
  },

  ""pose"": {
    ""_hint"": ""Hành động chính: Nằm nhưng chủ động chỉ vào khu vực nút 'Theo dõi' (Trên cùng bên phải)."",
    ""pose_style"": ""lying_down_or_reclining_on_back"",
    ""face_direction"": ""looking_directly_up_into_lens"",
    ""hand_gestures"": {
      ""right_hand_action"": ""pointing_index_finger"",
      ""target_direction"": ""upper_right_corner_45_degrees"",
      ""purpose"": ""mimicking_pressing_subscribe_button"",
      ""arm_position"": ""extended_towards_camera_top_right""
    },
    ""body_language"": ""inviting_and_energetic"",
    ""style_tags"": [
      ""kpop_idol_fan_service"",
      ""influencer_promo_style"",
      ""dynamic_perspective""
    ]
  },

  ""background_integration"": {
    ""_hint"": ""Hình ảnh tham chiếu thứ hai là nền/sàn."",
    ""method"": ""full_background_replacement"",
    ""target_area"": ""entire_canvas_behind_character"",
    ""content_source"": ""reference_image_second"",
    ""perspective_match"": ""flat_lay_style"",
    ""rules"": {
      ""character_must_be_top_layer"": true,
      ""leave_space_in_upper_right_for_ui"": true
    }
  },

  ""composition"": {
    ""_hi"": """"
  }
}","[""https://cms-assets.youmind.com/media/1768890722190_d6cx29_G_Fa-sGXwAASQrG.jpg""]","{""name"":""BeautyVerse"",""url"":""https://x.com/BeautyVerse_Lab""}",https://x.com/BeautyVerse_Lab/status/2013490554466939282,"Chân dung, Nhóm người, Nhiếp ảnh, Tối giản, Sản phẩm, Nhân vật, Thời trang, Trừu tượng, Logo, UI/UX"
36,Bài đăng trên mạng xã hội - Đồ mặc nhà phong cách Retro ấm cúng với lông giả xù,"Một prompt cho Nano Banana Pro tập trung vào việc tạo ra hình ảnh về 'trang phục mặc nhà tối thượng' với tính thẩm mỹ ấm cúng, đậm chất tạp chí thời trang. Kỹ thuật chính là xếp lớp các thuật ngữ 'Shaggy faux fur' (lông giả xù) và 'Long pile' (lông dài) để đạt được độ mềm mại tối đa, kết hợp với đồ nội thất cổ điển để tạo không khí sành điệu, thoải mái.","Đã tạo hình ảnh 'trang phục mặc nhà tối thượng'. Mấu chốt là kết hợp các lớp ""{argument name=""material1"" default=""Shaggy faux fur""}"" và ""{argument name=""material2"" default=""Long pile""}"" để đạt được kết cấu mềm mại này. Khi kết hợp với đồ nội thất cổ điển, nó tạo ra một không khí ấm cúng gợi nhớ đến một tạp chí thời trang.","[""https://cms-assets.youmind.com/media/1768890731238_orcxmo_G_ECNkPWoAAexds.jpg"",""https://cms-assets.youmind.com/media/1768890731224_365i9r_G_ECNkPWQAAKPLn.jpg"",""https://cms-assets.youmind.com/media/1768890731264_6a6xnv_G_ECNjraoAIhBrg.jpg""]","{""name"":""はると@AIクリエイター"",""url"":""https://x.com/ai_buty""}",https://x.com/ai_buty/status/2013392950676594917,"Cổ điển, Nội thất, Thời trang, UI/UX"
38,Bài đăng trên mạng xã hội - Chân dung biên tập văn phòng lấy cảm hứng từ Ana de Armas,"Một JSON prompt cực kỳ chi tiết để tạo ra bức chân dung cận cảnh siêu thực, chất lượng ảnh bìa tạp chí về một người phụ nữ lấy cảm hứng từ Ana de Armas. Nó chỉ định trang phục hai mảnh màu đỏ rực rỡ, vóc dáng thể thao, làn da bóng bẩy với lớp mồ hôi nhẹ, và nền văn phòng mờ ảo với các chồng giấy tờ, sử dụng ánh sáng điện ảnh studio.","{
  ""type"": ""image_generation_prompt"",
  ""concept"": {
    ""description"": ""Chân dung cận cảnh siêu thực, chất lượng ảnh bìa tạp chí của một phụ nữ xinh đẹp với các đặc điểm lấy cảm hứng từ {argument name=\""celebrity name\"" default=\""Ana de Armas\""}"",
    ""intent"": ""Nhiếp ảnh thời trang cao cấp mang tính điện ảnh thực tế"",
    ""originality_note"": ""Chủ thể là người giống Ana de Armas, không phải bản sao chính xác""
  },
  ""subject"": {
    ""gender"": ""nữ"",
    ""age_range"": ""đầu những năm 30"",
    ""ethnicity"": ""Latina / lấy cảm hứng từ Cuba-Tây Ban Nha"",
    ""facial_features"": {
      ""structure"": ""khuôn mặt trái xoan mềm mại, gò má thanh tú, đường quai hàm tinh tế"",
      ""eyes"": ""đôi mắt to hình quả hạnh, màu nâu ấm áp, mí mắt thư thái"",
      ""lips"": ""môi đầy đặn, tự nhiên hơi hé mở"",
      ""expression"": ""uể oải, điềm tĩnh, quyến rũ tinh tế, tự tin thư thái""
    },
    ""body_visibility"": {
      ""framing"": ""chân dung cận cảnh kéo dài xuống dưới eo"",
      ""posture"": ""thẳng nhưng thư thái, tư thế chụp ảnh biên tập tự nhiên""
    }
  },
  ""body"": {
      ""build"": ""Thân hình săn chắc và thon gọn"",
      ""musculature"": [
        ""Cơ bụng rõ nét"",
        ""Cánh tay săn chắc"",
        ""Đùi săn chắc""
   },
  ""wardrobe"": {
    ""outfit_type"": ""trang phục hai mảnh"",
    ""color"": ""đỏ thẫm rực rỡ"",
    ""top"": {
      ""style"": ""ôm sát, tối giản, hợp thời trang"",
      ""fabric"": ""chất liệu mịn, hơi phản chiếu""
    },
    ""bottom"": {
      ""style"": ""váy ngắn"",
      ""fit"": ""ôm dáng, cắt may hiện đại"",
      ""visibility"": ""hiện rõ ràng dưới eo""
    }
  },
  ""skin_and_texture"": {
    ""skin_quality"": ""chi tiết cao, nhìn rõ lỗ chân lông tự nhiên"",
    ""finish"": ""bóng, rạng rỡ"",
    ""effect"": ""lớp mồ hôi hoặc dầu bóng nhẹ trên thân và ngực, tăng tính chân thực"",
    ""tone"": ""tông màu ấm áp, khỏe mạnh""
  },
  ""hair_and_makeup"": {
    ""hair"": {
      ""style"": ""tạo kiểu mềm mại, sóng lơi"",
      ""color"": ""nâu đậm"",
      ""texture"": ""bóng tự nhiên với chuyển động nhẹ""
    },
    ""makeup"": {
      ""style"": ""trang điểm quyến rũ kiểu biên tập"",
      ""details"": ""da căng bóng, mắt được định hình nhẹ nhàng, môi tự nhiên với một chút son bóng""
    }
  },
  ""background"": {
    ""environment"": ""bối cảnh trong nhà"",
    ""primary_elements"": [
      ""bề mặt bàn làm việc hoặc bàn"",
      ""các chồng giấy tờ""
    ],
    ""paper_details"": {
      ""brightness"": ""trắng sáng một phần"",
      ""arrangement"": ""hơi lộn xộn, các chồng giấy xếp lớp"",
      ""focus"": ""làm mờ nhẹ để duy trì sự nổi bật của chủ thể""
    },
    ""depth_of_field"": ""độ sâu trường ảnh nông, hiệu ứng bokeh điện ảnh""
  },
  ""lighting"": {
    ""style"": ""ánh sáng điện ảnh studio"",
    ""key_light"": ""mềm mại nhưng có hướng, làm nổi bật cấu trúc khuôn mặt"",
    ""fill_light"": ""ánh sáng lấp đầy nhẹ nhàng để giữ lại chi tiết da"",
    ""highlights"": ""nhấn nhá trên các vùng da bóng"",
    ""shadows"": ""mềm mại, có kiểm soát, độ tương phản kiểu tạp chí""
  },
  ""camera"": {
    ""shot_type"": ""chân dung cận cảnh"",
    ""lens"": ""ống kính cố định 85mm"",
    ""aperture"": ""f/1.8"",
    ""focus"": ""sắc nét tuyệt đối vào mắt"",
    ""sens""
  }
}","[""https://cms-assets.youmind.com/media/1768890657609_tc4s5n_G_DmfveWsAAMRrU.jpg"",""https://cms-assets.youmind.com/media/1768890657539_vhs88q_G_Dmf3UW8AEb1yc.jpg"",""https://cms-assets.youmind.com/media/1768890657668_k3r9rb_G_DmfxnXoAAlUIp.jpg"",""https://cms-assets.youmind.com/media/1768890658519_89hgql_G_Dmf7EXUAAH--v.jpg""]","{""name"":""KeorUnreal"",""url"":""https://x.com/KeorUnreal""}",https://x.com/KeorUnreal/status/2013362480471314461,"Chân dung, Nhiếp ảnh, Điện ảnh, Tối giản, Nhân vật, Thời trang, Thành phố, Văn bản, UI/UX"
39,Bài đăng trên mạng xã hội - Lời nhắc chụp ảnh selfie gương bằng iPhone để thay thế nhân vật,"Một lời nhắc định dạng JSON cực kỳ chi tiết được thiết kế để tạo ra một bức ảnh selfie gương iPhone siêu thực. Nó chỉ định các thông số kỹ thuật phức tạp như độ phân giải 8K, xử lý Apple Smart HDR và các thuộc tính chủ thể chi tiết (tư thế, quần áo, kết cấu) đồng thời yêu cầu rõ ràng thay thế chủ thể mặc định bằng một nhân vật tham chiếu được cung cấp, làm cho nó lý tưởng để tạo ra hình ảnh khóa danh tính.","{
  ""prompt_type"": ""chụp ảnh selfie qua gương bằng iPhone"",
  ""capture_device"": {
    ""device"": ""iPhone Pro"",
    ""camera_mode"": ""Selfie qua gương - Chân dung"",
    ""lens_equivalent"": ""ống kính góc rộng phía sau iPhone"",
    ""processing"": ""Apple Smart HDR + Deep Fusion"",
    ""look"": ""phản chiếu qua gương tự nhiên, rõ ràng, chân thực""
  },
  ""quality"": {
    ""resolution"": ""8K"",
    ""sharpness"": ""độ sắc nét tự nhiên cao"",
    ""detail_level"": ""chi tiết cực kỳ tinh xảo"",
    ""texture"": ""vải thật, kết cấu da thật"",
    ""noise"": ""nhiễu cảm biến iPhone tự nhiên rất nhẹ"",
    ""dynamic_range"": ""vùng sáng và vùng tối cân bằng""
  },
  ""subject"": {
    ""type"": ""nhân vật nữ"",
    ""identity"": ""{argument name=\""reference character\"" default=\""REFERENCE_CHARACTER\""}"",
    ""replacement_instruction"": ""Thay thế cô gái ban đầu bằng nhân vật tham chiếu được cung cấp trong khi vẫn giữ nguyên tư thế, tỷ lệ cơ thể, ánh sáng, phản chiếu và tính chân thực"",
    ""age"": ""người lớn"",
    ""body"": {
      ""build"": ""cân đối, nữ tính, đường cong tự nhiên"",
      ""proportions"": ""giải phẫu cơ thể người thực tế"",
      ""skin"": ""kết cấu da tự nhiên, lỗ chân lông có thể nhìn thấy, không làm mịn""
    },
    ""expression"": {
      ""emotion"": ""bình tĩnh, tự tin, thư thái"",
      ""face"": ""biểu cảm nhẹ nhàng trung tính"",
      ""gaze"": ""nhìn vào màn hình điện thoại qua gương""
    },
    ""pose"": {
      ""position"": ""ngồi trên mép giường"",
      ""legs"": ""khép lại, bàn chân chạm sàn"",
      ""arms"": ""một tay cầm điện thoại, tay còn lại đặt trên giường"",
      ""posture"": ""thẳng lưng nhưng thư giãn""
    },
    ""hair"": {
      ""style"": ""dài, gợn sóng nhẹ"",
      ""texture"": ""độ phồng tự nhiên, từng sợi tóc có thể nhìn thấy""
    }
  },
  ""clothing"": {
    ""outfit"": ""bodysuit liền thân bó sát"",
    ""design"": ""{argument name=\""bodysuit design\"" default=\""màu đen với họa tiết mạng nhện đỏ\""}"",
    ""fit"": ""ôm sát, thể thao"",
    ""fabric"": {
      ""material"": ""vải tổng hợp co giãn"",
      ""texture"": ""mịn với độ bóng nhẹ"",
      ""behavior"": ""ôm sát cơ thể một cách tự nhiên""
    }
  },
  ""environment"": {
    ""location"": ""phòng ngủ hiện đại tối giản"",
    ""mirror"": ""gương toàn thân khung gỗ"",
    ""bed"": {
      ""style"": ""khung giường gỗ đơn giản"",
      ""bedding"": ""chăn bông họa tiết trung tính""
    },
    ""floor"": ""sàn gỗ sáng màu"",
    ""decor"": ""nội thất tối giản, sạch sẽ, tông màu ấm"",
    ""atmosphere"": ""không gian trong nhà yên tĩnh, ấm cúng, riêng tư""
  },
  ""lighting"": {
    ""primary_light"": ""ánh sáng môi trường trong nhà ấm áp"",
    ""secondary_light"": ""ánh sáng trần hoặc tường dịu nhẹ"",
    ""style"": ""iPhone indoor Smart HDR"",
    ""shadows"": ""mềm mại và tự nhiên"",
    ""white_balance"": ""tông màu trung tính ấm áp trong nhà""
  },
  ""camera"": {
    ""angle"": ""góc gương thẳng"",
    ""distance"": ""toàn thân có thể nhìn thấy trong gương"",
    ""framing"": ""selfie toàn thân qua gương"",
    ""depth_of_field"": ""độ sâu trường ảnh nông tự nhiên từ xử lý chân dung"",
    ""focus"": ""lấy nét sắc nét vào phản chiếu của chủ thể""
  },
  ""style"": {
    ""genre"": ""selfie qua gương bằng iPhone chân thực"",
    ""aesthetic"": ""sạch sẽ, hiện đại, chân thực như trên mạng xã hội"",
    ""color_science"": ""màu sắc tự nhiên của Apple""
  }
}","[""https://cms-assets.youmind.com/media/1768890684295_adr050_G_Dlz8qX0AECzSk.jpg""]","{""name"":""Clara"",""url"":""https://x.com/veclaraa""}",https://x.com/veclaraa/status/2013362053948268625,"Chân dung, Nhiếp ảnh, Điện ảnh, Tối giản, Nội thất, Nhân vật, Thời trang, Văn bản, Logo, UI/UX"
40,Bài đăng trên mạng xã hội - Lời nhắc tạo ảnh chân dung người đẹp Cyberpunk quyến rũ,"Một lời nhắc phức tạp, chi tiết để tạo ra một bức chân dung người đẹp cyberpunk quyến rũ, thời trang cao cấp. Nó nhấn mạnh ánh sáng neon mạnh mẽ (hồng cánh sen và xanh điện), hiệu ứng thể tích (tia sáng xuyên qua, lóe sáng ống kính), độ tương phản cao và các chi tiết kỹ thuật cụ thể (Sony A1, 85mm f/1.4, kính lọc lăng kính, quang sai màu). Lời nhắc cũng bao gồm một danh sách lời nhắc phủ định toàn diện và yêu cầu sử dụng khuôn mặt tham chiếu.","""Sử dụng khuôn mặt từ ảnh tham chiếu như nguyên bản.""
  ""main_prompt"": ""Chân dung người đẹp cyberpunk quyến rũ trong ánh đèn neon rực rỡ, một phụ nữ trẻ ở độ tuổi đầu 20 với làn da sứ trắng mịn và ánh sáng tự nhiên tinh tế, mái tóc dài gợn sóng màu nâu đỏ/nâu hạt dẻ sẫm buông lơi trên bờ vai trần, mắt nhắm nghiền trong niềm ngây ngất mơ màng với hàng mi dài dày, đôi môi bóng mượt hé mở màu hồng nude mềm mại, trang điểm tinh tế với mắt khói nhẹ nhàng và gò má được tạo khối, để ngực trần với bờ vai và lưng trên lộ rõ, làn da được tắm trong ánh sáng neon rực rỡ màu {argument name=""neon color 1"" default=""hồng cánh sen""} và {argument name=""neon color 2"" default=""xanh điện""}, ánh sáng viền mạnh màu hồng nóng làm nổi bật mái tóc, cổ và xương quai xanh, các tia sáng thể tích và lóe sáng ống kính trong phổ màu hồng-tím xuyên qua không khí mờ ảo, bóng tối xanh-tím sâu tương phản với các điểm nhấn neon sáng, nền câu lạc bộ hoặc studio neon tương lai với các ống phát sáng màu hồng và xanh, quang sai màu nặng ở các cạnh tạo ra các dải màu cầu vồng, hiệu ứng lỗi kỹ thuật số và nở sáng tinh tế, chân thực như ảnh nhưng được cách điệu cao, kết cấu da siêu chi tiết với lỗ chân lông chân thực, tàn nhang tinh tế và những khuyết điểm tự nhiên, từng sợi tóc bắt ánh phản chiếu neon và tán xạ dưới bề mặt, phân loại màu điện ảnh với màu hồng cánh sen nóng và xanh điện chủ đạo, giao diện HDR độ tương phản cao, hạt phim nhẹ, thẩm mỹ cyber-noir gợi cảm u ám, chụp bằng Sony A1 với ống kính 85mm f/1.4 qua bộ lọc lăng kính, độ sâu trường ảnh nông tập trung vào khuôn mặt và mái tóc với hiệu ứng bokeh mượt mà trên nền neon, thời trang cao cấp kết hợp với giả tưởng vaporwave cyberpunk, không khí thân mật, siêu thực"",
  ""negative_prompt"": ""mờ, độ phân giải thấp, tay biến dạng, thừa ngón tay, ngón tay dính liền, giải phẫu kém, khuôn mặt vẽ kém, tỷ lệ xấu, thừa chi, tay đột biến, xấu xí, biến dạng, xếp gạch, ngoài khung, lỗi jpeg, chữ ký, hình mờ, văn bản, lỗi, bị cắt, chất lượng tệ nhất, chất lượng thấp, hoạt hình, anime, kết xuất 3d, da nhựa, giống búp bê, da được phun sơn, ánh sáng neon bị rửa trôi quá mức, thiếu sáng, ánh sáng phẳng, bóng tối khắc nghiệt, da nhợt nhạt không có ánh sáng, trang điểm quá đậm, khuôn mặt instagram, môi vịt, biểu cảm cười hạnh phúc, người già, trẻ em, nam giới, chụp nhóm, ánh sáng ban ngày tự nhiên, nền trắng sạch, không có ánh sáng neon, da lì, màu sắc bão hòa, đơn sắc, hiệu ứng rẻ tiền, vẻ ngoài tổng hợp, che phủ quần áo rõ ràng ở phần thân trên, tóc dài thẳng, tóc vàng/đỏ không khớp, không có quang sai màu, bố cục nhàm chán"",
  ""style_tags"": [
    ""cyberpunk chân thực như ảnh"",
    ""neon hồng cánh sen và xanh điện rực rỡ"",
    ""tia sáng thể tích và lóe sáng ống kính"",
    ""quang sai màu nặng"",
    ""biểu cảm nhắm mắt quyến rũ"",
    ""tập trung vào bờ vai và lưng trần"",
    ""sự quyến rũ neon độ tương phản cao"",
    ""vaporwave gặp thời trang cao cấp"",
    ""phân loại HDR điện ảnh"",
    ""hạt phim tinh tế"",
    ""giả tưởng gợi cảm siêu thực""
  ],
  ""technical"": {
    ""aspect_ratio"": ""3:4 hoặc 4:5 (chân dung neon dọc / kiểu hình nền)"",
    ""lighting"": ""neon đa nguồn: ánh sáng chính hồng cánh sen mạnh từ bên cạnh/phía trước tạo ánh sáng viền""","[""https://cms-assets.youmind.com/media/1768890686395_uuc0f2_G_DhHfeXgAARq6x.jpg""]","{""name"":""Lex"",""url"":""https://x.com/katmanai""}",https://x.com/katmanai/status/2013356556281164257,"Chân dung, Nhóm người, Nhiếp ảnh, Điện ảnh, Minh họa, 3D, Anime, Tương lai, Thời trang, Văn bản"
44,Bài đăng trên mạng xã hội - Cảnh hôn trong thang máy siêu thực như phim điện ảnh,"Một JSON prompt rất cụ thể để tạo ra một bức ảnh tĩnh siêu chân thực, mang phong cách điện ảnh về một cặp đôi đang hôn nhau bên trong thang máy, được đóng khung bởi cánh cửa vàng đang khép hờ. Nó yêu cầu khóa nhận diện nghiêm ngặt (cần ảnh tham chiếu), khung hình chụp lén mang tính voyeuristic và ánh sáng vàng ấm để gợi lên không khí của một khách sạn sang trọng.","{
  ""generation_request"": {
    ""meta_data"": {
      ""tool"": ""NanoBanana Pro"",
      ""task_type"": ""photoreal_modern_romance"",
      ""version"": ""v1.0_ELEVATOR_DOORS_KISS_CINEMATIC_EN"",
      ""priority"": ""highest"",
      ""language"": ""vi""
    },
    ""references"": {
      ""reference_image_1"": {
        ""source"": ""UPLOAD_REFERENCE_IMAGE (OPTIONAL)"",
        ""purpose"": ""COMPOSITION_MOOD_ANCHOR"",
        ""strict_lock"": false,
        ""preserve_mood"": true
      },
      ""reference_image_female"": {
        ""source"": ""UPLOAD_REFERENCE_IMAGE (OPTIONAL)"",
        ""purpose"": ""FACE_IDENTITY_LOCK_FEMALE"",
        ""strict_lock"": true,
        ""face_similarity_priority"": ""MAX"",
        ""no_identity_blending"": true,
        ""no_beautify"": true,
        ""no_age_shift"": true,
        ""preserve_skin_texture"": true,
        ""preserve_facial_proportions"": true
      },
      ""reference_image_male"": {
        ""source"": ""UPLOAD_REFERENCE_IMAGE (OPTIONAL)"",
        ""purpose"": ""FACE_IDENTITY_LOCK_MALE"",
        ""strict_lock"": true,
        ""face_similarity_priority"": ""MAX"",
        ""no_identity_blending"": true,
        ""no_beautify"": true,
        ""no_age_shift"": true,
        ""preserve_skin_texture"": true,
        ""preserve_facial_proportions"": true
      }
    },
    ""global_constraints"": {
      ""rating"": ""PG-13"",
      ""no_explicit_sexual_content"": true,
      ""no_nudity"": true,
      ""no_text"": true,
      ""no_logos"": true,
      ""no_watermark"": true
    },
    ""output_settings"": {
      ""aspect_ratio"": ""9:16"",
      ""orientation"": ""portrait"",
      ""resolution_target"": ""ultra_high_res"",
      ""render_style"": ""ultra_photoreal_cinematic_film_still"",
      ""sharpness"": ""crisp_but_natural"",
      ""film_grain"": ""subtle_35mm"",
      ""color_grade"": ""warm_amber_luxury_hotel"",
      ""dynamic_range"": ""natural_not_hdr"",
      ""skin_rendering"": ""real_texture_no_retouch""
    },
    ""global_rules"": {
      ""camera_language"": ""85mm, long-shot through partially closing elevator doors, centered symmetry, voyeuristic candid framing, shallow depth of field"",
      ""lighting_language"": ""warm tungsten practicals inside elevator, dim hallway outside, cinematic contrast without HDR"",
      ""authenticity_markers"": ""no AI glow, no over-sharpening, realistic shadows, natural film halation""
    },
    ""creative_prompt"": {
      ""scene_summary"": ""Một khoảnh khắc điện ảnh, siêu chân thực được nhìn từ hành lang: một cặp đôi đang hôn nhau bên trong thang máy khi cánh cửa thang máy màu vàng gần như đã đóng lại, chỉ còn một khe hẹp theo chiều dọc để nhìn thấy họ. Bối cảnh tạo cảm giác như một tòa nhà cổ sang trọng hoặc khách sạn với những bức tường đá và thang máy bằng đồng cổ điển."",
      ""subjects"": {
        ""count"": 2,
        ""description"": ""một cặp đôi trưởng thành thực sự, thanh lịch và hiện đại"",
        ""expression"": ""đam mê nhưng tinh tế, thân mật và vui vẻ"",
        ""skin_and_face"": ""kết cấu thật, không chỉnh sửa, lỗ chân lông tự nhiên""
      },
      ""pose_and_micro_action"": ""Người đàn ông nghiêng người để hôn; một tay vòng qua eo cô gái. Người phụ nữ""
    }
  }
}","[""https://cms-assets.youmind.com/media/1768890674871_fl0e5p_G_DVyG6XQAAVcDg.jpg""]","{""name"":""Özge Döner"",""url"":""https://x.com/astronomerozge1""}",https://x.com/astronomerozge1/status/2013344143116734757,"Chân dung, Nhóm người, Nhiếp ảnh, Điện ảnh, 3D, Cổ điển, Nhân vật, Thành phố, Văn bản, Logo, UI/UX"
47,Infographic / Hình ảnh giáo dục - Lệnh chụp ảnh kỹ thuật sơ đồ thực phẩm phân tách,"Một lời nhắc mang tính khái niệm cao được thiết kế để hình dung một món ăn nhiều lớp như một mô hình kiến trúc hoặc bản thiết kế kỹ thuật. Nó yêu cầu món ăn phải được cắt theo mặt cắt ngang, với các lớp được dán nhãn bằng các thanh acrylic, và bao gồm các yếu tố như công nhân xây dựng thu nhỏ và thông số kỹ thuật vật liệu, được thể hiện theo phong cách bản vẽ kỹ thuật.","<instructions>
Đầu vào A: Bất kỳ món ăn nào có nhiều lớp/kết cấu (ví dụ: {argument name=""layered dish"" default=""lasagna, baklava, mille-feuille, biryani""})
Đầu vào B: Mô hình giải phẫu / bản thiết kế kiến trúc
Mục tiêu: Một lát cắt đã ăn một nửa được trưng bày như một mô hình kiến trúc với mỗi lớp được dán nhãn, thể hiện kỹ thuật kết cấu và khoa học vật liệu trong nấu ăn.
Quy tắc:
Món ăn được cắt lát hoàn hảo theo mặt cắt ngang, đứng thẳng
Các thanh acrylic có cờ dán nhãn từng lớp
Chỉ có các chú thích và số đo liên quan đến thực phẩm
Nền liên quan đến thực phẩm
Công nhân xây dựng thu nhỏ trên các lớp
Lịch sử của bữa ăn được hình dung trên một tấm áp phích trên tường
Ghi chú mẹo nấu ăn
Thông số kỹ thuật vật liệu (mật độ, độ ẩm)
Lớp nền không có nhãn
Bao gồm các dụng cụ nấu ăn nhỏ
Thẩm mỹ bản vẽ kỹ thuật với màu trắng và xanh
Đầu ra: MỘT hình ảnh, nhiếp ảnh kỹ thuật, ánh sáng công nghiệp sạch, tỷ lệ 4:5
</instructions>","[""https://cms-assets.youmind.com/media/1768804211731_xigzux_G-wbJpmbQAY6sK4.jpg""]","{""name"":""Gadgetify"",""url"":""https://x.com/Gdgtify""}",https://x.com/Gdgtify/status/2012918907305427332,"Nhiếp ảnh, Minh họa, Nội thất, Đồ ăn, Poster, UI/UX, Giáo dục"
51,Infographic / Hình ảnh giáo dục - Minh họa Quảng cáo Sữa 3D Thu nhỏ Kỳ ảo,"Một lời nhắc văn bản chi tiết cho Gemini Nano Banana Pro để tạo ra hình minh họa diorama 3D thu nhỏ cao cấp cho Nestlé, với những công nhân tí hon vận hành máy móc xung quanh một chai sữa khổng lồ theo phong cách thương hiệu thực phẩm cao cấp, vui tươi, đặt trong khung cảnh trang trại quyến rũ.","Một hình minh họa quảng cáo theo phong cách diorama 3D thu nhỏ, cao cấp, kỳ ảo về một cảnh sản xuất sữa với tính thẩm mỹ thương hiệu thực phẩm vui tươi nhưng cao cấp. Ở trung tâm là một chai sữa Nestlé khổng lồ giống hệt bao bì Nestlé thật: một chai hình trụ màu trắng đục mịn với những đường cong tinh tế và nhãn logo Nestlé màu đỏ cổ điển, chắc chắn và không bằng thủy tinh, được đặt trực tiếp trên một bệ công nghiệp bằng kim loại. Sữa tươi đang được đổ từ các thùng chứa và đường ống do công nhân vận hành vào miệng chai, với kết cấu kem mịn, thanh lịch có thể nhìn thấy rõ bên trong; sữa không từ trên trời rơi xuống mà có nguồn gốc vật lý rõ ràng. Những công nhân nhỏ bé trong bộ đồ liền thân màu {argument name=""worker uniform color"" default=""vàng""} sáng và mũ bảo hiểm an toàn màu vàng đang tích cực vận hành quy trình: hai người đứng trên giàn giáo kim loại phía trên chai cẩn thận đổ sữa từ các thùng có tay cầm, trong khi những người khác đẩy hộp carton, hướng dẫn sản phẩm dọc theo băng chuyền và vận hành máy móc sữa nhỏ gọn với tư thế phối hợp, tập trung. Ở tiền cảnh, các sản phẩm sữa di chuyển tự nhiên dọc theo dây chuyền băng tải. Xung quanh bệ là thảm cỏ xanh tươi với những bông hoa dại nhỏ màu trắng và vàng. Bối cảnh là một phong cảnh trang trại quyến rũ với những cánh đồng xanh nhấp nhô, một chuồng trại bằng gỗ đỏ với viền trắng, một con bò đen trắng bình tĩnh đang gặm cỏ gần đó và một cối xay gió màu trắng trên những ngọn đồi thoai thoải dưới bầu trời xanh sống động với những đám mây trắng mềm mại. Ánh sáng là ánh sáng ban ngày ấm áp, dịu nhẹ với bóng đổ nhẹ nhàng và điểm nhấn tinh tế, tạo nên một vẻ ngoài quảng cáo sạch sẽ, đáng tin cậy. Phong cách tổng thể là hình minh họa thương mại cao cấp, vui tươi, chi tiết phong phú với bố cục kể chuyện mạnh mẽ, bố cục cân đối, bảng màu pastel, độ sâu trường ảnh sâu, chi tiết cực kỳ sắc nét, độ tương phản tỷ lệ thu nhỏ điện ảnh—rõ ràng là một hình minh họa, không phải nhiếp ảnh, không phải màn hình mô hình và không được bao bọc trong bất kỳ mái vòm hoặc tủ trưng bày bằng kính nào.","[""https://cms-assets.youmind.com/media/1768804287448_3ga4jo_G-7_3dYW8AEpY0i.jpg""]","{""name"":""Latte"",""url"":""https://x.com/0xbisc""}",https://x.com/0xbisc/status/2012828926633250902,"Nhiếp ảnh, Điện ảnh, Minh họa, 3D, Cổ điển, Thiên nhiên, Sản phẩm, Xe cộ, Logo, UI/UX, Giáo dục"
56,Infographic / Hình ảnh giáo dục - Diorama kiến trúc 3D Isometric tối giản,"Một mẫu prompt để tạo mô hình 3D isometric diorama sạch, tối giản về một phần tòa nhà. Prompt này cho phép tùy chỉnh loại tòa nhà, các yếu tố nội/ngoại thất và kiểu cắt ngang, nhằm mục đích tạo ra một mô hình kiến trúc thu nhỏ với ánh sáng studio dịu nhẹ và vật liệu chân thực.","Một mô hình 3D isometric diorama sạch sẽ, tối giản của một phần [{argument name=""building type"" default=""BUILDING TYPE""}], với [{argument name=""elements"" default=""INTERIOR / EXTERIOR ELEMENTS""}] hiển thị theo [{argument name=""style"" default=""CUTAWAY / OPEN STYLE""}], [STRUCTURAL FRAME] đơn giản, [INFORMATIONAL SIGNAGE] tinh tế, [MATERIAL FINISH] mịn, ánh sáng studio dịu nhẹ, vật liệu chân thực, các cạnh bo tròn, phong cách mô hình kiến trúc thu nhỏ, chi tiết cao, nền trung tính.","[""https://cms-assets.youmind.com/media/1768631167212_chnax0_G-xRiuLbQAATRuP.jpg"",""https://cms-assets.youmind.com/media/1768631167249_uq1fis_G-xRiuJbQAE9AKC.jpg"",""https://cms-assets.youmind.com/media/1768631167254_l9b9p2_G-xRiuKbQAA7P5f.jpg"",""https://cms-assets.youmind.com/media/1768631168636_h31pvg_G-xRiuKagAArqTY.jpg""]","{""name"":""Aleena Amir"",""url"":""https://x.com/aleenaamiir""}",https://x.com/aleenaamiir/status/2012072821439283400,"Nhiếp ảnh, 3D, Tối giản, Nội thất, UI/UX, Giáo dục"
64,Hình thu nhỏ trên YouTube - Nano Banana Pro Prompt để tạo ảnh tiêu đề bài viết trên X,"Một mẫu prompt toàn diện cho Nano Banana Pro được thiết kế để tạo ra các hình ảnh tiêu đề hấp dẫn về mặt thị giác cho các bài viết trên X (Twitter) hoặc bài đăng trên blog. Nó hướng dẫn AI sử dụng hình ảnh tham chiếu một cách hiệu quả, tránh trùng lặp và kết hợp tiêu đề bài viết cùng với phụ đề/đoạn hội thoại tùy chọn, đồng thời chỉ định tỷ lệ khung hình 5:2 và chất lượng 4K.","Vui lòng tạo một hình ảnh tiêu đề hấp dẫn về mặt thị giác cho một bài đăng trên blog bằng cách sắp xếp các hình ảnh tham khảo một cách hợp lý.
Tuy nhiên, chỉ sử dụng mỗi hình ảnh một lần.
Không trùng lặp.
Đảm bảo các yếu tố trong hình ảnh tham khảo không bị hòa lẫn vào nhau.
Nên có một khoảng trống nhỏ phía trên và phía dưới hình ảnh.
Hãy sáng tạo với phần nền.
Tiêu đề có thể được phủ lên hình ảnh.
Chất lượng 4K tỷ lệ 5:2
Tiêu đề: {argument name=""title"" default=""[Nhập tiêu đề bài viết]""}","[""https://cms-assets.youmind.com/media/1768717580535_cpvg8b_G-2BWO3bwAA-fUT.jpg""]","{""name"":""てんねん"",""url"":""https://x.com/munou_ac""}",https://x.com/munou_ac/status/2012407033665064985,UI/UX
75,Truyện tranh / Bảng phân cảnh - Lưới bảng phân cảnh sản phẩm 3x3 cho danh mục thương hiệu,"Một lời nhắc phức tạp, đa khung được thiết kế để biến một hình ảnh tham chiếu duy nhất thành một lưới bảng phân cảnh 3x3 gắn kết cho một danh mục đầu tư thương hiệu cao cấp. Nó yêu cầu tuân thủ nghiêm ngặt nhận diện sản phẩm tham chiếu trên tất cả chín bảng, mỗi bảng mô tả sản phẩm từ một góc độ, bối cảnh hoặc cận cảnh khác nhau, tập trung vào thiết kế, chất liệu và nhịp điệu thị giác.","Tạo MỘT hình ảnh cuối cùng.

Một lưới storyboard sạch 3×3 [tỷ lệ] với chín ô vuông có kích thước bằng nhau [tỷ lệ] trên tỷ lệ [4:5].

Sử dụng hình ảnh tham khảo làm cơ sở sản phẩm tham khảo. Giữ nguyên sản phẩm, thiết kế bao bì, thương hiệu, vật liệu, màu sắc, tỷ lệ và nhận diện tổng thể trên tất cả chín ô vuông chính xác như hình tham khảo. Sản phẩm phải luôn dễ nhận biết rõ ràng trong mọi khung hình. Nhãn, logo và tỷ lệ phải giữ nguyên chính xác.

Storyboard này là một bản trình bày mockup thiết kế cao cấp dành cho portfolio thương hiệu. Trọng tâm là hình thức, bố cục, vật liệu và nhịp điệu thị giác hơn là tính chân thực hoặc câu chuyện đời sống. Tổng thể phải mang lại cảm giác được tuyển chọn, mang tính biên tập và định hướng thiết kế.

KHUNG HÌNH 1:
Ảnh sản phẩm chụp chính diện trong một thiết lập studio sạch sẽ. Nền trung tính, bố cục cân bằng, trình bày sản phẩm một cách điềm tĩnh và tự tin.

KHUNG HÌNH 2:
Ảnh cận cảnh tập trung vào phần giữa của sản phẩm. Tập trung vào kết cấu bề mặt, vật liệu và chi tiết in ấn.

KHUNG HÌNH 3:
Hiển thị sản phẩm tham khảo được đặt trong một môi trường phù hợp tự nhiên với thương hiệu và danh mục sản phẩm. Thiết lập studio được lấy cảm hứng từ các yếu tố thiết kế và màu sắc của sản phẩm.

KHUNG HÌNH 4:
Sản phẩm được hiển thị đang sử dụng hoặc tương tác trên nền studio trung tính. Các yếu tố tay và tương tác được tối thiểu hóa và tiết chế, vẻ ngoài phù hợp với phong cách của bao bì.

KHUNG HÌNH 5:
Bố cục isometric hiển thị nhiều sản phẩm được sắp xếp theo một trật tự hình học chính xác từ góc isometric trên cùng. Tất cả các sản phẩm được đặt ở cùng một góc isometric trên cùng, cách đều nhau, sạch sẽ, có cấu trúc và đồ họa.

KHUNG HÌNH 6:
Sản phẩm lơ lửng hơi nghiêng trên nền trung tính phù hợp với bảng màu của hình ảnh tham khảo. Vị trí nổi được tạo góc và có chủ ý, sản phẩm lơ lửng tự nhiên trong không gian.

KHUNG HÌNH 7:
Là một ảnh cận cảnh cực độ tập trung vào một chi tiết cụ thể của nhãn, cạnh, kết cấu hoặc đặc tính vật liệu.

KHUNG HÌNH 8:
Sản phẩm trong một bối cảnh bất ngờ nhưng có tính thẩm mỹ mạnh mẽ, mang lại cảm giác táo bạo, mang tính biên tập và ấn tượng về mặt thị giác.
Bối cảnh bất ngờ nhưng được tạo kiểu rất cao. Dựa trên studio và định hướng thiết kế. Bố cục táo bạo nâng tầm thương hiệu.

KHUNG HÌNH 9:
Bố cục rộng hiển thị sản phẩm đang sử dụng, được đặt trong một thiết lập thiết kế tinh tế. Các đạo cụ sạch sẽ, tạo kiểu được kiểm soát, gắn kết với phần còn lại của series.

MÁY ẢNH & PHONG CÁCH:
Hình ảnh studio chất lượng cực cao với giao diện máy ảnh thực. Các góc máy ảnh và khung hình khác nhau trên các khung hình. Độ sâu trường ảnh được kiểm soát, ánh sáng chính xác, vật liệu và phản xạ chính xác. Logic ánh sáng, bảng màu, tâm trạng và ngôn ngữ thị giác phải nhất quán trên tất cả chín ô vuông như một series gắn kết.

ĐẦU RA:
Một lưới 3×3 sạch sẽ không có đường viền, không có văn bản, không có chú thích và không có hình mờ.","[""https://cms-assets.youmind.com/media/1768890742033_jktw5p_G_FaISRWkAAHtDT.jpg"",""https://cms-assets.youmind.com/media/1768890742112_v27ays_G_FaISSXMAArcKp.jpg"",""https://cms-assets.youmind.com/media/1768890742437_dtia2h_G_FaISSXUAApmZI.jpg""]","{""name"":""Vi"",""url"":""https://x.com/tehno_maniak""}",https://x.com/tehno_maniak/status/2013489628456636867,"Nhiếp ảnh, Sản phẩm, Nhân vật, Logo"
85,Truyện tranh / Bảng phân cảnh - Mô hình LEGO Diorama thu nhỏ bối cảnh phim kinh dị 'The Nun',"Một lời nhắc JSON sáng tạo để tạo cảnh mô hình LEGO thu nhỏ mô tả phim trường của bộ phim kinh dị 'The Nun'. Nó bao gồm các mô tả chi tiết về nội thất đá Gothic, nhân vật nữ tu LEGO và nhiều thành viên đoàn làm phim LEGO minifigure (người quay phim, người cầm micro boom, đạo diễn) tương tác với thiết bị làm phim, tất cả được thể hiện bằng ánh sáng điện ảnh kịch tính, độ tương phản cao.","{
  ""scene_overview"": {
    ""setting"": ""Nội thất đá kiểu Gothic giống bối cảnh nhà thờ hoặc thánh đường"",
    ""environment_style"": ""Mô hình LEGO thu nhỏ"",
    ""location_type"": ""Trường quay / sản xuất phim hậu trường"",
    ""time_of_day"": ""Trong nhà, ánh sáng được kiểm soát (tâm trạng đêm điện ảnh)"",
    ""atmosphere"": ""Điện ảnh, kỳ quái, sân khấu, được kiểm soát"",
    ""mood"": ""Hài hước đen tối, ma quái, vui tươi, sáng tạo"",
    ""genre_influence"": [""Kinh dị"", ""Làm phim hậu trường"", ""Kỳ ảo""]
  },

  ""primary_subject"": {
    ""type"": ""Nhân vật LEGO minifigure"",
    ""role"": ""Nữ tu / nhân vật kinh dị"",
    ""appearance"": {
      ""outfit"": ""Áo nữ tu đen với cổ áo trắng"",
      ""face"": ""Mặt trắng bệch, mắt trũng đen, biểu cảm kỳ quái"",
      ""accessories"": ""Dây chuyền thánh giá"",
      ""pose"": ""Đứng yên, đối diện về phía trước""
    },
    ""positioning"": {
      ""location"": ""Nằm ở trung tâm trong một vòm đá lớn"",
      ""background"": ""Hốc hoặc buồng được chiếu sáng màu xanh lam rực rỡ""
    }
  },

  ""supporting_characters"": {
    ""crew_members"": [
      {
        ""role"": ""Người quay phim"",
        ""object_interaction"": ""Vận hành một máy quay phim LEGO lớn"",
        ""position"": ""Phía trước bên trái, ngồi trên xe đẩy máy quay""
      },
      {
        ""role"": ""Người điều khiển micro boom"",
        ""object_interaction"": ""Giữ micro boom hướng về phía chủ thể"",
        ""position"": ""Phía trên bên trái tiền cảnh""
      },
      {
        ""role"": ""Kỹ thuật viên ánh sáng"",
        ""object_interaction"": ""Giữ một tấm phản sáng hình chữ nhật"",
        ""position"": ""Bên phải, đặt trên giá đỡ""
      },
      {
        ""role"": ""Người điều khiển bảng vỗ"",
        ""object_interaction"": ""Giữ một bảng vỗ"",
        ""position"": ""Phía trước trung tâm bên phải""
      },
      {
        ""role"": ""Đạo diễn / Giám sát kịch bản"",
        ""object_interaction"": ""Giữ bảng kẹp và giấy tờ"",
        ""position"": ""Phía dưới bên phải tiền cảnh""
      }
    ],
    ""style"": ""Tất cả các nhân vật đều là LEGO minifigure với tông màu da vàng và nhiều kiểu tóc khác nhau""
  },

  ""props_and_equipment"": {
    ""film_equipment"": [
      ""Máy quay phim LEGO"",
      ""Xe đẩy máy quay trên đường ray"",
      ""Micro boom có kính chắn gió lông"",
      ""Tấm phản sáng"",
      ""Bảng vỗ"",
      ""Màn hình hiển thị nhân vật nữ tu"",
      ""Dây cáp cuộn trên sàn""
    ],
    ""architectural_elements"": [
      ""Tường gạch đá"",
      ""Cửa vòm lớn"",
      ""Hốc tường lõm"",
      ""Sàn đá lát gạch""
    ]
  },
  ""lighting"": {
    ""primary_light"": ""Ánh sáng xanh lục lam mạnh từ phía sau nữ tu"",
    ""secondary_lighting"": ""Ánh sáng studio trung tính ấm áp trên đoàn làm phim và tiền cảnh"",
    ""contrast"": ""Độ tương phản cao giữa nền xanh lạnh và tông màu tiền cảnh ấm áp"",
    ""style"": ""Ánh sáng điện ảnh, kịch tính, lấy cảm hứng kinh dị""
  },

  ""color_palette"": {
    ""dominant_colors"": [""Xám đậm"", ""Đen"", ""Xanh lục lam""],
    ""accent_colors"": [""Vàng ấm (""
  }
}","[""https://cms-assets.youmind.com/media/1768631179842_bt4bpk_G-wvqjobQAIEqnQ.jpg""]","{""name"":""Chandan Singh"",""url"":""https://x.com/cbsingh_oo3""}",https://x.com/cbsingh_oo3/status/2012035545812385829,"Chân dung, Điện ảnh, Nội thất, Nhân vật, Xe cộ, Thời trang, Văn bản, UI/UX, Meme"
87,Truyện tranh / Bảng phân cảnh - Bảng phân cảnh ba bức về cặp đôi điện ảnh siêu chân thực,"Một lời nhắc JSON bị ràng buộc cao được thiết kế để tạo ra một bức tranh bộ ba (ba tấm dọc) về một cặp đôi trên xích đu, yêu cầu khóa nhận dạng nghiêm ngặt cho cả hai đối tượng và khóa bố cục chính xác dựa trên hình ảnh tham chiếu. Lời nhắc chỉ định kết xuất siêu chân thực, ánh sáng điện ảnh (ống kính 28mm, f/2.8) và các ràng buộc chi tiết để đảm bảo hành động (treo ngược, đẩy) và khuôn mặt được bảo toàn hoàn hảo trên cả ba tấm.","{
  ""generation_request"": {
    ""meta_data"": {
      ""tool"": ""NanoBanana Pro"",
      ""task_type"": ""photoreal_cinematic_couple_triptych_storyboard"",
      ""version"": ""v1.1_SWING_SET_TRIPTYCH_PLAYFUL_UPSIDE_DOWN_ULTRA_REAL"",
      ""priority"": ""highest""
    },
    ""references"": {
      ""female_reference_image"": {
        ""slot"": 1,
        ""purpose"": ""FEMALE_IDENTITY_LOCK"",
        ""strict_identity_lock"": true,
        ""face_similarity_priority"": ""MAX"",
        ""no_identity_blending"": true,
        ""preserve_age_gender"": true,
        ""preserve_skin_texture"": true,
        ""preserve_facial_proportions"": true,
        ""no_beautify"": true,
        ""no_makeup_invention"": true
      },
      ""male_reference_image"": {
        ""slot"": 2,
        ""purpose"": ""MALE_IDENTITY_LOCK"",
        ""strict_identity_lock"": true,
        ""face_similarity_priority"": ""MAX"",
        ""no_identity_blending"": true,
        ""preserve_age_gender"": true,
        ""preserve_skin_texture"": true,
        ""preserve_facial_proportions"": true,
        ""no_beautify"": true,
        ""no_makeup_invention"": true
      },
      ""composition_reference_image"": {
        ""source"": ""UPLOAD_REFERENCE_IMAGE (REQUIRED_FOR_LAYOUT_LOCK)"",
        ""purpose"": ""EXACT_TRIPTYCH_LAYOUT_COMPOSITION_ACTION_LOCK"",
        ""strict_lock"": true,
        ""no_layout_drift"": true,
        ""preserve_framing"": true,
        ""preserve_pose_logic"": true,
        ""preserve_panel_spacing"": true
      }
    },
    ""output_settings"": {
      ""aspect_ratio"": ""4:5"",
      ""orientation"": ""portrait"",
      ""resolution"": ""ultra_high_res"",
      ""render_style"": ""true_photoreal_cinematic_lifestyle"",
      ""sharpness"": ""natural_camera_sharpness_not_ai"",
      ""film_grain"": ""subtle_35mm_analog"",
      ""color_grade"": ""natural_warm_film_neutral_skin"",
      ""dynamic_range"": ""natural_not_hdr"",
      ""skin_rendering"": ""real_microtexture_pores_peachfuzz_no_plastic"",
      ""compression_artifacts"": ""none""
    },
    ""hard_constraints"": [
      ""Chỉ có đúng 2 người (một nữ, một nam)."",
      ""Khuôn mặt phải khớp với các ảnh tham chiếu đã tải lên với độ tương đồng tối đa (không lệch nhận dạng)."",
      ""Bố cục triptych: BA bảng ngang xếp chồng theo chiều dọc trong một ảnh 4:5, chính xác như ảnh tham chiếu bố cục."",
      ""Bối cảnh là bộ xích đu sân chơi ngoài trời, các hành động giống như tham chiếu: treo ngược người vui đùa + đẩy + vươn tay về phía máy ảnh."",
      ""Khuôn mặt phải hiển thị rõ ràng và dễ nhận biết trong TẤT CẢ BA bảng (không có tóc che kín mặt, không quá mờ)."",
      ""Giải phẫu học siêu thực; tay/ngón tay chính xác; nếp gấp quần áo và trọng lực thực tế."",
      ""Hình học của bộ xích đu phải chính xác về mặt vật lý (khung kim loại thẳng, mắt xích đúng, không bị biến dạng)."",
      ""Không có chữ, không có logo, không có hình mờ.""
    ],
    ""camera"": {
      ""style"": ""real_cinematic_lifestyle_photo"",
      ""lens"": ""28mm_full_frame"",
      ""distortion"": ""realistic_28mm_mild_edge_distortion_controlled"",
      ""aperture"": ""f/2.8""
    }
  }
}","[""https://cms-assets.youmind.com/media/1768468569920_isda2w_G-pfFU6bQAIiBBT.jpg""]","{""name"":""Özge Döner"",""url"":""https://x.com/astronomerozge1""}",https://x.com/astronomerozge1/status/2011524755480809767,"Chân dung, Nhóm người, Nhiếp ảnh, Điện ảnh, 3D, Nhân vật, Văn bản, Logo, UI/UX"
92,Truyện tranh / Bảng phân cảnh - Lời nhắc hệ thống Gemini để tạo Manga 10 trang trong Nano Banana Pro,"Một mẫu lời nhắc hệ thống chi tiết được thiết kế cho Gemini để hoạt động như một nhà văn truyện tranh chuyên nghiệp và giám đốc nghệ thuật AI. Nó hướng dẫn Gemini tạo ra một chuỗi lời nhắc tạo truyện tranh dài 10 trang được tối ưu hóa đặc biệt cho Nano Banana Pro, đảm bảo tính nhất quán về nhân vật và phong cách, hiển thị văn bản bằng tiếng Nhật và bố cục bảng điều khiển cụ thể.","Bạn là một ""người viết truyện tranh chuyên nghiệp"" và ""Giám đốc nghệ thuật AI"". Dựa trên [Hình ảnh nhân vật] và [Chủ đề] tôi cung cấp, vui lòng tạo một **chuỗi prompt tạo truyện tranh 10 trang có thể sử dụng trực tiếp với NanoBananaPro (AI tạo hình ảnh hiệu suất cao)**.

## Yêu cầu sản xuất (Tối ưu hóa kết hợp NanoBananaPro)
1. **Định dạng đầu ra**:
   - Xuất mỗi trang dưới định dạng `Code Block` dễ sao chép và dán.
   - **Quy định ngôn ngữ (Chiến lược kết hợp)**:
     - **Mô tả hình ảnh (Visuals)**: Các thông số kỹ thuật về nhân vật, nền và phong cách nghệ thuật phải bằng **""tiếng Anh""** để duy trì tính nhất quán.
     - **Hiển thị văn bản**: Lời thoại và hiệu ứng âm thanh trong bong bóng lời thoại phải được chỉ định bằng **""tiếng Nhật""**.
     - **Tỷ lệ khung hình**: Mỗi trang phải được cấu trúc giả định tỷ lệ khung hình `Dọc 9:16`.

2. **Sử dụng các tính năng cụ thể của NanoBananaPro**:
   - **Hiển thị văn bản**:
     - Mô hình này có thể hiển thị chính xác văn bản tiếng Nhật trong hình ảnh.
     - Mô tả lời thoại tiếng Nhật bằng cách viết `Text: ""[Lời thoại tiếng Nhật]""` trong Prompt.
     - **Hiểu ngữ cảnh**:
     - Mô tả tình huống bằng tiếng Anh gần với ngôn ngữ tự nhiên, không chỉ là một danh sách các từ.

3. **Cấu trúc và định hướng câu chuyện**:
   - **Xác định tiêu đề**: Đưa ra một ""tiêu đề có ý nghĩa cao"" phản ánh chủ đề, truyền tải nội dung trong nháy mắt và thu hút sự chú ý.
     - **Vị trí logo tiêu đề**:
     - Tạo một ""Bảng tiêu đề"" nơi logo tiêu đề được đặt nổi bật trên **Trang 1 hoặc Trang 2**.
     - **Hướng dẫn hiển thị**: Bao gồm các hướng dẫn để hiển thị văn bản tiêu đề dưới dạng ""kiểu chữ trang trí"" trong hình ảnh.
     - **Cấu trúc ""Thiết lập và Điểm nhấn""**:
     - **Trang 1 (Móc câu)**: Bao gồm một ""thiết lập mạnh mẽ (bí ẩn, sốc, đồng cảm)"" thu hút mạnh mẽ sự quan tâm của người đọc.
     - **Trang 10 (Điểm nhấn)**: Phần kết luận, hoặc một tình tiết gay cấn dẫn đến phần tiếp theo.

4. **Quy tắc mô tả trang (Thực thi nghiêm ngặt)**:
   Prompt phải luôn bao gồm các phần sau.
   
   - **Tiêu đề**: `【IMAGE_GEN_ONLY】: Generate a high-resolution professional Japanese manga page. Full Color. Vertical 9:16. 4K.`
   
   - **【STRICT CHARACTER CONSISTENCY (English)】**:
     - **Quan trọng**: **""Mô tả ngoại hình nhân vật (tiếng Anh)""** được tạo ra bằng cách phân tích hình ảnh ban đầu phải được viết trong prompt cho **tất cả các trang**, không thay đổi một từ nào.
     - **Nghiêm cấm**: ""Bỏ qua"" hoặc ""Như trên"" bị **nghiêm cấm**. Toàn bộ định nghĩa phải được viết ra mỗi lần.
     - Ví dụ: `Black bob cut hair, red ribbon, golden eyes, wearing a futuristic cyberpunk school uniform.`
   
   - **【STRICT STYLE CONSISTENCY (English)】**:
     - **Phân tích và cố định phong cách**: Phân tích hình ảnh đầu vào và xác định các đặc điểm của nó (Đường nét, Màu sắc, Ánh sáng) dưới dạng một prompt tiếng Anh chi tiết.
     - **Nghiêm cấm**: Điều này cũng bị **cấm** ""bỏ qua"". Xuất toàn bộ văn bản mỗi lần.
     - Ví dụ: `Thick confident outlines, cel shading with soft gradients, vibrant high-saturation colors, dramatic lighting, anime screentones.`

   - **【PANEL LAYOUT & VISUALS (English + Japanese Text)】**:
     - **Bố cục khung hình**: **Luôn đặt 4 đến 8 khung hình** mỗi trang. (Cấm 3 khung hình trở xuống)
     - **Mô tả nội dung**:
       - `Panel 1 (Top-Right):`
       - `Visual: [Mô tả hành động/góc nhìn bằng tiếng Anh]`
       - `Text: ""[Lời thoại tiếng Nhật trong bong bóng]""`

   - **【PAGE NUMBERING】**:
     - Hướng dẫn hiển thị số trang (ví dụ: ""1"") nhỏ ở góc dưới bên phải.

## Ví dụ mẫu đầu ra

### Trang X

【IMAGE_GEN_ONLY】: Generate a high-resolution professional Japanese manga page. Full Color. Vertical 9:16. --ar 9:16

# STRICT CHARACTER CONSISTENCY (DO NOT CHANGE)
[Dán Mô tả chính xác nhân vật bằng tiếng Anh vào đây... KHÔNG VIẾT TẮT]

# STRICT STYLE CONSISTENCY (DO NOT CHANGE)
[Dán Mô tả chính xác phong cách bằng tiếng Anh vào đây... KHÔNG VIẾT TẮT]

# PAGE NUMBER
Small clear text ""X"" in the bottom-right corner.

# PANEL LAYOUT & VISUALS (Target: 5-8 Panels, Top-Right to Bottom-Left)

## Panel 1 (Top-Right):
- Visual: [English description of the scene and action]
- Text: ""[Japanese Dialogue]""","[""https://cms-assets.youmind.com/media/1768319218713_3ak8ru_G-cuRjib0AAQ6Tn.jpg""]","{""name"":""かし子🍩"",""url"":""https://x.com/Kashiko_AIart""}",https://x.com/Kashiko_AIart/status/2010636586137100687,"Điện ảnh, Anime, Cổ điển, Tương lai, Nhân vật, Văn bản, Logo, UI/UX"
97,Tiếp thị sản phẩm - Nụ hôn trong hiệu sách siêu thực như phim điện ảnh với hiệu ứng Motion Blur,"Một lời nhắc có cấu trúc cao được thiết kế để tạo ra một bức ảnh tĩnh siêu chân thực, tự nhiên như chụp từ một bộ phim điện ảnh về một cặp đôi đang hôn nhau nồng nàn trong lối đi ấm cúng của một hiệu sách. Nó nhấn mạnh những khuyết điểm tự nhiên, ánh sáng vàng hổ phách ấm áp, độ sâu trường ảnh nông và một chút mờ chuyển động để nắm bắt sự ngẫu hứng của khoảnh khắc, đồng thời tuân thủ nghiêm ngặt các giới hạn PG-13.","{
  ""generation_request"": {
    ""meta_data"": {
      ""tool"": ""NanoBanana Pro"",
      ""task_type"": ""photoreal_intimate_romance"",
      ""version"": ""v1.0_COZY_BOOKSTORE_AISLE_KISS_MOTIONBLUR_EN"",
      ""priority"": ""highest"",
      ""language"": ""vi""
    },
    ""references"": {
      ""reference_image_couple"": {
        ""source"": ""UPLOAD_REFERENCE_IMAGE (TÙY CHỌN)"",
        ""purpose"": ""POSE_MOOD_STYLE_ANCHOR"",
        ""strict_lock"": false,
        ""preserve_mood"": true
      }
    },
    ""global_constraints"": {
      ""rating"": ""PG-13"",
      ""no_explicit_sexual_content"": true,
      ""no_text"": true,
      ""no_logos"": true,
      ""no_watermark"": true
    },
    ""output_settings"": {
      ""aspect_ratio"": ""3:4"",
      ""orientation"": ""portrait"",
      ""resolution_target"": ""ultra_high_res"",
      ""render_style"": ""ultra_photoreal_cinematic_film_still"",
      ""sharpness"": ""soft_focus_cinematic"",
      ""film_grain"": ""subtle_35mm"",
      ""color_grade"": ""warm_amber_lowlight"",
      ""dynamic_range"": ""natural_not_hdr"",
      ""skin_rendering"": ""real_texture_no_retouch""
    },
    ""global_rules"": {
      ""camera_language"": ""ống kính 50mm, cận cảnh trung bình, cảm giác cầm tay, độ sâu trường ảnh nông, sách phía trước bị mờ, hiệu ứng nhòe chuyển động nhẹ như một khoảnh khắc tự nhiên"",
      ""lighting_language"": ""ánh sáng tungsten ấm áp + phản xạ mềm, không khí ấm cúng của hiệu sách, giảm sáng nhẹ nhàng, không có đèn flash gắt"",
      ""authenticity_markers"": ""khiếm khuyết tự nhiên, hạt nhiễu nhẹ, hiệu ứng bokeh chân thực, không có ánh sáng AI, không có HDR""
    },
    ""creative_prompt"": {
      ""scene_summary"": ""Một khoảnh khắc điện ảnh chân thực, siêu thực tế về một cặp đôi đang hôn nhau trong lối đi hẹp của một hiệu sách/thư viện. Sách lấp đầy các kệ phía sau họ; những chồng sách ở phía trước tạo chiều sâu. Cảnh quay mang lại cảm giác riêng tư, tự nhiên và ấm áp, với tính thẩm mỹ nhòe chuyển động mềm mại như được quay bằng tay."",
      ""subjects"": {
        ""count"": 2,
        ""description"": ""một cặp đôi thật, tỷ lệ cơ thể tự nhiên, kết cấu da chân thực"",
        ""expression"": ""thân mật và vui vẻ, đắm chìm trong khoảnh khắc"",
        ""skin_and_face"": ""kết cấu da thật, trang điểm tối thiểu, không chỉnh sửa""
      },
      ""pose_and_micro_action"": ""Người đàn ông kéo người phụ nữ lại gần bằng eo; người phụ nữ vòng tay quanh cổ anh. Khuôn mặt của họ bị che khuất một phần bởi nụ hôn, được ghi lại giữa chuyển động để tạo hiệu ứng nhòe tự nhiên."",
      ""wardrobe_and_style"": {
        ""female"": ""váy hoặc áo ôm đơn giản với {argument name=\""female wardrobe color\"" default=\""tông màu trung tính\""}, tóc mềm tự nhiên"",
        ""male"": ""áo sơ mi cài cúc hoặc áo len dệt kim thông thường, tông màu trung tính"",
        ""no_logos"": ""không có thương hiệu dễ thấy""
      },
      ""environment_details"": {
        ""location"": ""lối đi của hiệu sách/thư viện cũ ấm cúng"",
        ""background"": ""những kệ sách cao chất đầy sách, tông màu gỗ ấm áp"",
        ""foreground"": ""sách và gáy sách bị mờ, gần ống kính để tạo chiều sâu"",
        ""props"": ""sách xếp chồng trên một xe đẩy nhỏ hoặc mép kệ""
      },
      ""lighting"": ""ánh sáng thực tế màu hổ phách ấm áp, bóng mềm, điểm nhấn nhẹ nhàng trên tóc và xương gò má"",
      ""composition"": """"
    }
  }
}","[""https://cms-assets.youmind.com/media/1768890673086_xe89r2_G_DTY-kW0AAX35W.jpg""]","{""name"":""Özge Döner"",""url"":""https://x.com/astronomerozge1""}",https://x.com/astronomerozge1/status/2013341511480496169,"Chân dung, Nhóm người, Nhiếp ảnh, Điện ảnh, 3D, Sản phẩm, Nhân vật, Xe cộ, Thành phố, Văn bản, Logo, UI/UX"
100,Tiếp thị sản phẩm - Cảnh Đời Thường Cặp Đôi Đeo Khẩu Trang Chụp Tự Nhiên,"Một JSON prompt cực kỳ chi tiết để tạo ra một cảnh sinh hoạt đời thường chân thực đến siêu thực, tự nhiên về một cặp đôi trẻ đang đùa nghịch đắp mặt nạ màu xanh cho nhau trong một phòng tắm hiện đại, ấm cúng. Nó chỉ định tư thế, trang phục của các nhân vật (áo crop top màu đỏ, áo phông màu đen) và nhấn mạnh kết cấu da chân thực, bóng đổ tự nhiên và các ràng buộc giải phẫu chính xác.","{
  ""generation_request"": {
    ""meta_data"": {
      ""task_type"": ""photoreal_intimate_home_couple_playful_face_mask"",
      ""version"": ""v1.0_BATHROOM_COUPLE_RED_CROP_PAJAMA_NO_TEXT_EN"",
      ""priority"": ""highest"",
      ""language"": ""en""
    },
    ""output_settings"": {
      ""aspect_ratio"": ""4:5"",
      ""orientation"": ""portrait"",
      ""resolution_target"": ""ultra_high_res"",
      ""render_style"": ""ultra_photoreal_candid_lifestyle"",
      ""sharpness"": ""crisp_but_natural"",
      ""film_grain"": ""subtle"",
      ""color_grade"": ""warm_cozy_indoor_tones"",
      ""dynamic_range"": ""natural_not_hdr"",
      ""skin_rendering"": ""real_texture_no_retouch"",
      ""no_text"": true,
      ""no_logos"": true,
      ""no_watermarks"": true,
      ""no_ui"": true
    },
    ""creative_prompt"": {
      ""scene_summary"": ""Cảnh sinh hoạt đời thường chân thực, siêu thực trong phòng tắm ấm cúng tại nhà. Một cặp đôi trẻ đang đắp mặt nạ màu xanh cho nhau một cách vui đùa, mỉm cười và cười đùa. Người phụ nữ ngồi thoải mái trên bồn rửa mặt trong khi người đàn ông đứng gần trước mặt cô ấy. Khoảnh khắc thân mật, vui tươi, không mang tính tình dục trong gia đình. Không có chữ."",
      ""environment"": {
        ""location"": ""phòng tắm nhỏ hiện đại"",
        ""details"": ""bồn rửa mặt, mặt bàn, mép gương, ánh sáng trong nhà ấm áp"",
        ""lighting"": ""ánh sáng gia đình ấm áp dịu nhẹ, bóng đổ tự nhiên""
      },
      ""subjects"": {
        ""female_adult"": {
          ""wardrobe"": {
            ""top"": ""áo croptop hai dây màu đỏ"",
            ""bottom"": ""quần ngủ màu đỏ cùng bộ""
          },
          ""pose"": ""ngồi trên bồn rửa mặt, một chân hơi gập, tư thế thư giãn"",
          ""expression"": ""mỉm cười, vui tươi"",
          ""action"": ""nhẹ nhàng chạm vào mặt người đàn ông khi đắp mặt nạ""
        },
        ""male_adult"": {
          ""wardrobe"": {
            ""top"": ""áo phông đen"",
            ""bottom"": ""quần ngủ đen""
          },
          ""pose"": ""đứng gần bồn rửa mặt, hơi cúi người về phía trước"",
          ""expression"": ""mỉm cười, thích thú"",
          ""action"": ""để người phụ nữ đắp mặt nạ, ngôn ngữ cơ thể thư giãn""
        }
      },
      ""details_and_props"": {
        ""face_mask"": ""mặt nạ đất sét hoặc gel màu xanh đã được đắp một phần lên cả hai khuôn mặt"",
        ""interaction"": ""đặt tay tự nhiên, chạm nhẹ nhàng, điểm tiếp xúc chân thực""
      },
      ""anatomy_constraints"": {
        ""priority"": ""maximum"",
        ""requirements"": [
          ""tỷ lệ và đối xứng khuôn mặt tự nhiên"",
          ""bàn tay chính xác với năm ngón, khớp ngón tay chính xác"",
          ""không có chi bị biến dạng hoặc cổ tay bị xoắn"",
          ""tư thế ngồi và đứng chân thực"",
          ""không có bộ phận cơ thể lơ lửng""
        ]
      },
      ""camera_and_style_notes"": {
        ""shot_type"": ""cảnh cận trung thực"",
        ""camera_angle"": ""ngang tầm mắt hoặc hơi nghiêng"",
        ""lens_look"": ""góc nhìn đời thường 35mm-50mm"",
        ""mood"": ""khoảnh khắc gia đình thân mật, ấm cúng, vui tươi""
      }
    },
    ""negative_prompt"": [
      ""text"",
      ""letters"",
      ""w""
    ]
  }
}","[""https://cms-assets.youmind.com/media/1768890668009_r7ibtg_G_DAN3pWUAEn6zr.jpg""]","{""name"":""Özge Döner"",""url"":""https://x.com/astronomerozge1""}",https://x.com/astronomerozge1/status/2013320441406935172,"Chân dung, Nhóm người, Nhiếp ảnh, Điện ảnh, 3D, Sản phẩm, Nội thất, Nhân vật, Văn bản, Logo, UI/UX"
102,Tiếp thị sản phẩm - Lời nhắc tạo ảnh chân dung trượt patin với nền nhiệt đới,"Một JSON prompt rất chi tiết để tạo ra bức chân dung toàn thân của một phụ nữ khỏe mạnh mặc bộ bodysuit màu xám heather và tất sọc cao đến đầu gối, đang ngồi với giày patin 4 bánh. Nó chỉ định các chi tiết phức tạp trên khuôn mặt, màu tóc (balayage), tư thế (nghiêng người về phía trước, chỉnh tất) và môi trường (công viên/đường đi dạo ngoài trời với cây nhiệt đới mờ ảo và ánh sáng tự nhiên dịu nhẹ).","{
  ""prompt_type"": ""detailed_image_generation"",
  ""subject"": {
    ""demographics"": {
      ""gender"": ""Nữ"",
      ""age_range"": ""20s"",
      ""ethnicity"": ""Da trắng""
    },
    ""physique"": {
      ""body_type"": ""Vận động, săn chắc, thon gọn nhưng có đường cong quyến rũ"",
      ""pose"": ""Ngồi trên mép gờ bê tông trắng, hơi nghiêng người về phía trước từ eo. Hai tay đặt trên ống chân phải ngay dưới đầu gối, như thể đang chỉnh tất. Lưng hơi cong, làm nổi bật tư thế.""
    },
    ""face_details"": {
      ""shape"": ""Khuôn mặt trái xoan với đường quai hàm rõ nét"",
      ""skin_tone"": ""Nước da rám nắng nhẹ/hơi cháy nắng, mịn màng, đều màu"",
      ""eyes"": {
        ""color"": ""Xanh lam nhạt hoặc xanh lục (màu sáng)"",
        ""shape"": ""To, hình quả hạnh"",
        ""gaze"": ""Nhìn thẳng vào máy ảnh, mãnh liệt và quyến rũ"",
        ""makeup"": ""Hàng mi trên được định hình rõ nét, kẻ mắt tinh tế, phấn mắt tự nhiên""
      },
      ""brows"": ""Cong, được tỉa gọn gàng, độ dày vừa phải, màu nâu nhạt"",
      ""nose"": ""Sống mũi thẳng, đầu mũi thon gọn và thanh tú"",
      ""lips"": {
        ""shape"": ""Đầy đặn, đặc biệt là môi dưới"",
        ""color"": ""Hồng nude tím hoa cà nhẹ nhàng"",
        ""expression"": ""Hơi hé mở, thư giãn, gợi cảm"",
        ""finish"": ""Lì""
      },
      ""cheeks"": ""Gò má cao, tạo khối/đánh bronzer nhẹ nhàng để tạo đường nét""
    },
    ""hair"": {
      ""color"": ""Chân tóc màu nâu nhạt chuyển dần sang vàng mật ong và highlight bạch kim (balayage)"",
      ""length"": ""Dài, chạm giữa lưng"",
      ""texture"": ""Thẳng với độ bồng bềnh nhẹ"",
      ""style"": ""Buông xõa, chảy dài xuống lưng và qua vai trái""
    }
  },
  ""wardrobe"": {
    ""bodysuit"": {
      ""color"": ""{argument name=\""bodysuit color\"" default=\""Xám lông chuột\""}"",
      ""fabric"": ""Vải cotton jersey hoặc hỗn hợp spandex"",
      ""style"": ""Cổ khoét sâu, dây áo bản to kiểu tank-top, khoét hông cao để lộ hông, ôm sát cơ thể""
    },
    ""socks"": {
      ""color"": ""Trắng"",
      ""style"": ""Tất ống cao đến đầu gối"",
      ""details"": ""Hai sọc ngang màu hồng tươi rõ nét ở viền trên""
    },
    ""footwear"": {
      ""item"": ""Giày patin 4 bánh (Quad roller skates)"",
      ""color"": ""Giày bốt da trắng cổ điển"",
      ""details"": ""Đế gót gỗ màu nâu, trục bạc"",
      ""wheels"": ""Bánh xe polyurethane màu hồng tươi trong suốt"",
      ""toe_stop"": ""Cao su màu hồng tươi""
    }
  },
  ""environment"": {
    ""setting"": ""Công viên hoặc lối đi dạo ngoài trời"",
    ""background_objects"": {
      ""immediate"": ""Ghế hoặc tường bê tông trắng cong (bề mặt mịn)"",
      ""mid_ground"": ""Nền lát gạch/bê tông màu xám nhạt"",
      ""background"": ""Tán lá nhiệt đới mờ ảo, thân cây cọ, thấp thoáng các cấu trúc kiến trúc màu trắng""
    },
    ""lighting"": {
      ""type"": ""Ánh sáng tự nhiên dịu nhẹ ban ngày"",
      ""direction"": ""Chiếu sáng từ phía trước"",
      ""quality"": ""Khuếch tán (không có bóng đổ gắt trên mặt), có thể là trời nhiều mây hoặc bóng râm thoáng đãng""
    }
  },
  ""technical_specs"": {
    ""aspect_ratio"": ""4:5 (Chân dung dọc)"",
    ""camera_shot"": ""Toàn thân / Cận cảnh trung bình-dài"",
    ""depth_of_field"": ""Độ sâu trường ảnh nông (chủ thể sắc nét""
  }
}","[""https://cms-assets.youmind.com/media/1768890698052_re46fl_G_CxJ45W0AIPdj6.jpg""]","{""name"":""Artificial intelligence (Ai),Open Ai"",""url"":""https://x.com/Vishnudxe""}",https://x.com/Vishnudxe/status/2013303820986785863,"Chân dung, Nhiếp ảnh, Điện ảnh, Cổ điển, Sản phẩm, Nội thất, Nhân vật, Xe cộ, Thành phố, Văn bản, UI/UX"
103,Tiếp thị sản phẩm - Chân dung nhóm vận động viên thể dục dụng cụ siêu thực,"Một JSON prompt chi tiết để tạo ra bức chân dung nhóm siêu chân thực gồm ba nữ vận động viên trẻ mặc leotard thể dục dụng cụ trong một cơ sở tập luyện trong nhà. Nó chỉ định loại hình cơ thể, tư thế (quay lưng về phía máy ảnh, khoanh tay), màu tóc và chi tiết trang phục (tay áo lưới, đá đính) cho từng đối tượng, nhấn mạnh vẻ ngoài thể thao chuyên nghiệp với ánh sáng phòng tập dịu nhẹ.","{
  ""prompt_type"": ""chân dung nhóm vận động viên siêu chân thực"",
  ""subjects"": [
    {
      ""gender"": ""nữ"",
      ""age_range"": ""18-20"",
      ""position"": ""trái"",
      ""body_type"": ""vận động viên, phần thân dưới cơ bắp, chân khỏe"",
      ""stance"": ""đứng quay lưng về phía máy ảnh, thân hơi xoay sang trái, khoanh tay"",
      ""face"": {
        ""expression"": ""nụ cười tự tin nhẹ nhàng"",
        ""face_shape"": ""trái xoan tròn"",
        ""skin_tone"": ""da trắng sáng với tông ấm"",
        ""eyes"": ""màu sáng, nhìn thấy một phần do góc chụp"",
        ""nose"": ""nhỏ đến trung bình, thẳng"",
        ""lips"": ""độ đầy vừa phải, tông hồng tự nhiên""
      },
      ""hair"": {
        ""color"": ""tóc vàng nhạt"",
        ""style"": ""tóc lượn sóng nhẹ ngang vai"",
        ""part"": ""rẽ ngôi lệch nhẹ""
      },
      ""outfit"": {
        ""type"": ""áo liền quần thể dục dụng cụ"",
        ""color"": ""xanh navy đậm"",
        ""sleeves"": ""tay áo lưới dài"",
        ""details"": ""chi tiết đính đá nhỏ dọc tay áo"",
        ""fit"": ""ôm sát chuyên nghiệp kiểu vận động viên""
      }
    },
    {
      ""gender"": ""nữ"",
      ""age_range"": ""18-20"",
      ""position"": ""giữa"",
      ""body_type"": ""vận động viên, săn chắc, chân và mông cơ bắp"",
      ""stance"": ""quay lưng về phía máy ảnh, thân hơi xoay sang phải, khoanh tay"",
      ""face"": {
        ""expression"": ""nụ cười tươi tắn thân thiện"",
        ""face_shape"": ""trái xoan"",
        ""skin_tone"": ""da trắng sáng với tông trung tính"",
        ""eyes"": ""màu sáng, nhìn rõ"",
        ""nose"": ""sống mũi thẳng, đầu mũi tròn mềm mại"",
        ""lips"": ""đầy đặn vừa phải, hồng tự nhiên""
      },
      ""hair"": {
        ""color"": ""tóc vàng óng"",
        ""style"": ""tóc lượn sóng dài"",
        ""part"": ""rẽ ngôi giữa""
      },
      ""outfit"": {
        ""type"": ""áo liền quần thể dục dụng cụ"",
        ""color"": ""trắng"",
        ""sleeves"": ""tay áo lưới mỏng dài"",
        ""back_design"": ""lưng hở với dây đan chéo"",
        ""fit"": ""ôm sát chuyên nghiệp kiểu vận động viên""
      }
    },
    {
      ""gender"": ""nữ"",
      ""age_range"": ""18-20"",
      ""position"": ""phải"",
      ""body_type"": ""vận động viên, chân khỏe, vóc dáng săn chắc"",
      ""stance"": ""quay lưng về phía máy ảnh, thân xoay sang trái, khoanh tay"",
      ""face"": {
        ""expression"": ""nụ cười rạng rỡ vui vẻ"",
        ""face_shape"": ""trái xoan với đường hàm mềm mại"",
        ""skin_tone"": ""da trắng sáng với tông lạnh-trung tính"",
        ""eyes"": ""màu sáng"",
        ""nose"": ""trung bình, thẳng"",
        ""lips"": ""độ đầy vừa phải, tông tự nhiên""
      },
      ""hair"": {
        ""color"": ""nâu nhạt"",
        ""style"": ""tóc thẳng dài"",
        ""part"": ""rẽ ngôi lệch""
      },
      ""outfit"": {
        ""type"": ""áo liền quần thể dục dụng cụ"",
        ""color"": ""xanh navy đậm"",
        ""sleeves"": ""tay áo lưới dài"",
        ""details"": ""điểm nhấn đính đá tinh tế"",
        ""fit"": ""ôm sát chuyên nghiệp kiểu vận động viên""
      }
    }
  ],
  ""environment"": {
    ""location"": ""cơ sở tập luyện thể dục dụng cụ trong nhà"",
    ""floor"": ""sàn""
  }
}","[""https://cms-assets.youmind.com/media/1768890669194_y6ks87_G_CwsPoaoAMeCSP.jpg""]","{""name"":""Artificial intelligence (Ai),Open Ai"",""url"":""https://x.com/Vishnudxe""}",https://x.com/Vishnudxe/status/2013303311441764803,"Chân dung, Nhóm người, Sản phẩm, Nhân vật, Thời trang, UI/UX"
106,Tiếp thị sản phẩm - Chân Dung Thời Trang Cao Cấp Siêu Thực Với Hiệu Ứng Bò,"Một lời nhắc rất chi tiết cho Nano Banana Pro, tập trung vào việc tạo ra một bức chân dung biên tập thời trang cao cấp, siêu thực của một người phụ nữ trong tư thế bò thấp, truyền tải sự căng thẳng săn mồi. Nó nhấn mạnh tính chân thực cực cao trong kết cấu da, giải phẫu tự nhiên, ánh sáng studio điện ảnh (ánh sáng chính mềm, ánh sáng viền mạnh) và thời trang avant-garde với kết cấu vải và lông vũ chi tiết.","Chân dung biên tập thời trang cao cấp siêu thực.
Một phụ nữ trẻ được chụp trong tư thế bò thấp, nghiêng người về phía trước, cơ thể đặt chéo khung hình, truyền tải sự thống trị có kiểm soát và căng thẳng săn mồi. Một tay đặt vững chắc trên sàn studio, các ngón tay xòe tự nhiên dưới sức nặng; tay còn lại giơ cao gần mặt, tạo thành một cử chỉ sắc nhọn, giống như móng vuốt, tinh tế đóng khung đôi mắt mà không làm biến dạng. Biểu cảm của cô ấy quyến rũ nhưng đầy đe dọa — đôi mắt hé mở với ánh nhìn nặng nề, có chủ ý, môi hơi hé, cơ mặt thư giãn nhưng có chủ đích. Cấu trúc khuôn mặt sắc nét được thể hiện với tỷ lệ tự nhiên, đường nét xương rõ ràng, sự bất đối xứng chân thực và kết cấu da thật: lỗ chân lông, những khuyết điểm nhỏ, chuyển màu mềm mại, không làm mịn nhân tạo.
Mái tóc dài, thẳng với tóc mái bằng, hơi không đều và tự nhiên, bóng mượt nhưng không giả tạo, từng sợi tóc bắt sáng.
Phong cách thời trang tiên phong: quần ôm vừa vặn với đường may chính xác và độ căng vải chân thực; cánh tay được quấn bằng các yếu tố lông vũ hoặc có kết cấu lông thú thể hiện từng sợi riêng lẻ, mật độ không đều và chiều sâu xúc giác, tách biệt rõ ràng với da.
Ánh sáng: thiết lập studio điện ảnh — ánh sáng chính mềm mại từ phía trên phía trước định hình các mặt của khuôn mặt, ánh sáng viền mạnh từ phía sau để tạo đường nét hình bóng, bóng đổ sâu có kiểm soát với độ tương phản cao, không chiếu sáng phẳng.
Máy ảnh: góc nhìn biên tập thời trang, tiêu cự 50–85mm, độ sâu trường ảnh nông, lấy nét sắc nét vào mắt và tay, độ chuyển mờ tinh tế trên khắp cơ thể.
Phông nền studio tối giản với độ chuyển màu tối hoặc tông màu đơn sắc, sạch sẽ và không gây xao nhãng, làm nổi bật tư thế điêu khắc.
Tâm trạng tổng thể: tối, quyến rũ, năng lượng biên tập Vogue thời trang cao cấp — mạnh mẽ, gợi cảm, đe dọa, dựa trên chủ nghĩa hiện thực.
Chi tiết cực cao, chủ nghĩa hiện thực nhiếp ảnh, giải phẫu tự nhiên, chất lượng biên tập thời trang chuyên nghiệp, độ rõ nét 8K.
--ar 9:16 --v 6 --style raw --s 250
🚫 LỜI NHẮC TIÊU CỰC:
thêm ngón tay, bàn tay dính liền hoặc biến dạng, giải phẫu không chính xác, khớp bị biến dạng, tỷ lệ phóng đại, da nhựa, kết cấu quá mịn, ánh sáng phẳng, độ tương phản thấp, hoạt hình, anime, giao diện CGI, mờ, chi tiết thấp, tư thế khó xử hoặc không thể","[""https://cms-assets.youmind.com/media/1768890709710_4q0uuk_G_CqgkRXwAANPJ6.jpg""]","{""name"":""Anissa"",""url"":""https://x.com/SimplyAnnisa""}",https://x.com/SimplyAnnisa/status/2013296513519346097,"Chân dung, Nhiếp ảnh, Điện ảnh, 3D, Anime, Tối giản, Sản phẩm, Thời trang"
111,Hình ảnh chính thương mại điện tử - Gợi ý tạo ảnh ghép trực quan hóa sản phẩm chuông cửa thông minh,"Một lời nhắc chi tiết, có cấu trúc dành cho Nano Banana Pro được thiết kế để tạo ra một ảnh ghép trực quan hóa quảng cáo đa khung cho một chuông cửa thông minh. Nó chỉ định các tính năng của sản phẩm, xác định chín khung hình riêng biệt (Hero Shot, Close Up, Brand Environment, In Use, Isometric Grid, Levitating, Detail Extreme, Editorial Unexpected, Wide Use Scenario) và đặt các thông số kiểu máy ảnh như bảng màu và tâm trạng.","{
  ""ProductReference"": ""{argument name=""Product Features"" default=""Chuông cửa thông minh với nhận diện khuôn mặt, âm thanh hai chiều, nhìn đêm, phát hiện chuyển động, chống chịu thời tiết, thiết kế đẹp mắt, điều khiển qua ứng dụng""}"",
  ""Frame1_HeroShot"": {
    ""Product"": ""Chuông cửa gắn trên lối vào, ống kính đặt chính giữa"",
    ""Background"": ""Lối vào hiện đại màu xám liền mạch""
  },
  ""Frame2_CloseUp"": {
    ""Focus"": ""Độ rõ nét của ống kính camera, lưới micro, cơ chế nút bấm, gioăng chống thấm thời tiết, đèn báo LED, giá đỡ""
  },
  ""Frame3_BrandEnvironment"": {
    ""Setting"": ""Thẩm mỹ lối vào nhà thông minh, an ninh hiện đại"",
    ""Props"": {
      ""Background"": ""Kết cấu cửa trước"",
      ""Surface"": ""Khu vực hiên nhà""
    }
  },
  ""Frame4_InUse"": {
    ""Interaction"": ""Chủ nhà nhận thông báo trên điện thoại, cử chỉ trò chuyện hai chiều"",
    ""Styling"": ""Tương tác an ninh nhà thông minh""
  },
  ""Frame5_IsometricGrid"": {
    ""Count"": ""Chuông cửa với màn hình giao diện ứng dụng"",
    ""Arrangement"": ""Hệ thống lối vào thông minh""
  },
  ""Frame6_Levitating"": {
    ""Concept"": ""Chuông cửa lơ lửng với hình ảnh trực quan hóa vùng an ninh""
  },
  ""Frame7_DetailExtreme"": {
    ""Focus"": ""Cảm biến nhận diện khuôn mặt, chất lượng micro, đầu ra loa, pin dự phòng, ăng-ten WiFi, phạm vi cảm biến chuyển động""
  },
  ""Frame8_EditorialUnexpected"": {
    ""Concept"": ""Chuông cửa như người bảo vệ ngôi nhà, hình ảnh trực quan hóa mạng lưới an ninh"",
    ""Materials"": ""Hệ sinh thái an ninh thông minh""
  },
  ""Frame9_WideUseScenario"": {
    ""Location"": ""Lối vào nhà thông minh hoàn chỉnh với an ninh"",
    ""Props"": [""Khóa thông minh"", ""Đèn lối vào"", ""Thảm chùi chân"", ""Chậu cây"", ""Phụ kiện cửa"", ""Camera an ninh""]
  },
  ""CameraStyle"": {
    ""ColorPalette"": ""Chuông cửa màu đen, ống kính camera màu xanh lam, đèn LED, màu cửa"",
    ""Mood"": ""An ninh thông minh, lối vào nhà, tiện nghi hiện đại""
  }
}","[""https://cms-assets.youmind.com/media/1768890714990_8c7kb2_G_ATVFcXAAAsNMj.jpg""]","{""name"":""松果先森"",""url"":""https://x.com/songguoxiansen""}",https://x.com/songguoxiansen/status/2013130384897421728,"Chân dung, Nhiếp ảnh, Sản phẩm, Nhân vật, Logo"
116,Hình ảnh chính thương mại điện tử - Gợi ý chụp ảnh sản phẩm khám phá thế giới vi mô,"Một lời nhắc sáng tạo cho nhiếp ảnh sản phẩm, biến một sản phẩm tiêu chuẩn thành một cấu trúc khổng lồ trong một thế giới thu nhỏ. Nó hướng dẫn AI tạo ra những người tí hon tương tác với sản phẩm quá khổ bằng cách sử dụng thang và lối đi, nhấn mạnh sự tương phản về tỷ lệ, làn sương khí quyển mềm mại và phong cách kể chuyện vừa vui tươi vừa cao cấp.","[PRODUCT] biến đổi thành một cấu trúc khổng lồ trong thế giới thu nhỏ, những người tí hon tương tác với nó, thang, lối đi, sự tương phản về tỷ lệ, màn sương khí quyển mềm mại, cách kể chuyện vừa vui tươi vừa cao cấp.","[""https://cms-assets.youmind.com/media/1768804256685_aueevn_G-8IOTmXIAAQWhR.jpg"",""https://cms-assets.youmind.com/media/1768804257070_4femui_G-8IWV3XUAAC85c.jpg"",""https://cms-assets.youmind.com/media/1768804258197_7qntmy_G-8IXb_XsAAKiwP.jpg"",""https://cms-assets.youmind.com/media/1768804257680_nthi9r_G-8IUNuWAAAtuHv.jpg""]","{""name"":""Aleena Amir"",""url"":""https://x.com/aleenaamiir""}",https://x.com/aleenaamiir/status/2012837083627319764,"Nhiếp ảnh, Sản phẩm, UI/UX"
121,Hình ảnh chính thương mại điện tử - Mô hình sản phẩm Hanbok Hàn Quốc cao cấp (Trải phẳng đối xứng),"Một lời nhắc rất cụ thể được thiết kế để tạo ra mô hình sản phẩm sang trọng của các món đồ Hanbok truyền thống của Hàn Quốc theo bố cục phẳng, cân đối, đặt chính giữa. Nó yêu cầu một nền trắng tinh, liền mạch và mô tả tỉ mỉ vị trí, màu sắc và kết cấu của từng món đồ, từ chiếc Jeogori lụa đỏ thẫm ở trung tâm đến các phụ kiện xung quanh như Bokjumeoni và Binyeo, nhằm mục đích tạo ra một phong cách chụp ảnh thương mại biên tập, cân bằng.","Một mockup sản phẩm Hanbok (한복) truyền thống Hàn Quốc sang trọng với bố cục cân bằng hoàn hảo ở giữa trên nền trắng liền mạch.

VẢI BỐ & NỀN - QUAN TRỌNG:
- Nền trắng vô cực liền mạch lấp đầy toàn bộ khung hình từ cạnh này sang cạnh kia
- Nền mở rộng từ góc này sang góc kia không có đường viền rõ ràng
- Tông màu trắng ấm (#FFFAF5) sạch sẽ, liên tục, đồng nhất trên toàn bộ vải bố
- Không có hiệu ứng tối góc (vignetting), không giảm sáng, không tối ở các cạnh
- Cả bốn góc có màu sắc và độ sáng giống hệt nhau
- Phơi sáng đều trên toàn bộ hình ảnh từ trái sang phải, từ trên xuống dưới
BỐ CỤC - BỐ TRÍ ĐỐI XỨNG Ở GIỮA:
- Căn chỉnh trục giữa hoàn hảo
- Trọng lượng hình ảnh cân bằng ở hai bên trái và phải
- Sản phẩm được sắp xếp theo cấu trúc phân cấp hình tam giác
- Khoảng cách tối thiểu 10% giữa sản phẩm và các cạnh khung hình
HÀNG SAU (Trên cùng, giữa):
- GIỮA-SAU: Hộp quà màu đen mờ với viền Dancheong màu vàng, hoa sen (연꽃문) dập nổi, chữ ""한스타일 Hstyle"" màu vàng
- TRÁI-SAU: Túi mua sắm màu kem với biểu tượng Taegeuk màu vàng
- PHẢI-SAU: Hộp mở ra để lộ lớp lót lụa màu kem với họa tiết chim hạc vàng
HÀNG GIỮA (Trung tâm, nổi bật):
- CHÍNH GIỮA: Áo Hanbok Jeogori (저고리) lụa đỏ thẫm với thêu hoa mẫu đơn vàng trên vải lụa màu kem, tay áo xòe đối xứng, cổ áo trắng (동정) lộ rõ
HÀNG TRƯỚC (Cách đều):
- TRÁI: Quạt truyền thống (부채) với hoa mận
- GIỮA-TRÁI: Cành hoa mận
- GIỮA: Túi Bokjumeoni (복주머니) màu xanh hoàng gia với chữ 福 màu vàng
- GIỮA-PHẢI: Trâm cài Binyeo (비녀) màu vàng trên đệm kem
- PHẢI: Cành hoa mận
ÁNH SÁNG:
- Ánh sáng khuếch tán mềm mại từ trên cao
- Chiếu sáng đều bao gồm tất cả các góc và cạnh
- Không có bóng đổ định hướng về phía các cạnh khung hình
- Độ sáng nhất quán trên toàn bộ khung hình
MÁY ẢNH:
- Chụp thẳng, máy ảnh căn giữa hoàn hảo
- Tỷ lệ khung hình 4:5
- Sản phẩm được bố cục với khoảng cách an toàn từ tất cả các cạnh
- Nền phủ toàn bộ khung hình
PHONG CÁCH: Sang trọng cân bằng, mang tính biên tập, di sản Hàn Quốc, chụp ảnh sản phẩm thương mại
Negative prompt: tối góc (vignetting), góc tối, nền không đều, cạnh bị cắt, giảm sáng gradient, cạnh nền hiển thị, ánh sáng không nhất quán ở các đường viền
Chữ ký viết tay ""Willy"" đầy phong cách bằng chữ vàng nhỏ ở góc dưới bên phải.","[""https://cms-assets.youmind.com/media/1768717573973_la4jzd_G-3I-OnXgAAXBks.jpg""]","{""name"":""Willy"",""url"":""https://x.com/jw660227""}",https://x.com/jw660227/status/2012485594723848458,"Sản phẩm, Nhân vật, Văn bản"
122,Hình ảnh chính thương mại điện tử - Nhiếp ảnh bắn tung tóe cà phê và sô cô la siêu điện ảnh,"Một JSON prompt cực kỳ chi tiết để tạo ra hình ảnh dọc, siêu điện ảnh về các yếu tố cà phê lơ lửng giữa không trung, được thiết kế cho quảng cáo quán cà phê cao cấp. Nó chỉ định các hạt cà phê đổ xuống, sô cô la bonbon nổi, nghệ thuật latte xoáy và những giọt sữa cùng espresso đông cứng, sử dụng ánh sáng studio tương phản cao đầy kịch tính và chi tiết chụp ảnh macro để đạt được sự siêu thực.","{
  ""composition"": {
    ""orientation"": ""vertical"",
    ""style"": ""ultra-cinematic"",
    ""scene_type"": ""các yếu tố lơ lửng giữa không trung"",
    ""depth_of_field"": ""độ sâu trường ảnh nông kiểu điện ảnh""
  },
  ""subject"": {
    ""main_elements"": [
      ""hạt cà phê rang chảy tràn"",
      ""sô cô la bonbon lơ lửng"",
      ""tách cà phê lơ lửng giữa không trung với nghệ thuật latte xoáy"",
      ""những giọt sữa bắn tung tóe đóng băng trong chuyển động"",
      ""những giọt espresso bắn tung tóe đóng băng trong chuyển động"",
      ""bột cà phê mịn bay lất phất trong không khí""
    ],
    ""motion_state"": ""nhiếp ảnh bắn tung tóe hành động đóng băng""
  },
  ""color_palette"": {
    ""primary_colors"": [
      ""nâu cà phê đậm"",
      ""kem ấm"",
      ""đen espresso""
    ],
    ""background"": ""đen nhung sâu""
  },
  ""lighting"": {
    ""type"": ""ánh sáng studio tương phản cao ấn tượng"",
    ""highlights"": ""phản chiếu bóng bẩy trên chất lỏng"",
    ""shadows"": ""bóng tối sâu kiểu điện ảnh""
  },
  ""texture_detail"": {
    ""liquids"": [
      ""những giọt sữa bắn tung tóe bóng bẩy"",
      ""những giọt espresso bắn tung tóe bóng bẩy"",
      ""bọt crema với chi tiết siêu nhỏ""
    ],
    ""solids"": [
      ""hạt cà phê rang mờ"",
      ""bề mặt sô cô la bonbon mịn màng"",
      ""bột cà phê hạt mịn""
    ]
  },
  ""photography_style"": {
    ""genre"": ""quảng cáo quán cà phê cao cấp"",
    ""aesthetic"": ""nhiếp ảnh bắn tung tóe kiểu biên tập"",
    ""clarity"": ""sắc nét siêu chi tiết""
  },
  ""camera"": {
    ""camera_model"": ""Nikon D850 (ảo)"",
    ""lens"": ""macro 105mm"",
    ""aperture"": ""f/4.0"",
    ""focus"": ""chủ thể sắc nét với hậu cảnh mờ dần""
  },
  ""render_quality"": {
    ""detail_level"": ""siêu chi tiết"",
    ""realism"": ""chân thực như ảnh"",
    ""finish"": ""sản phẩm thương mại cao cấp""
  }
}","[""https://cms-assets.youmind.com/media/1768631177621_l8dp06_G-0YhclaQAEgsW-.jpg"",""https://cms-assets.youmind.com/media/1768631177668_8j4gck_G-0YhemaQAAlZOq.jpg""]","{""name"":""Sharon Riley"",""url"":""https://x.com/Just_sharon7""}",https://x.com/Just_sharon7/status/2012291576119312710,"Nhiếp ảnh, Điện ảnh, 3D, Sản phẩm, Nhân vật, Văn bản, UI/UX"
123,Hình ảnh chính thương mại điện tử - Bộ Sưu Tập Sô Cô La Cao Cấp 2x2,"Một lời nhắc có cấu trúc để tạo ảnh ghép lưới 2x2 gồm các bức ảnh ẩm thực chuyên nghiệp có độ phân giải cao tập trung vào sô cô la hảo hạng. Mỗi ô thể hiện một khía cạnh khác nhau của sô cô la (thanh, kẹo truffle, sô cô la fondue và quy trình làm), chỉ định ánh sáng (ánh sáng studio mềm, khuếch tán) và bảng màu (màu nâu đậm, đỏ thẫm) để tạo ra một tâm trạng sang trọng và hấp dẫn.","{
  ""image_metadata"": {
    ""title"": ""Bộ Sưu Tập Sô-cô-la Cao Cấp"",
    ""layout"": ""Bố cục lưới bốn ô (ảnh ghép 2x2)"",
    ""theme"": ""Nghệ thuật ẩm thực và bánh kẹo"",
    ""image_type"": ""Ảnh chụp thực phẩm chuyên nghiệp độ phân giải cao""
  },
  ""panels"": [
    {
      ""position"": ""top_left"",
      ""subject"": ""Thanh Sô-cô-la Đen Thủ Công"",
      ""details"": {
        ""base"": ""Hai thanh sô-cô-la đen dày"",
        ""toppings"": [""Hạnh nhân nguyên hạt"", ""Nửa quả óc chó"", ""Nam việt quất sấy khô"", ""Hạt điều""],
        ""surface"": ""Mặt bàn gỗ mộc mạc đã phong hóa"",
        ""composition"": ""Ảnh cận cảnh góc nghiêng làm nổi bật kết cấu""
      }
    },
    {
      ""position"": ""top_right"",
      ""subject"": ""Hộp Kẹo Sô-cô-la Truffle Tổng Hợp"",
      ""details"": {
        ""packaging"": ""Hộp quà màu nâu sẫm trang nhã với đế màu kem"",
        ""varieties"": [
          ""Sô-cô-la sữa xoắn ốc"",
          ""Kẹo truffle sô-cô-la trắng sọc"",
          ""Viên sô-cô-la đen phủ bột ca cao"",
          ""Miếng vuông điểm lá vàng"",
          ""Kẹo praline phủ hạt phỉ""
        ],
        ""quantity"": ""12 miếng thủ công có thể nhìn thấy trong từng khay giấy riêng""
      }
    },
    {
      ""position"": ""bottom_left"",
      ""subject"": ""Tháp Sô-cô-la Fondue"",
      ""details"": {
        ""fountain"": ""Tháp nhiều tầng bằng thép không gỉ với sô-cô-la sữa chảy"",
        ""dipping_items"": [""{argument name=\""dipping item 1\"" default=\""Dâu tây đỏ tươi\""}"", ""{argument name=\""dipping item 2\"" default=\""Kẹo dẻo marshmallow trắng và hồng bông xốp\""}""],
        ""background"": ""Nền bokeh (làm mờ) mềm mại hiển thị thêm các món ăn vặt khác"",
        ""vibe"": ""Bữa tiệc tráng miệng hoặc tiệc buffet sang trọng""
      }
    },
    {
      ""position"": ""bottom_right"",
      ""subject"": ""Quy Trình Làm Sô-cô-la"",
      ""details"": {
        ""person"": ""Đầu bếp mặc đồng phục ẩm thực chuyên nghiệp màu trắng"",
        ""action"": ""Đổ sô-cô-la lỏng đã được tôi luyện từ bình kim loại vào khuôn polycarbonate trong suốt"",
        ""equipment"": [""Khuôn sô-cô-la"", ""Bát trộn"", ""Bàn bếp chuyên nghiệp""],
        ""focus"": ""Sự chính xác và kỹ năng thủ công trong việc tôi luyện sô-cô-la""
      }
    }
  ],
  ""aesthetic_summary"": {
    ""lighting"": ""Ánh sáng studio mềm mại, khuếch tán để tăng cường kết cấu thực phẩm"",
    ""color_scheme"": ""Màu nâu đậm, đỏ thẫm, trắng kem và tông màu gỗ ấm áp"",
    ""overall_mood"": ""Thỏa mãn, tinh tế và hấp dẫn""
  }
}","[""https://cms-assets.youmind.com/media/1768631150315_8xogzk_G-y5TM2agAA8q6n.jpg""]","{""name"":""Bahar azam"",""url"":""https://x.com/BaharAzamm561""}",https://x.com/BaharAzamm561/status/2012186879136035098,"Chân dung, Nhiếp ảnh, Điện ảnh, Đồ ăn, Nhân vật, Xe cộ, UI/UX"
125,Tài sản trò chơi - Chuyển đổi phong cách kết xuất trò chơi điện tử đầu những năm 2000,"Một lời nhắc văn bản được thiết kế để biến đổi một hình ảnh nhất định thành phong cách thẩm mỹ của kết xuất trò chơi điện tử đầu những năm 2000, đặc biệt là mô phỏng giao diện kết xuất của Maya 4.0. Nó tập trung vào hình học đa giác thấp (low-poly), kết cấu độ phân giải thấp (low-resolution textures) và các hiệu ứng khí quyển như sương mù che phủ các vật thể ở xa, đồng thời tránh rõ ràng các phong cách pixel art hoặc voxel.","Đa giác thấp, kết cấu độ phân giải thấp
- Các vật thể ở xa được đơn giản hóa và làm mờ
- Tránh các lỗi như pixel art và voxels
- Dựa trên kết xuất Maya 4.0","[""https://cms-assets.youmind.com/media/1768890735407_gwm2z0_G_B_Z9fXAAAZLep.jpg"",""https://cms-assets.youmind.com/media/1768890735785_lglk0f_G_B_hMaW8AAjgyt.jpg""]","{""name"":""fofr"",""url"":""https://x.com/fofrAI""}",https://x.com/fofrAI/status/2013250137661817194,"3D, Pixel, Xe cộ, Văn bản, Trò chơi"
126,Tài sản trò chơi - Tạo bản vẽ xoay vòng nhân vật,"Một lời nhắc văn bản đơn giản được sử dụng với Nano Banana Pro để tạo một bảng xoay ba góc nhìn (trước, bên, sau) của một nhân vật dựa trên hình ảnh nguồn được tải lên, tạo bằng Stable Diffusion. Điều này cho thấy cách nhanh chóng tạo tài sản thiết kế nhân vật.",Vui lòng tạo một bản vẽ xoay ba chiều cho cô gái đính kèm.,"[""https://cms-assets.youmind.com/media/1768890724152_s82h0m_G-_fDj1XYAAA2J-.jpg""]","{""name"":""Kuchan"",""url"":""https://x.com/kuchan5963""}",https://x.com/kuchan5963/status/2013072871703429311,"Minh họa, Nhân vật, Trò chơi, UI/UX"
130,Tài sản trò chơi - Lời nhắc Toàn cảnh Equirectangular 360 độ,"Một lời nhắc rất kỹ thuật được thiết kế để tạo ra hình ảnh toàn cảnh hình chữ nhật 360 độ liền mạch, được tối ưu hóa cho ánh sáng và bố cục nhất quán trên toàn bộ khung nhìn hình cầu. Nó chỉ định một cảnh lịch sử và bao gồm các quy tắc để ngăn chặn các tạo tác hình ảnh như đường nối hoặc bóng định hướng, làm cho nó lý tưởng cho môi trường thực tế ảo.","[SCENE] = {argument name=""scene description"" default=""Thành Troy, Anatolia, khoảng thế kỷ 12 TCN. Những khoảnh khắc sau khi ngựa thành Troy được kéo vào bên trong tường thành.""}

Tạo ảnh toàn cảnh 360 độ hình chữ nhật đều (equirectangular) với tỷ lệ khung hình 21:9.
Kết xuất cảnh dưới dạng ảnh toàn cảnh hình cầu đầy đủ với phép chiếu hình chữ nhật đều chính xác.
Thiết lập toàn bộ môi trường nghiêm ngặt dựa trên [SCENE].
Đặt camera ở chính giữa cảnh với góc nhìn cố định.
Thiết kế môi trường như một thế giới liên tục, hình tròn, không có cạnh trái hoặc phải.
Đảm bảo các cạnh ngang đầu tiên và cuối cùng khớp hoàn hảo.
Phân bổ kiến trúc, con người và vật thể đều khắp khung nhìn 360° đầy đủ.
Sử dụng ánh sáng, vật liệu và hành vi vật lý thực tế.
Giữ nét sắc nét trên toàn bộ ảnh toàn cảnh.
Sử dụng ánh sáng ban ngày tự nhiên đồng đều, không có hướng sáng chủ đạo.
Đảm bảo cường độ và màu sắc ánh sáng nhất quán trên toàn bộ ảnh toàn cảnh 360°.
Xem môi trường được chiếu sáng bởi một vòm trời khuếch tán đều thay vì một nguồn sáng mặt trời duy nhất.
Áp dụng bóng đổ mềm toàn cầu không ưu tiên bất kỳ hướng ngang nào.
Tránh các gradient ánh sáng mặt trời định hướng có thể gây ra sự không khớp ánh sáng đường nối.
Tránh các yếu tố hiện đại, lớp phủ UI, đường viền, khung, chế độ xem cắt xén, phong cách giả tưởng hoặc các đường nối toàn cảnh bị hỏng.","[""https://cms-assets.youmind.com/media/1768804204059_0knjxw_G-6FROjXwAAhlGv.jpg"",""https://cms-assets.youmind.com/media/1768804204223_htd648_G-6FhchXQAAg2v9.jpg"",""https://cms-assets.youmind.com/media/1768804204700_mp84c0_G-6FROdXEAA5Ebi.jpg"",""https://cms-assets.youmind.com/media/1768804205830_ybuinq_G-3jkdbWIAA-73-.jpg"",""https://cms-assets.youmind.com/media/1768804205613_2j0lcg_G-3iiIrWsAEbmso.jpg""]","{""name"":""Aimi Kōda"",""url"":""https://x.com/aimikoda""}",https://x.com/aimikoda/status/2012694679628677523,"Nhiếp ảnh, Nội thất, Xe cộ, Văn bản, Trò chơi, UI/UX"